invno,invdate,ccode,cname,is_return,line_no,pcode,pname,pack_name,qty,free_qty,uprice,disc_pcent,disc_amt,line_gross
1,2025-12-03,51,NEW KAKAR AUTOS PIDC,N,1,51,ZIP Spoke 300-17 Long Nipple,Pack,40,0,340,0,0,13600
2,2025-12-03,51,NEW KAKAR AUTOS PIDC,N,1,45,Dachi Engine Oil 700 ML Carton (RED),Pack,11,0,4400,0,0,48400
3,2025-12-04,51,NEW KAKAR AUTOS PIDC,N,1,47,ZIP 1 CHAIN KIT RED 38-15 CD-70,Pack,10,0,1300,0,0,13000
4,2025-12-04,25,AZAN AUTO BADIN,N,1,48,ZIP 1 CHAIN KIT RED 41-14 CD-70,Pack,60,0,1200,0,0,72000
5,2025-12-04,67,JAMEEL AUTOS LEE MARKET,N,1,48,ZIP 1 CHAIN KIT RED 41-14 CD-70,Pack,20,0,1300,0,0,26000
6,2025-12-04,25,AZAN AUTO BADIN,N,1,51,ZIP Spoke 300-17 Long Nipple,Pack,80,0,337.5,0,0,27000
7,2025-12-04,23,AMJAD NOOR,N,1,51,ZIP Spoke 300-17 Long Nipple,Pack,40,0,375,0,0,15000
9,2025-12-05,68,ARIF AUTOS LANDHI,N,1,46,ZIP 1 CHAIN KIT GOLD 38-15 CD-70,Pack,10,0,1400,0,0,14000
10,2025-12-05,60,RIZWAN SUPPLIER KORANGI,N,1,46,ZIP 1 CHAIN KIT GOLD 38-15 CD-70,Pack,10,0,1400,0,0,14000
10,2025-12-05,60,RIZWAN SUPPLIER KORANGI,N,2,47,ZIP 1 CHAIN KIT RED 38-15 CD-70,Pack,10,0,1300,0,0,13000
11,2025-12-05,37,HANIF SUPPLIER,N,1,46,ZIP 1 CHAIN KIT GOLD 38-15 CD-70,Pack,20,0,1350,0,0,27000
11,2025-12-05,37,HANIF SUPPLIER,N,2,47,ZIP 1 CHAIN KIT RED 38-15 CD-70,Pack,50,0,1250,0,0,62500
12,2025-12-05,89,WAQAS TYRE TUBE ISLAM CHOWK,N,1,51,ZIP Spoke 300-17 Long Nipple,Pack,40,0,335,0,0,13400
13,2025-12-05,46,MARHABA AUTOS ORANGI DUA CHOWK,N,1,51,ZIP Spoke 300-17 Long Nipple,Pack,40,0,330,0,0,13200
14,2025-12-05,57,RANA AUTOS LANDHI,N,1,46,ZIP 1 CHAIN KIT GOLD 38-15 CD-70,Pack,10,0,1400,0,0,14000
15,2025-12-05,70,UNIQUE AUTOS LANDHI,N,1,46,ZIP 1 CHAIN KIT GOLD 38-15 CD-70,Pack,10,0,1400,0,0,14000
16,2025-12-05,60,RIZWAN SUPPLIER KORANGI,N,1,51,ZIP Spoke 300-17 Long Nipple,Pack,80,0,375,0,0,30000
17,2025-12-06,34,F.A AUTOS THATTA,N,1,46,ZIP 1 CHAIN KIT GOLD 38-15 CD-70,Pack,10,0,1400,0,0,14000
17,2025-12-06,34,F.A AUTOS THATTA,N,2,48,ZIP 1 CHAIN KIT RED 41-14 CD-70,Pack,10,0,1300,0,0,13000
18,2025-12-06,69,WAQAS AUTOS ISLAM CHOWK,N,1,46,ZIP 1 CHAIN KIT GOLD 38-15 CD-70,Pack,10,0,1400,0,0,14000
19,2025-12-06,46,MARHABA AUTOS ORANGI DUA CHOWK,N,1,46,ZIP 1 CHAIN KIT GOLD 38-15 CD-70,Pack,10,0,1400,0,0,14000
20,2025-12-08,25,AZAN AUTO BADIN,N,1,47,ZIP 1 CHAIN KIT RED 38-15 CD-70,Pack,30,0,1200,0,0,36000
21,2025-11-15,57,RANA AUTOS LANDHI,N,1,51,ZIP Spoke 300-17 Long Nipple,Pack,120,0,342.5,0,0,41100
22,2025-11-15,37,HANIF SUPPLIER,N,1,50,ZIP Spoke 2.50-17,Pack,28,0,292,0,0,8176
22,2025-11-15,37,HANIF SUPPLIER,N,2,51,ZIP Spoke 300-17 Long Nipple,Pack,28,0,355,0,0,9940
23,2025-11-15,34,F.A AUTOS THATTA,N,1,50,ZIP Spoke 2.50-17,Pack,12,0,305,0,0,3660
23,2025-11-15,34,F.A AUTOS THATTA,N,2,51,ZIP Spoke 300-17 Long Nipple,Pack,12,0,330,0,0,3960
24,2025-11-20,58,RAZA AUTOS KORANGI,N,1,50,ZIP Spoke 2.50-17,Pack,80,0,320,0,0,25600
24,2025-11-20,58,RAZA AUTOS KORANGI,N,2,51,ZIP Spoke 300-17 Long Nipple,Pack,80,0,390,0,0,31200
25,2025-11-26,51,NEW KAKAR AUTOS PIDC,N,1,44,Dachi Engine Oil 700 ML Carton (BLACK),Pack,2,0,3600,0,0,7200
26,2025-11-26,74,B.S QAZI AHMED,N,1,49,ZIP Spoke 2.25-17,Pack,80,0,285,0,0,22800
26,2025-11-26,74,B.S QAZI AHMED,N,2,51,ZIP Spoke 300-17 Long Nipple,Pack,40,0,330,0,0,13200
27,2025-11-26,65,SHANDAR AUTOS NAUKOT,N,1,49,ZIP Spoke 2.25-17,Pack,40,0,275,0,0,11000
27,2025-11-26,65,SHANDAR AUTOS NAUKOT,N,2,51,ZIP Spoke 300-17 Long Nipple,Pack,80,0,337.5,0,0,27000
28,2025-11-26,42,KHATAOMAL PANGRIO,N,1,51,ZIP Spoke 300-17 Long Nipple,Pack,120,0,337.5,0,0,40500
29,2025-11-27,58,RAZA AUTOS KORANGI,N,1,50,ZIP Spoke 2.50-17,Pack,80,0,320,0,0,25600
29,2025-11-27,58,RAZA AUTOS KORANGI,N,2,51,ZIP Spoke 300-17 Long Nipple,Pack,80,0,390,0,0,31200
30,2025-11-29,27,B.S BAKHTAWAR GOTH,N,1,51,ZIP Spoke 300-17 Long Nipple,Pack,80,0,355,0,0,28400
30,2025-11-29,27,B.S BAKHTAWAR GOTH,N,2,50,ZIP Spoke 2.50-17,Pack,80,0,292.5,0,0,23400
31,2025-11-29,29,BILAL WHEEL THROUGH SACHAL,N,1,51,ZIP Spoke 300-17 Long Nipple,Pack,40,0,355,0,0,14200
32,2025-11-29,75,YASIR AUTOS SACHAL GOTH,N,1,50,ZIP Spoke 2.50-17,Pack,40,0,292.5,0,0,11700
32,2025-11-29,75,YASIR AUTOS SACHAL GOTH,N,2,51,ZIP Spoke 300-17 Long Nipple,Pack,40,0,355,0,0,14200
33,2025-11-30,20,ALI AUTOS ISLAM CHOWK,N,1,50,ZIP Spoke 2.50-17,Pack,120,0,300,0,0,36000
33,2025-11-30,20,ALI AUTOS ISLAM CHOWK,N,2,51,ZIP Spoke 300-17 Long Nipple,Pack,120,0,347,0,0,41640
34,2025-12-08,73,HUSSAIN AUTO SHAH FAISAL,N,1,52,Piston Kit STD,Pack,600,0,380,0,0,228000
34,2025-12-08,73,HUSSAIN AUTO SHAH FAISAL,N,2,53,Piston Kit 0.50,Pack,700,0,380,0,0,266000
34,2025-12-08,73,HUSSAIN AUTO SHAH FAISAL,N,3,54,Piston Kit 1.00,Pack,400,0,380,0,0,152000
34,2025-12-08,73,HUSSAIN AUTO SHAH FAISAL,N,4,55,Piston Kit 1.50,Pack,700,0,380,0,0,266000
35,2025-12-08,51,NEW KAKAR AUTOS PIDC,N,1,46,ZIP 1 CHAIN KIT GOLD 38-15 CD-70,Pack,10,0,1400,0,0,14000
36,2025-12-08,72,PRINCE AUTOS SAKRO,N,1,49,ZIP Spoke 2.25-17,Pack,120,0,250,0,0,30000
36,2025-12-08,72,PRINCE AUTOS SAKRO,N,2,51,ZIP Spoke 300-17 Long Nipple,Pack,160,0,337.5,0,0,54000
37,2025-12-09,71,HAMZA KHAN AUTOS ORANGI TOWN,N,1,51,ZIP Spoke 300-17 Long Nipple,Pack,80,0,337.5,0,0,27000
38,2025-12-10,25,AZAN AUTO BADIN,N,1,51,ZIP Spoke 300-17 Long Nipple,Pack,80,0,337.5,0,0,27000
39,2025-12-11,67,JAMEEL AUTOS LEE MARKET,N,1,48,ZIP 1 CHAIN KIT RED 41-14 CD-70,Pack,10,0,1300,0,0,13000
40,2025-12-13,60,RIZWAN SUPPLIER KORANGI,N,1,46,ZIP 1 CHAIN KIT GOLD 38-15 CD-70,Pack,140,0,1400,0,0,196000
41,2025-12-14,69,WAQAS AUTOS ISLAM CHOWK,N,1,46,ZIP 1 CHAIN KIT GOLD 38-15 CD-70,Pack,200,10,1330,0,0,266000
42,2025-10-20,56,RAHIM BHAI CLASSIC MOTORCYCLE,N,1,32,ZIP Battery,Pack,120,0,960,0,0,115200
43,2025-10-25,61,SAAD HUMAYUN TRADERS,N,1,17,Lock C-Long 50 mm,Pack,60,0,299,0,0,17940
43,2025-10-25,61,SAAD HUMAYUN TRADERS,N,2,41,Lock C-Long 30 mm,Pack,50,0,179,0,0,8950
44,2025-11-03,61,SAAD HUMAYUN TRADERS,N,1,17,Lock C-Long 50 mm,Pack,20,0,299,0,0,5980
44,2025-11-03,61,SAAD HUMAYUN TRADERS,N,2,41,Lock C-Long 30 mm,Pack,31,0,179,0,0,5549
45,2025-11-13,62,SADIQ SONS QUETTA,N,1,31,ZIP ATF 1L,Pack,5,0,5100,0,0,25500
45,2025-11-13,62,SADIQ SONS QUETTA,N,2,34,ZIP Gear Oil 1 Litre,Pack,3,0,6200,0,0,18600
47,2025-12-15,25,AZAN AUTO BADIN,N,1,67,ZIP Chain cover 0.6mm,Pack,420,0,650,0,0,273000
48,2025-12-16,71,HAMZA KHAN AUTOS ORANGI TOWN,N,1,51,ZIP Spoke 300-17 Long Nipple,Pack,40,0,337.5,0,0,13500
48,2025-12-16,71,HAMZA KHAN AUTOS ORANGI TOWN,N,2,50,ZIP Spoke 2.50-17,Pack,20,0,300,0,0,6000
49,2025-12-20,57,RANA AUTOS LANDHI,N,1,46,ZIP 1 CHAIN KIT GOLD 38-15 CD-70,Pack,90,0,1334,0,0,120060
50,2025-12-20,77,MALIK AUTO LINES AREA,N,1,46,ZIP 1 CHAIN KIT GOLD 38-15 CD-70,Pack,10,0,1400,0,0,14000
51,2025-12-20,60,RIZWAN SUPPLIER KORANGI,N,1,46,ZIP 1 CHAIN KIT GOLD 38-15 CD-70,Pack,50,10,1120,0,0,56000
52,2025-12-19,25,AZAN AUTO BADIN,N,1,46,ZIP 1 CHAIN KIT GOLD 38-15 CD-70,Pack,30,0,1300,0,0,39000
53,2025-12-19,34,F.A AUTOS THATTA,N,1,48,ZIP 1 CHAIN KIT RED 41-14 CD-70,Pack,60,0,1300,0,0,78000
54,2025-12-20,78,MARWAT AUTO SCOUT COLONY,N,1,46,ZIP 1 CHAIN KIT GOLD 38-15 CD-70,Pack,10,0,1400,0,0,14000
55,2025-12-20,80,HUSSAIN AUTO AJMEER NAGRI,N,1,46,ZIP 1 CHAIN KIT GOLD 38-15 CD-70,Pack,10,0,1400,0,0,14000
56,2025-12-20,79,REHMAN AUTO AJMEER NAGRI,N,1,46,ZIP 1 CHAIN KIT GOLD 38-15 CD-70,Pack,10,0,1400,0,0,14000
57,2025-12-20,81,TAYYABA AUTO SURJANI,N,1,46,ZIP 1 CHAIN KIT GOLD 38-15 CD-70,Pack,10,0,1400,0,0,14000
58,2025-12-19,25,AZAN AUTO BADIN,N,1,57,ZIP 1 CHAIN KIT Gold 41-14 CD-70,Pack,30,0,1300,0,0,39000
59,2025-12-19,34,F.A AUTOS THATTA,N,1,57,ZIP 1 CHAIN KIT Gold 41-14 CD-70,Pack,60,0,1400,0,0,84000
60,2025-12-20,67,JAMEEL AUTOS LEE MARKET,N,1,57,ZIP 1 CHAIN KIT Gold 41-14 CD-70,Pack,60,0,1400,0,0,84000
61,2025-12-20,71,HAMZA KHAN AUTOS ORANGI TOWN,N,1,50,ZIP Spoke 2.50-17,Pack,80,0,300,0,0,24000
62,2025-12-19,34,F.A AUTOS THATTA,N,1,50,ZIP Spoke 2.50-17,Pack,40,0,305,0,0,12200
62,2025-12-19,34,F.A AUTOS THATTA,N,2,51,ZIP Spoke 300-17 Long Nipple,Pack,40,0,330,0,0,13200
63,2025-12-19,25,AZAN AUTO BADIN,N,1,51,ZIP Spoke 300-17 Long Nipple,Pack,80,0,337.5,0,0,27000
64,2025-12-19,82,JUNAID AUTO AGRA TAJ,N,1,50,ZIP Spoke 2.50-17,Pack,40,0,302.5,0,0,12100
64,2025-12-19,82,JUNAID AUTO AGRA TAJ,N,2,51,ZIP Spoke 300-17 Long Nipple,Pack,40,0,337.5,0,0,13500
65,2025-12-20,77,MALIK AUTO LINES AREA,N,1,50,ZIP Spoke 2.50-17,Pack,40,0,312.5,0,0,12500
65,2025-12-20,77,MALIK AUTO LINES AREA,N,2,51,ZIP Spoke 300-17 Long Nipple,Pack,40,0,362.5,0,0,14500
66,2025-12-20,57,RANA AUTOS LANDHI,N,1,50,ZIP Spoke 2.50-17,Pack,160,0,307.5,0,0,49200
66,2025-12-20,57,RANA AUTOS LANDHI,N,2,51,ZIP Spoke 300-17 Long Nipple,Pack,240,0,342.5,0,0,82200
67,2025-12-20,79,REHMAN AUTO AJMEER NAGRI,N,1,50,ZIP Spoke 2.50-17,Pack,20,0,320,0,0,6400
67,2025-12-20,79,REHMAN AUTO AJMEER NAGRI,N,2,51,ZIP Spoke 300-17 Long Nipple,Pack,20,0,367,0,0,7340
68,2025-12-20,80,HUSSAIN AUTO AJMEER NAGRI,N,1,50,ZIP Spoke 2.50-17,Pack,20,0,320,0,0,6400
68,2025-12-20,80,HUSSAIN AUTO AJMEER NAGRI,N,2,51,ZIP Spoke 300-17 Long Nipple,Pack,20,0,367,0,0,7340
69,2025-12-20,83,SINDH KOHLI SAMARO,N,1,57,ZIP 1 CHAIN KIT Gold 41-14 CD-70,Pack,30,0,1400,0,0,42000
70,2025-12-22,81,TAYYABA AUTO SURJANI,N,1,46,ZIP 1 CHAIN KIT GOLD 38-15 CD-70,Pack,10,0,1400,0,0,14000
71,2025-12-22,91,ADNAN SURJANI 7B,N,1,46,ZIP 1 CHAIN KIT GOLD 38-15 CD-70,Pack,10,0,1400,0,0,14000
72,2025-12-22,90,HAMMAD SURJANI,N,1,46,ZIP 1 CHAIN KIT GOLD 38-15 CD-70,Pack,10,0,1400,0,0,14000
73,2025-12-22,92,OSAMA ISLAM CHOWK,N,1,46,ZIP 1 CHAIN KIT GOLD 38-15 CD-70,Pack,10,0,1400,0,0,14000
74,2025-12-22,93,ABBAS AUTO GULLBURG,N,1,46,ZIP 1 CHAIN KIT GOLD 38-15 CD-70,Pack,10,0,1400,0,0,14000
75,2025-12-23,101,A.R AUTOS BAGH-E-KORANGI,N,1,69,ZIP Carburetor PZ-22,Pack,5,0,1980,0,0,9900
76,2025-12-23,77,MALIK AUTO LINES AREA,N,1,67,ZIP Chain cover 0.6mm,Pack,3,0,650,0,0,1950
77,2025-12-23,82,JUNAID AUTO AGRA TAJ,N,1,69,ZIP Carburetor PZ-22,Pack,15,0,1900,0,0,28500
78,2025-12-24,23,AMJAD NOOR,N,1,46,ZIP 1 CHAIN KIT GOLD 38-15 CD-70,Pack,10,0,1300,0,0,13000
78,2025-12-24,23,AMJAD NOOR,N,2,69,ZIP Carburetor PZ-22,Pack,5,0,1900,0,0,9500
80,2025-12-26,96,GHAZI AUTOS GOLARCHI,N,1,69,ZIP Carburetor PZ-22,Pack,20,0,1900,0,0,38000
80,2025-12-26,96,GHAZI AUTOS GOLARCHI,N,2,65,Clutch plate FCC CD-70 Set,Pack,20,0,190,0,0,3800
80,2025-12-26,96,GHAZI AUTOS GOLARCHI,N,3,71,ZIP 1 Clutch Plate Set CD-70 Green,Pack,10,0,140,0,0,1400
80,2025-12-26,96,GHAZI AUTOS GOLARCHI,N,4,57,ZIP 1 CHAIN KIT Gold 41-14 CD-70,Pack,120,0,1400,0,0,168000
80,2025-12-26,96,GHAZI AUTOS GOLARCHI,N,5,48,ZIP 1 CHAIN KIT RED 41-14 CD-70,Pack,80,10,1137.5,0,0,91000
80,2025-12-26,96,GHAZI AUTOS GOLARCHI,N,6,86,ZIP 1 GOLD CHAIN KIT CG-125,Pack,10,0,1650,0,0,16500
81,2025-12-26,97,BHITTAI AUTOS SAMARO,N,1,57,ZIP 1 CHAIN KIT Gold 41-14 CD-70,Pack,40,0,1300,0,0,52000
81,2025-12-26,97,BHITTAI AUTOS SAMARO,N,2,48,ZIP 1 CHAIN KIT RED 41-14 CD-70,Pack,20,0,1200,0,0,24000
81,2025-12-26,97,BHITTAI AUTOS SAMARO,N,3,69,ZIP Carburetor PZ-22,Pack,4,0,1900,0,0,7600
82,2025-12-26,25,AZAN AUTO BADIN,N,1,57,ZIP 1 CHAIN KIT Gold 41-14 CD-70,Pack,10,0,1300,0,0,13000
82,2025-12-26,25,AZAN AUTO BADIN,N,2,48,ZIP 1 CHAIN KIT RED 41-14 CD-70,Pack,10,0,1200,0,0,12000
82,2025-12-26,25,AZAN AUTO BADIN,N,3,69,ZIP Carburetor PZ-22,Pack,35,0,1850,0,0,64750
82,2025-12-26,25,AZAN AUTO BADIN,N,4,71,ZIP 1 Clutch Plate Set CD-70 Green,Pack,1,0,.0001,0,0,.0001
83,2025-12-27,98,ASLAM AUTOS MARIPUR,N,1,69,ZIP Carburetor PZ-22,Pack,10,0,1900,0,0,19000
83,2025-12-27,98,ASLAM AUTOS MARIPUR,N,2,46,ZIP 1 CHAIN KIT GOLD 38-15 CD-70,Pack,20,0,1333,0,0,26660
83,2025-12-27,98,ASLAM AUTOS MARIPUR,N,3,57,ZIP 1 CHAIN KIT Gold 41-14 CD-70,Pack,20,0,1333,0,0,26660
83,2025-12-27,98,ASLAM AUTOS MARIPUR,N,4,51,ZIP Spoke 300-17 Long Nipple,Pack,40,0,320,0,0,12800
84,2025-12-27,26,AZAN AUTOS JIMMY LANDHI,N,1,67,ZIP Chain cover 0.6mm,Pack,50,0,620,0,0,31000
85,2025-12-27,77,MALIK AUTO LINES AREA,N,1,71,ZIP 1 Clutch Plate Set CD-70 Green,Pack,40,0,138,0,0,5520
86,2025-12-27,99,FAISAL AUTOS KORANGI,N,1,51,ZIP Spoke 300-17 Long Nipple,Pack,40,0,343,0,0,13720
87,2025-12-27,68,ARIF AUTOS LANDHI,N,1,69,ZIP Carburetor PZ-22,Pack,30,0,1900,0,0,57000
87,2025-12-27,68,ARIF AUTOS LANDHI,N,2,71,ZIP 1 Clutch Plate Set CD-70 Green,Pack,10,0,140,0,0,1400
88,2025-12-27,25,AZAN AUTO BADIN,N,1,48,ZIP 1 CHAIN KIT RED 41-14 CD-70,Pack,40,0,1200,0,0,48000
88,2025-12-27,25,AZAN AUTO BADIN,N,2,86,ZIP 1 GOLD CHAIN KIT CG-125,Pack,20,0,1600,0,0,32000
89,2025-12-27,150,M UMER BADIN,N,1,57,ZIP 1 CHAIN KIT Gold 41-14 CD-70,Pack,10,0,1300,0,0,13000
89,2025-12-27,150,M UMER BADIN,N,2,48,ZIP 1 CHAIN KIT RED 41-14 CD-70,Pack,20,0,1200,0,0,24000
90,2025-12-26,23,AMJAD NOOR,N,1,87,ZIP 1 GOLD CHAIN KIT 45-14 YBR,Pack,10,0,1960,0,0,19600
90,2025-12-26,23,AMJAD NOOR,N,2,88,ZIP 1 GOLD CHAIN KIT 43-15 SUZUKI JS 150CC,Pack,10,0,1890,0,0,18900
90,2025-12-26,23,AMJAD NOOR,N,3,89,ZIP 1 GOLD CHAIN KIT 43-14 PRIDOR 100CC,Pack,20,0,1625,0,0,32500
90,2025-12-26,23,AMJAD NOOR,N,4,90,ZIP 1 GOLD CHAIN KIT 35-14 SUZUKI 110CC,Pack,20,0,1475,0,0,29500
91,2025-12-29,102,SALEEM MAMU,N,1,46,ZIP 1 CHAIN KIT GOLD 38-15 CD-70,Pack,10,0,1350,0,0,13500
92,2025-12-29,25,AZAN AUTO BADIN,N,1,44,Dachi Engine Oil 700 ML Carton (BLACK),Pack,12,0,3500,0,0,42000
93,2025-12-29,52,NOOR AUTOS QUAIDABAD,N,1,44,Dachi Engine Oil 700 ML Carton (BLACK),Pack,10,0,4200,0,0,42000
94,2025-12-29,103,GHOUSIA AUTO JHUDDO,N,1,44,Dachi Engine Oil 700 ML Carton (BLACK),Pack,6,0,3740,0,0,22440
95,2025-12-29,42,KHATAOMAL PANGRIO,N,1,44,Dachi Engine Oil 700 ML Carton (BLACK),Pack,20,0,3600,0,0,72000
96,2025-12-29,104,HAMZA AUTO MOSMIYAT,N,1,44,Dachi Engine Oil 700 ML Carton (BLACK),Pack,30,0,3740,0,0,112200
97,2025-12-31,51,NEW KAKAR AUTOS PIDC,N,1,44,Dachi Engine Oil 700 ML Carton (BLACK),Pack,50,0,3750,0,0,187500
98,2025-12-31,105,A.H AUTO ORANGI L BLOCK,N,1,46,ZIP 1 CHAIN KIT GOLD 38-15 CD-70,Pack,10,0,1400,0,0,14000
99,2025-12-31,92,OSAMA ISLAM CHOWK,N,1,69,ZIP Carburetor PZ-22,Pack,5,0,1950,0,0,9750
100,2025-12-31,32,DAWOOD SULTAN AUTOS ORANGI TOW,N,1,69,ZIP Carburetor PZ-22,Pack,5,0,1950,0,0,9750
100,2025-12-31,32,DAWOOD SULTAN AUTOS ORANGI TOW,N,2,46,ZIP 1 CHAIN KIT GOLD 38-15 CD-70,Pack,10,0,1400,0,0,14000
101,2025-12-31,106,HASAN AUTO NAZIA SQUARE,N,1,46,ZIP 1 CHAIN KIT GOLD 38-15 CD-70,Pack,10,0,1400,0,0,14000
102,2025-12-31,17,AHMED RAZA AUTOS REHMANIA MOR,N,1,46,ZIP 1 CHAIN KIT GOLD 38-15 CD-70,Pack,10,0,1400,0,0,14000
102,2025-12-31,17,AHMED RAZA AUTOS REHMANIA MOR,N,2,69,ZIP Carburetor PZ-22,Pack,2,0,1950,0,0,3900
103,2025-12-31,107,NIZAM AUTO MAYMAR,N,1,71,ZIP 1 Clutch Plate Set CD-70 Green,Pack,13,0,140,0,0,1820
104,2026-01-02,73,HUSSAIN AUTO SHAH FAISAL,N,1,93,ZIP Chimta Bush CD-70,Pack,501,0,95,0,0,47595
105,2026-01-06,101,A.R AUTOS BAGH-E-KORANGI,N,1,71,ZIP 1 Clutch Plate Set CD-70 Green,Pack,20,0,145,0,0,2900
105,2026-01-06,101,A.R AUTOS BAGH-E-KORANGI,N,2,46,ZIP 1 CHAIN KIT GOLD 38-15 CD-70,Pack,10,0,1400,0,0,14000
106,2026-01-05,28,SHOAIB AHMED ZIP 1,N,1,44,Dachi Engine Oil 700 ML Carton (BLACK),Pack,5,0,3550,0,0,17750
107,2026-01-09,68,ARIF AUTOS LANDHI,N,1,46,ZIP 1 CHAIN KIT GOLD 38-15 CD-70,Pack,30,0,1333,0,0,39990
107,2026-01-09,68,ARIF AUTOS LANDHI,N,2,86,ZIP 1 GOLD CHAIN KIT CG-125,Pack,20,0,1650,0,0,33000
108,2026-01-10,23,AMJAD NOOR,N,1,46,ZIP 1 CHAIN KIT GOLD 38-15 CD-70,Pack,20,0,1300,0,0,26000
109,2026-01-10,104,HAMZA AUTO MOSMIYAT,N,1,46,ZIP 1 CHAIN KIT GOLD 38-15 CD-70,Pack,20,0,1350,0,0,27000
110,2026-01-05,59,RIDER AUTO PARTS,N,1,20,Rider Sprocket 15-T Black Powder Coating 8 Per Khapa Half Pr,Pack,290,0,92,0,0,26680
110,2026-01-05,59,RIDER AUTO PARTS,N,2,21,Rider Sprocket 38-T Black Powder Coating 8 Per Khapa Half Pr,Pack,304,0,280,0,0,85120
111,2026-01-14,68,ARIF AUTOS LANDHI,N,1,67,ZIP Chain cover 0.6mm,Pack,100,0,600,0,0,60000
112,2026-01-14,104,HAMZA AUTO MOSMIYAT,N,1,51,ZIP Spoke 300-17 Long Nipple,Pack,120,0,337.5,0,0,40500
112,2026-01-14,104,HAMZA AUTO MOSMIYAT,N,2,50,ZIP Spoke 2.50-17,Pack,80,0,287.5,0,0,23000
113,2026-01-14,108,SALEEM MEMON MARKET,N,1,51,ZIP Spoke 300-17 Long Nipple,Pack,80,0,330,0,0,26400
113,2026-01-14,108,SALEEM MEMON MARKET,N,2,50,ZIP Spoke 2.50-17,Pack,80,0,267.5,0,0,21400
114,2026-01-14,62,SADIQ SONS QUETTA,N,1,31,ZIP ATF 1L,Pack,10,0,5100,0,0,51000
115,2026-01-14,109,BABU AUTO SINDHI HOTEL,N,1,46,ZIP 1 CHAIN KIT GOLD 38-15 CD-70,Pack,20,0,1400,0,0,28000
115,2026-01-14,109,BABU AUTO SINDHI HOTEL,N,2,71,ZIP 1 Clutch Plate Set CD-70 Green,Pack,20,0,145,0,0,2900
115,2026-01-14,109,BABU AUTO SINDHI HOTEL,N,3,69,ZIP Carburetor PZ-22,Pack,3,0,1950,0,0,5850
116,2026-01-14,23,AMJAD NOOR,N,1,90,ZIP 1 GOLD CHAIN KIT 35-14 SUZUKI 110CC,Pack,100,0,1475,0,0,147500
116,2026-01-14,23,AMJAD NOOR,N,2,88,ZIP 1 GOLD CHAIN KIT 43-15 SUZUKI JS 150CC,Pack,50,0,1890,0,0,94500
117,2026-01-14,102,SALEEM MAMU,N,1,46,ZIP 1 CHAIN KIT GOLD 38-15 CD-70,Pack,10,0,1350,0,0,13500
118,2026-01-15,110,TALHA QALANDRIYA,N,1,57,ZIP 1 CHAIN KIT Gold 41-14 CD-70,Pack,10,0,1400,0,0,14000
119,2026-01-15,111,HAMZA AUTO SURJANI,N,1,46,ZIP 1 CHAIN KIT GOLD 38-15 CD-70,Pack,10,0,1400,0,0,14000
120,2026-01-15,89,WAQAS TYRE TUBE ISLAM CHOWK,N,1,51,ZIP Spoke 300-17 Long Nipple,Pack,40,0,335,0,0,13400
121,2026-01-15,82,JUNAID AUTO AGRA TAJ,N,1,51,ZIP Spoke 300-17 Long Nipple,Pack,40,0,337.5,0,0,13500
121,2026-01-15,82,JUNAID AUTO AGRA TAJ,N,2,50,ZIP Spoke 2.50-17,Pack,40,0,302.5,0,0,12100
122,2026-01-15,99,FAISAL AUTOS KORANGI,N,1,50,ZIP Spoke 2.50-17,Pack,40,0,300,0,0,12000
123,2026-01-15,112,RAJPUT AUTO SABRI CHOWK ORANGI,N,1,51,ZIP Spoke 300-17 Long Nipple,Pack,40,0,347,0,0,13880
123,2026-01-15,112,RAJPUT AUTO SABRI CHOWK ORANGI,N,2,50,ZIP Spoke 2.50-17,Pack,40,0,300,0,0,12000
124,2026-01-15,113,QALANDRI AUTO LANDHI,N,1,46,ZIP 1 CHAIN KIT GOLD 38-15 CD-70,Pack,10,0,1400,0,0,14000
124,2026-01-15,113,QALANDRI AUTO LANDHI,N,2,69,ZIP Carburetor PZ-22,Pack,3,0,1950,0,0,5850
124,2026-01-15,113,QALANDRI AUTO LANDHI,N,3,71,ZIP 1 Clutch Plate Set CD-70 Green,Pack,5,0,145,0,0,725
125,2026-01-15,114,TAJ AUTO MEHRAN TOWN 1,N,1,46,ZIP 1 CHAIN KIT GOLD 38-15 CD-70,Pack,20,0,1400,0,0,28000
126,2026-01-17,115,HONDA KARACHI PAKISTAN CHOWK,N,1,46,ZIP 1 CHAIN KIT GOLD 38-15 CD-70,Pack,10,0,1400,0,0,14000
127,2026-01-17,116,ASIF SUPPLIER ZIP 1,N,1,46,ZIP 1 CHAIN KIT GOLD 38-15 CD-70,Pack,10,0,1400,0,0,14000
127,2026-01-17,116,ASIF SUPPLIER ZIP 1,N,2,71,ZIP 1 Clutch Plate Set CD-70 Green,Pack,20,0,145,0,0,2900
127,2026-01-17,116,ASIF SUPPLIER ZIP 1,N,3,65,Clutch plate FCC CD-70 Set,Pack,5,0,200,0,0,1000
128,2026-01-19,117,JAFFER B CLOCK TOWER(SHOAIB),N,1,44,Dachi Engine Oil 700 ML Carton (BLACK),Pack,5,0,3550,0,0,17750
129,2026-01-19,118,OSAMA NORTH KARACHI,N,1,46,ZIP 1 CHAIN KIT GOLD 38-15 CD-70,Pack,10,0,1400,0,0,14000
129,2026-01-19,118,OSAMA NORTH KARACHI,N,2,69,ZIP Carburetor PZ-22,Pack,2,0,2000,0,0,4000
130,2026-01-19,98,ASLAM AUTOS MARIPUR,N,1,94, SPARK PLUG C7HSA CHINA,Pack,400,0,72,0,0,28800
131,2026-01-20,119,KARTAR AUTO CHOUARJAMALI,N,1,48,ZIP 1 CHAIN KIT RED 41-14 CD-70,Pack,10,0,1300,0,0,13000
131,2026-01-20,119,KARTAR AUTO CHOUARJAMALI,N,2,69,ZIP Carburetor PZ-22,Pack,5,0,1900,0,0,9500
132,2026-01-20,25,AZAN AUTO BADIN,N,1,95,ZIP 1 PUSH LOCK,Pack,50,0,450,0,0,22500
133,2026-01-20,120,BHATTI AUTO GULSHAN BLK 2,N,1,46,ZIP 1 CHAIN KIT GOLD 38-15 CD-70,Pack,10,0,1400,0,0,14000
134,2026-01-21,20,ALI AUTOS ISLAM CHOWK,N,1,95,ZIP 1 PUSH LOCK,Pack,50,0,460,0,0,23000
134,2026-01-21,20,ALI AUTOS ISLAM CHOWK,N,2,46,ZIP 1 CHAIN KIT GOLD 38-15 CD-70,Pack,10,0,1400,0,0,14000
135,2026-01-21,69,WAQAS AUTOS ISLAM CHOWK,N,1,46,ZIP 1 CHAIN KIT GOLD 38-15 CD-70,Pack,100,0,1400,0,0,140000
135,2026-01-21,69,WAQAS AUTOS ISLAM CHOWK,N,2,95,ZIP 1 PUSH LOCK,Pack,20,0,460,0,0,9200
136,2026-01-21,68,ARIF AUTOS LANDHI,N,1,95,ZIP 1 PUSH LOCK,Pack,100,0,460,0,0,46000
137,2026-01-21,121,AL-KARAM AUTO MARKET,N,1,95,ZIP 1 PUSH LOCK,Pack,100,0,455,0,0,45500
138,2026-01-21,99,FAISAL AUTOS KORANGI,N,1,95,ZIP 1 PUSH LOCK,Pack,50,0,460,0,0,23000
139,2026-01-21,122,NASIR AUTO ORANGZAIB MARKET,N,1,95,ZIP 1 PUSH LOCK,Pack,50,0,455,0,0,22750
140,2026-01-21,23,AMJAD NOOR,N,1,46,ZIP 1 CHAIN KIT GOLD 38-15 CD-70,Pack,20,0,1300,0,0,26000
141,2026-01-22,123,LUCKY AUTO WATER PUMP,N,1,95,ZIP 1 PUSH LOCK,Pack,50,0,460,0,0,23000
142,2026-01-23,23,AMJAD NOOR,N,1,95,ZIP 1 PUSH LOCK,Pack,29,0,445,0,0,12905
144,2026-01-26,125,MADINA AUTO SAFORA,N,1,44,Dachi Engine Oil 700 ML Carton (BLACK),Pack,1,0,3550,0,0,3550
145,2026-01-27,116,ASIF SUPPLIER ZIP 1,N,1,46,ZIP 1 CHAIN KIT GOLD 38-15 CD-70,Pack,10,0,1400,0,0,14000
145,2026-01-27,116,ASIF SUPPLIER ZIP 1,N,2,66,Clutch plate CD-70 Green Set,Pack,30,0,145,0,0,4350
146,2026-01-27,126,ALAM AUTO GODHRA,N,1,51,ZIP Spoke 300-17 Long Nipple,Pack,40,0,325,0,0,13000
146,2026-01-27,126,ALAM AUTO GODHRA,N,2,50,ZIP Spoke 2.50-17,Pack,40,0,275,0,0,11000
147,2026-01-28,89,WAQAS TYRE TUBE ISLAM CHOWK,N,1,51,ZIP Spoke 300-17 Long Nipple,Pack,200,0,330,0,0,66000
148,2026-01-28,20,ALI AUTOS ISLAM CHOWK,N,1,51,ZIP Spoke 300-17 Long Nipple,Pack,200,0,347,0,0,69400
149,2026-01-28,58,RAZA AUTOS KORANGI,N,1,51,ZIP Spoke 300-17 Long Nipple,Pack,40,0,390,0,0,15600
149,2026-01-28,58,RAZA AUTOS KORANGI,N,2,50,ZIP Spoke 2.50-17,Pack,40,0,320,0,0,12800
150,2026-01-28,69,WAQAS AUTOS ISLAM CHOWK,N,1,69,ZIP Carburetor PZ-22,Pack,40,0,1950,0,0,78000
151,2026-01-28,128,ZAIB AUTO WATER PUMP,N,1,51,ZIP Spoke 300-17 Long Nipple,Pack,120,0,360,0,0,43200
151,2026-01-28,128,ZAIB AUTO WATER PUMP,N,2,50,ZIP Spoke 2.50-17,Pack,80,0,330,0,0,26400
151,2026-01-28,128,ZAIB AUTO WATER PUMP,N,3,96,ZIP 1HEAD COMPLETE EURO,Pack,12,0,4950,0,0,59400
151,2026-01-28,128,ZAIB AUTO WATER PUMP,N,4,69,ZIP Carburetor PZ-22,Pack,15,0,1990,0,0,29850
151,2026-01-28,128,ZAIB AUTO WATER PUMP,N,5,46,ZIP 1 CHAIN KIT GOLD 38-15 CD-70,Pack,30,0,1450,0,0,43500
151,2026-01-28,128,ZAIB AUTO WATER PUMP,N,6,66,Clutch plate CD-70 Green Set,Pack,50,0,154,0,0,7700
151,2026-01-28,128,ZAIB AUTO WATER PUMP,N,7,94, SPARK PLUG C7HSA CHINA,Pack,400,0,79,0,0,31600
152,2026-01-28,129,B.S AUTO AZIZABAD,N,1,51,ZIP Spoke 300-17 Long Nipple,Pack,40,0,347,0,0,13880
152,2026-01-28,129,B.S AUTO AZIZABAD,N,2,66,Clutch plate CD-70 Green Set,Pack,20,0,145,0,0,2900
153,2026-01-28,130,ALVI AUTO BALDIA 4 NUMBER,N,1,51,ZIP Spoke 300-17 Long Nipple,Pack,80,0,330,0,0,26400
154,2026-01-28,77,MALIK AUTO LINES AREA,N,1,96,ZIP 1HEAD COMPLETE EURO,Pack,6,0,4900,0,0,29400
154,2026-01-28,77,MALIK AUTO LINES AREA,N,2,51,ZIP Spoke 300-17 Long Nipple,Pack,80,0,362.5,0,0,29000
154,2026-01-28,77,MALIK AUTO LINES AREA,N,3,50,ZIP Spoke 2.50-17,Pack,80,0,312.5,0,0,25000
155,2026-01-28,98,ASLAM AUTOS MARIPUR,N,1,96,ZIP 1HEAD COMPLETE EURO,Pack,12,0,4800,0,0,57600
156,2026-01-28,132,ADNAN AUTO FAST,N,1,97,WHEEL RIM SET,Pack,200,0,1600,0,0,320000
157,2026-01-29,38,IBRAHIM KORANGI (SHOAIB),N,1,44,Dachi Engine Oil 700 ML Carton (BLACK),Pack,3,0,3550,0,0,10650
158,2026-01-29,133,YOUSUF AUTO SATO MAIL,N,1,46,ZIP 1 CHAIN KIT GOLD 38-15 CD-70,Pack,10,0,1400,0,0,14000
158,2026-01-29,133,YOUSUF AUTO SATO MAIL,N,2,69,ZIP Carburetor PZ-22,Pack,5,0,1950,0,0,9750
158,2026-01-29,133,YOUSUF AUTO SATO MAIL,N,3,66,Clutch plate CD-70 Green Set,Pack,20,0,145,0,0,2900
159,2026-01-30,99,FAISAL AUTOS KORANGI,N,1,96,ZIP 1HEAD COMPLETE EURO,Pack,12,0,4750,0,0,57000
160,2026-01-30,127,ZHOULI ENGINEERING,Y,0,96,ZIP 1HEAD COMPLETE EURO,Pack,47,0,3916.66,0,0,184083.02
161,2026-01-30,134,SAEED BHAI PLAZA,N,1,96,ZIP 1HEAD COMPLETE EURO,Pack,1,0,4900,0,0,4900
161,2026-01-30,134,SAEED BHAI PLAZA,N,2,65,Clutch plate FCC CD-70 Set,Pack,1,0,250,0,0,250
162,2026-02-02,32,DAWOOD SULTAN AUTOS ORANGI TOW,N,1,69,ZIP Carburetor PZ-22,Pack,5,0,1950,0,0,9750
163,2026-02-04,25,AZAN AUTO BADIN,N,1,50,ZIP Spoke 2.50-17,Pack,80,0,287.5,0,0,23000
164,2026-02-05,59,RIDER AUTO PARTS,N,1,99,ZIP 1 MAGNET COIL RING CDI 70,Pack,120,0,800,0,0,96000
164,2026-02-05,59,RIDER AUTO PARTS,N,2,98,ZIP 1 MAGNET COIL RING HERO,Pack,24,0,800,0,0,19200
164,2026-02-05,59,RIDER AUTO PARTS,N,3,66,Clutch plate CD-70 Green Set,Pack,130,0,130,0,0,16900
164,2026-02-05,59,RIDER AUTO PARTS,N,4,51,ZIP Spoke 300-17 Long Nipple,Pack,80,0,312.5,0,0,25000
164,2026-02-05,59,RIDER AUTO PARTS,N,5,96,ZIP 1HEAD COMPLETE EURO,Pack,12,0,4450,0,0,53400
165,2026-02-05,104,HAMZA AUTO MOSMIYAT,N,1,99,ZIP 1 MAGNET COIL RING CDI 70,Pack,24,0,850,0,0,20400
166,2026-02-05,59,RIDER AUTO PARTS,N,1,94, SPARK PLUG C7HSA CHINA,Pack,400,0,70,0,0,28000
167,2026-02-06,79,REHMAN AUTO AJMEER NAGRI,N,1,69,ZIP Carburetor PZ-22,Pack,5,0,1950,0,0,9750
167,2026-02-06,79,REHMAN AUTO AJMEER NAGRI,N,2,99,ZIP 1 MAGNET COIL RING CDI 70,Pack,5,0,950,0,0,4750
167,2026-02-06,79,REHMAN AUTO AJMEER NAGRI,N,3,66,Clutch plate CD-70 Green Set,Pack,10,0,145,0,0,1450
167,2026-02-06,79,REHMAN AUTO AJMEER NAGRI,N,4,65,Clutch plate FCC CD-70 Set,Pack,5,0,200,0,0,1000
167,2026-02-06,79,REHMAN AUTO AJMEER NAGRI,N,5,46,ZIP 1 CHAIN KIT GOLD 38-15 CD-70,Pack,10,0,1400,0,0,14000
168,2026-02-06,59,RIDER AUTO PARTS,N,1,69,ZIP Carburetor PZ-22,Pack,40,0,1800,0,0,72000
168,2026-02-06,59,RIDER AUTO PARTS,N,2,50,ZIP Spoke 2.50-17,Pack,80,0,275,0,0,22000
169,2026-02-07,137,KHAN SHAHRUKH AUTO KORANGI,N,1,99,ZIP 1 MAGNET COIL RING CDI 70,Pack,48,0,1000,0,0,48000
170,2026-02-07,128,ZAIB AUTO WATER PUMP,N,1,99,ZIP 1 MAGNET COIL RING CDI 70,Pack,96,0,1050,0,0,100800
171,2026-02-07,60,RIZWAN SUPPLIER KORANGI,N,1,61,Carburetor PZ-22,Pack,6,0,1940,0,0,11640
171,2026-02-07,60,RIZWAN SUPPLIER KORANGI,N,2,99,ZIP 1 MAGNET COIL RING CDI 70,Pack,24,0,940,0,0,22560
172,2026-02-07,101,A.R AUTOS BAGH-E-KORANGI,N,1,99,ZIP 1 MAGNET COIL RING CDI 70,Pack,24,0,1040,0,0,24960
172,2026-02-07,101,A.R AUTOS BAGH-E-KORANGI,N,2,96,ZIP 1HEAD COMPLETE EURO,Pack,2,0,4950,0,0,9900
173,2026-02-07,68,ARIF AUTOS LANDHI,N,1,61,Carburetor PZ-22,Pack,40,0,1900,0,0,76000
174,2026-02-07,98,ASLAM AUTOS MARIPUR,N,1,99,ZIP 1 MAGNET COIL RING CDI 70,Pack,48,0,960,0,0,46080
175,2026-02-07,24,AYAN AUTOS CLIFTON,N,1,46,ZIP 1 CHAIN KIT GOLD 38-15 CD-70,Pack,20,0,1430,0,0,28600
175,2026-02-07,24,AYAN AUTOS CLIFTON,N,2,66,Clutch plate CD-70 Green Set,Pack,50,0,145,0,0,7250
175,2026-02-07,24,AYAN AUTOS CLIFTON,N,3,99,ZIP 1 MAGNET COIL RING CDI 70,Pack,24,0,1050,0,0,25200
175,2026-02-07,24,AYAN AUTOS CLIFTON,N,4,96,ZIP 1HEAD COMPLETE EURO,Pack,3,0,4950,0,0,14850
175,2026-02-07,24,AYAN AUTOS CLIFTON,N,5,61,Carburetor PZ-22,Pack,6,0,1950,0,0,11700
175,2026-02-07,24,AYAN AUTOS CLIFTON,N,6,25,Spoke 300-17 Long Nipple,Pack,12,0,367,0,0,4404
175,2026-02-07,24,AYAN AUTOS CLIFTON,N,7,24,Spoke 2.50-17,Pack,12,0,320,0,0,3840
176,2026-02-07,59,RIDER AUTO PARTS,N,1,25,Spoke 300-17 Long Nipple,Pack,200,0,312.5,0,0,62500
177,2026-02-09,104,HAMZA AUTO MOSMIYAT,N,1,100,ZIP 1 BRAKE SHOE FMC,Pack,300,0,215,0,0,64500
178,2026-02-09,25,AZAN AUTO BADIN,N,1,100,ZIP 1 BRAKE SHOE FMC,Pack,240,0,215,0,0,51600
179,2026-02-09,138,ASIM BROTHERS MARKET,N,1,99,ZIP 1 MAGNET COIL RING CDI 70,Pack,24,0,850,0,0,20400
180,2026-02-09,92,OSAMA ISLAM CHOWK,N,1,61,Carburetor PZ-22,Pack,5,0,1950,0,0,9750
180,2026-02-09,92,OSAMA ISLAM CHOWK,N,2,99,ZIP 1 MAGNET COIL RING CDI 70,Pack,5,0,950,0,0,4750
180,2026-02-09,92,OSAMA ISLAM CHOWK,N,3,96,ZIP 1HEAD COMPLETE EURO,Pack,3,0,4900,0,0,14700
180,2026-02-09,92,OSAMA ISLAM CHOWK,N,4,94, SPARK PLUG C7HSA CHINA,Pack,50,0,80,0,0,4000
180,2026-02-09,92,OSAMA ISLAM CHOWK,N,5,24,Spoke 2.50-17,Pack,28,0,320,0,0,8960
180,2026-02-09,92,OSAMA ISLAM CHOWK,N,6,25,Spoke 300-17 Long Nipple,Pack,40,0,360,0,0,14400
181,2026-02-09,139,IQBAL AUTO BALDIA,N,1,99,ZIP 1 MAGNET COIL RING CDI 70,Pack,24,0,950,0,0,22800
182,2026-02-10,112,RAJPUT AUTO SABRI CHOWK ORANGI,N,1,99,ZIP 1 MAGNET COIL RING CDI 70,Pack,240,0,960,0,0,230400
183,2026-02-10,69,WAQAS AUTOS ISLAM CHOWK,N,1,99,ZIP 1 MAGNET COIL RING CDI 70,Pack,240,0,960,0,0,230400
184,2026-02-11,140,MAMA A-1 GULSHAN 13D,N,1,99,ZIP 1 MAGNET COIL RING CDI 70,Pack,6,0,960,0,0,5760
184,2026-02-11,140,MAMA A-1 GULSHAN 13D,N,2,96,ZIP 1HEAD COMPLETE EURO,Pack,1,0,4800,0,0,4800
184,2026-02-11,140,MAMA A-1 GULSHAN 13D,N,3,61,Carburetor PZ-22,Pack,1,0,1950,0,0,1950
184,2026-02-11,140,MAMA A-1 GULSHAN 13D,N,4,64,Clutch presur plate set zip 1,Pack,10,0,255,0,0,2550
186,2026-02-11,141,ALI AUTO MEHMODABAD,N,1,99,ZIP 1 MAGNET COIL RING CDI 70,Pack,24,0,960,0,0,23040
186,2026-02-11,141,ALI AUTO MEHMODABAD,N,2,98,ZIP 1 MAGNET COIL RING HERO,Pack,10,0,960,0,0,9600
186,2026-02-11,141,ALI AUTO MEHMODABAD,N,3,64,Clutch presur plate set zip 1,Pack,30,0,255,0,0,7650
186,2026-02-11,141,ALI AUTO MEHMODABAD,N,4,61,Carburetor PZ-22,Pack,5,0,1920,0,0,9600
186,2026-02-11,141,ALI AUTO MEHMODABAD,N,5,86,ZIP 1 GOLD CHAIN KIT CG-125,Pack,10,0,1650,0,0,16500
187,2026-01-24,59,RIDER AUTO PARTS,N,1,39,ZIP Sprocket 38-T Black Powder Coating 8 Per Khapa Half Pres,Pack,362,0,280,0,0,101360
187,2026-01-24,59,RIDER AUTO PARTS,N,2,38,ZIP Sprocket 15-T Black Powder Coating 8 Per Khapa Half Pres,Pack,362,0,92,0,0,33304
188,2026-02-07,59,RIDER AUTO PARTS,N,1,39,ZIP Sprocket 38-T Black Powder Coating 8 Per Khapa Half Pres,Pack,150,0,280,0,0,42000
188,2026-02-07,59,RIDER AUTO PARTS,N,2,38,ZIP Sprocket 15-T Black Powder Coating 8 Per Khapa Half Pres,Pack,150,0,92,0,0,13800
189,2026-02-12,25,AZAN AUTO BADIN,N,1,48,ZIP 1 CHAIN KIT RED 41-14 CD-70,Pack,30,0,1200,0,0,36000
189,2026-02-12,25,AZAN AUTO BADIN,N,2,64,Clutch presur plate set zip 1,Pack,50,0,245,0,0,12250
190,2026-02-12,142,MADINA AUTO AZIZABAD,N,1,99,ZIP 1 MAGNET COIL RING CDI 70,Pack,5,0,1050,0,0,5250
190,2026-02-12,142,MADINA AUTO AZIZABAD,N,2,98,ZIP 1 MAGNET COIL RING HERO,Pack,5,0,1050,0,0,5250
190,2026-02-12,142,MADINA AUTO AZIZABAD,N,3,100,ZIP 1 BRAKE SHOE FMC,Pack,20,0,235,0,0,4700
190,2026-02-12,142,MADINA AUTO AZIZABAD,N,4,61,Carburetor PZ-22,Pack,3,0,1980,0,0,5940
190,2026-02-12,142,MADINA AUTO AZIZABAD,N,5,64,Clutch presur plate set zip 1,Pack,10,0,270,0,0,2700
191,2026-02-13,17,AHMED RAZA AUTOS REHMANIA MOR,N,2,66,Clutch plate CD-70 Green Set,Pack,10,0,145,0,0,1450
191,2026-02-13,17,AHMED RAZA AUTOS REHMANIA MOR,N,3,65,Clutch plate FCC CD-70 Set,Pack,5,0,200,0,0,1000
191,2026-02-13,17,AHMED RAZA AUTOS REHMANIA MOR,N,4,103,SILENCER ZIP 1,Pack,6,0,1500,0,0,9000
191,2026-02-13,17,AHMED RAZA AUTOS REHMANIA MOR,N,4,69,ZIP Carburetor PZ-22,Pack,2,0,1950,0,0,3900
192,2026-02-13,81,TAYYABA AUTO SURJANI,N,1,96,ZIP 1HEAD COMPLETE EURO,Pack,3,0,4900,0,0,14700
192,2026-02-13,81,TAYYABA AUTO SURJANI,N,3,100,ZIP 1 BRAKE SHOE FMC,Pack,30,0,235,0,0,7050
192,2026-02-13,81,TAYYABA AUTO SURJANI,N,4,61,Carburetor PZ-22,Pack,3,0,1950,0,0,5850
192,2026-02-13,81,TAYYABA AUTO SURJANI,N,4,102,MAGNET COMPLETE CDI-70 ZIP 1,Pack,3,0,3100,0,0,9300
193,2026-02-13,90,HAMMAD SURJANI,N,1,99,ZIP 1 MAGNET COIL RING CDI 70,Pack,5,0,950,0,0,4750
193,2026-02-13,90,HAMMAD SURJANI,N,2,61,Carburetor PZ-22,Pack,2,0,1950,0,0,3900
193,2026-02-13,90,HAMMAD SURJANI,N,3,100,ZIP 1 BRAKE SHOE FMC,Pack,30,0,235,0,0,7050
193,2026-02-13,90,HAMMAD SURJANI,N,4,103,SILENCER ZIP 1,Pack,6,0,1550,0,0,9300
193,2026-02-13,90,HAMMAD SURJANI,N,5,51,ZIP Spoke 300-17 Long Nipple,Pack,10,0,375,0,0,3750
194,2026-02-13,91,ADNAN SURJANI 7B,N,1,96,ZIP 1HEAD COMPLETE EURO,Pack,1,0,4900,0,0,4900
194,2026-02-13,91,ADNAN SURJANI 7B,N,2,69,ZIP Carburetor PZ-22,Pack,4,0,1950,0,0,7800
195,2026-02-13,144,TAJ AUTO MEHRAN TOWN 2,N,1,86,ZIP 1 GOLD CHAIN KIT CG-125,Pack,5,0,1650,0,0,8250
195,2026-02-13,144,TAJ AUTO MEHRAN TOWN 2,N,2,100,ZIP 1 BRAKE SHOE FMC,Pack,20,0,235,0,0,4700
195,2026-02-13,144,TAJ AUTO MEHRAN TOWN 2,N,3,99,ZIP 1 MAGNET COIL RING CDI 70,Pack,10,0,1050,0,0,10500
195,2026-02-13,144,TAJ AUTO MEHRAN TOWN 2,N,4,98,ZIP 1 MAGNET COIL RING HERO,Pack,5,0,1050,0,0,5250
195,2026-02-13,144,TAJ AUTO MEHRAN TOWN 2,N,5,69,ZIP Carburetor PZ-22,Pack,3,0,1950,0,0,5850
195,2026-02-13,144,TAJ AUTO MEHRAN TOWN 2,N,6,64,Clutch presur plate set zip 1,Pack,20,0,260,0,0,5200
195,2026-02-13,144,TAJ AUTO MEHRAN TOWN 2,N,7,96,ZIP 1HEAD COMPLETE EURO,Pack,1,0,4900,0,0,4900
196,2026-02-13,145,HUMA AUTO KORANGI,N,1,99,ZIP 1 MAGNET COIL RING CDI 70,Pack,5,0,1050,0,0,5250
196,2026-02-13,145,HUMA AUTO KORANGI,N,2,69,ZIP Carburetor PZ-22,Pack,3,0,1950,0,0,5850
196,2026-02-13,145,HUMA AUTO KORANGI,N,3,103,SILENCER ZIP 1,Pack,6,0,1550,0,0,9300
197,2026-02-13,146,ATTARI AUTO KORANGI,N,1,99,ZIP 1 MAGNET COIL RING CDI 70,Pack,5,0,1050,0,0,5250
197,2026-02-13,146,ATTARI AUTO KORANGI,N,2,96,ZIP 1HEAD COMPLETE EURO,Pack,2,0,4900,0,0,9800
197,2026-02-13,146,ATTARI AUTO KORANGI,N,3,69,ZIP Carburetor PZ-22,Pack,5,0,1950,0,0,9750
198,2026-02-13,57,RANA AUTOS LANDHI,N,1,64,Clutch presur plate set zip 1,Pack,20,0,255,0,0,5100
198,2026-02-13,57,RANA AUTOS LANDHI,N,2,96,ZIP 1HEAD COMPLETE EURO,Pack,6,0,4850,0,0,29100
198,2026-02-13,57,RANA AUTOS LANDHI,N,3,99,ZIP 1 MAGNET COIL RING CDI 70,Pack,24,0,950,0,0,22800
198,2026-02-13,57,RANA AUTOS LANDHI,N,4,69,ZIP Carburetor PZ-22,Pack,20,0,1900,0,0,38000
198,2026-02-13,57,RANA AUTOS LANDHI,N,5,100,ZIP 1 BRAKE SHOE FMC,Pack,60,0,230,0,0,13800
198,2026-02-13,57,RANA AUTOS LANDHI,N,6,86,ZIP 1 GOLD CHAIN KIT CG-125,Pack,10,0,1650,0,0,16500
199,2026-02-14,104,HAMZA AUTO MOSMIYAT,N,1,95,ZIP 1 PUSH LOCK,Pack,50,0,450,0,0,22500
200,2026-02-14,69,WAQAS AUTOS ISLAM CHOWK,N,1,95,ZIP 1 PUSH LOCK,Pack,50,0,460,0,0,23000
201,2026-02-14,71,HAMZA KHAN AUTOS ORANGI TOWN,N,1,95,ZIP 1 PUSH LOCK,Pack,100,0,455,0,0,45500
202,2026-02-14,112,RAJPUT AUTO SABRI CHOWK ORANGI,N,1,95,ZIP 1 PUSH LOCK,Pack,100,0,460,0,0,46000
203,2026-02-14,144,TAJ AUTO MEHRAN TOWN 2,N,1,95,ZIP 1 PUSH LOCK,Pack,10,0,460,0,0,4600
204,2026-02-14,146,ATTARI AUTO KORANGI,N,1,95,ZIP 1 PUSH LOCK,Pack,10,0,460,0,0,4600
205,2026-02-14,57,RANA AUTOS LANDHI,N,1,95,ZIP 1 PUSH LOCK,Pack,50,0,460,0,0,23000
206,2026-02-16,147,JIJAL AUTO GHARO,N,1,51,ZIP Spoke 300-17 Long Nipple,Pack,120,0,325,0,0,39000
207,2026-02-16,123,LUCKY AUTO WATER PUMP,N,1,95,ZIP 1 PUSH LOCK,Pack,50,0,460,0,0,23000
208,2026-02-16,121,AL-KARAM AUTO MARKET,N,1,95,ZIP 1 PUSH LOCK,Pack,80,0,455,0,0,36400
209,2026-02-16,51,NEW KAKAR AUTOS PIDC,N,1,65,Clutch plate FCC CD-70 Set,Pack,5,0,200,0,0,1000
209,2026-02-16,51,NEW KAKAR AUTOS PIDC,N,2,64,Clutch presur plate set zip 1,Pack,5,0,270,0,0,1350
209,2026-02-16,51,NEW KAKAR AUTOS PIDC,N,3,69,ZIP Carburetor PZ-22,Pack,2,0,2000,0,0,4000
209,2026-02-16,51,NEW KAKAR AUTOS PIDC,N,4,99,ZIP 1 MAGNET COIL RING CDI 70,Pack,10,0,1000,0,0,10000
210,2026-02-16,38,IBRAHIM KORANGI (SHOAIB),N,1,44,Dachi Engine Oil 700 ML Carton (BLACK),Pack,5,0,3550,0,0,17750
211,2026-02-16,148,IRFAN AUTO SHAH FAISAL,N,1,96,ZIP 1HEAD COMPLETE EURO,Pack,2,0,4900,0,0,9800
211,2026-02-16,148,IRFAN AUTO SHAH FAISAL,N,2,99,ZIP 1 MAGNET COIL RING CDI 70,Pack,10,0,900,0,0,9000
211,2026-02-16,148,IRFAN AUTO SHAH FAISAL,N,3,98,ZIP 1 MAGNET COIL RING HERO,Pack,5,0,900,0,0,4500
211,2026-02-16,148,IRFAN AUTO SHAH FAISAL,N,4,69,ZIP Carburetor PZ-22,Pack,3,0,1950,0,0,5850
211,2026-02-16,148,IRFAN AUTO SHAH FAISAL,N,5,64,Clutch presur plate set zip 1,Pack,30,0,255,0,0,7650
211,2026-02-16,148,IRFAN AUTO SHAH FAISAL,N,6,94, SPARK PLUG C7HSA CHINA,Pack,100,0,72,0,0,7200
211,2026-02-16,148,IRFAN AUTO SHAH FAISAL,N,7,100,ZIP 1 BRAKE SHOE FMC,Pack,20,0,225,0,0,4500
211,2026-02-16,148,IRFAN AUTO SHAH FAISAL,N,8,103,SILENCER ZIP 1,Pack,6,0,1500,0,0,9000
212,2026-02-16,149,SHEIKH AUTO PEHALWAN GOTH,N,1,99,ZIP 1 MAGNET COIL RING CDI 70,Pack,24,0,900,0,0,21600
212,2026-02-16,149,SHEIKH AUTO PEHALWAN GOTH,N,2,69,ZIP Carburetor PZ-22,Pack,20,0,1900,0,0,38000
213,2026-02-16,25,AZAN AUTO BADIN,N,1,103,SILENCER ZIP 1,Pack,12,0,1450,0,0,17400
214,2026-02-16,36,HADIA K1 NORTH NAZIMABAD,N,1,96,ZIP 1HEAD COMPLETE EURO,Pack,1,0,4900,0,0,4900
214,2026-02-16,36,HADIA K1 NORTH NAZIMABAD,N,2,99,ZIP 1 MAGNET COIL RING CDI 70,Pack,5,0,1000,0,0,5000
214,2026-02-16,36,HADIA K1 NORTH NAZIMABAD,N,3,98,ZIP 1 MAGNET COIL RING HERO,Pack,5,0,1000,0,0,5000
214,2026-02-16,36,HADIA K1 NORTH NAZIMABAD,N,4,69,ZIP Carburetor PZ-22,Pack,5,0,2000,0,0,10000
214,2026-02-16,36,HADIA K1 NORTH NAZIMABAD,N,5,64,Clutch presur plate set zip 1,Pack,10,0,270,0,0,2700
214,2026-02-16,36,HADIA K1 NORTH NAZIMABAD,N,6,65,Clutch plate FCC CD-70 Set,Pack,10,0,200,0,0,2000
214,2026-02-16,36,HADIA K1 NORTH NAZIMABAD,N,7,94, SPARK PLUG C7HSA CHINA,Pack,20,0,80,0,0,1600
214,2026-02-16,36,HADIA K1 NORTH NAZIMABAD,N,8,100,ZIP 1 BRAKE SHOE FMC,Pack,30,0,230,0,0,6900
214,2026-02-16,36,HADIA K1 NORTH NAZIMABAD,N,9,103,SILENCER ZIP 1,Pack,3,0,1550,0,0,4650
215,2026-02-16,150,M UMER BADIN,N,1,100,ZIP 1 BRAKE SHOE FMC,Pack,60,0,215,0,0,12900
216,2026-02-17,25,AZAN AUTO BADIN,N,1,69,ZIP Carburetor PZ-22,Pack,50,0,1850,0,0,92500
217,2026-02-17,71,HAMZA KHAN AUTOS ORANGI TOWN,N,1,51,ZIP Spoke 300-17 Long Nipple,Pack,120,0,337.5,0,0,40500
218,2026-02-19,115,HONDA KARACHI PAKISTAN CHOWK,N,1,96,ZIP 1HEAD COMPLETE EURO,Pack,1,0,4900,0,0,4900
218,2026-02-19,115,HONDA KARACHI PAKISTAN CHOWK,N,2,69,ZIP Carburetor PZ-22,Pack,5,0,1950,0,0,9750
218,2026-02-19,115,HONDA KARACHI PAKISTAN CHOWK,N,3,99,ZIP 1 MAGNET COIL RING CDI 70,Pack,10,0,1020,0,0,10200
218,2026-02-19,115,HONDA KARACHI PAKISTAN CHOWK,N,4,98,ZIP 1 MAGNET COIL RING HERO,Pack,2,0,1020,0,0,2040
218,2026-02-19,115,HONDA KARACHI PAKISTAN CHOWK,N,5,100,ZIP 1 BRAKE SHOE FMC,Pack,9,0,235,0,0,2115
218,2026-02-19,115,HONDA KARACHI PAKISTAN CHOWK,N,7,64,Clutch presur plate set zip 1,Pack,20,0,265,0,0,5300
218,2026-02-19,115,HONDA KARACHI PAKISTAN CHOWK,N,8,103,SILENCER ZIP 1,Pack,2,0,1650,0,0,3300
218,2026-02-19,115,HONDA KARACHI PAKISTAN CHOWK,N,8,86,ZIP 1 GOLD CHAIN KIT CG-125,Pack,5,0,1750,0,0,8750
218,2026-02-19,115,HONDA KARACHI PAKISTAN CHOWK,N,9,102,MAGNET COMPLETE CDI-70 ZIP 1,Pack,2,0,3000,0,0,6000
218,2026-02-19,115,HONDA KARACHI PAKISTAN CHOWK,N,10,51,ZIP Spoke 300-17 Long Nipple,Pack,20,0,370,0,0,7400
218,2026-02-19,115,HONDA KARACHI PAKISTAN CHOWK,N,11,44,Dachi Engine Oil 700 ML Carton (BLACK),Pack,2,0,4200,0,0,8400
219,2026-02-19,56,RAHIM BHAI CLASSIC MOTORCYCLE,N,1,107,BATTERY NS 40,Pack,50,0,4500,0,0,225000
220,2026-02-19,24,AYAN AUTOS CLIFTON,N,1,65,Clutch plate FCC CD-70 Set,Pack,27,0,200,0,0,5400
221,2026-02-19,115,HONDA KARACHI PAKISTAN CHOWK,N,1,108,VALVE SEAL CHINA 70,Pack,1000,0,9.5,0,0,9500
222,2026-02-20,25,AZAN AUTO BADIN,N,1,50,ZIP Spoke 2.50-17,Pack,80,0,287.5,0,0,23000
223,2026-02-21,116,ASIF SUPPLIER ZIP 1,N,1,46,ZIP 1 CHAIN KIT GOLD 38-15 CD-70,Pack,10,0,1400,0,0,14000
224,2026-02-21,27,B.S BAKHTAWAR GOTH,N,1,95,ZIP 1 PUSH LOCK,Pack,28,0,455,0,0,12740
225,2026-02-23,57,RANA AUTOS LANDHI,N,1,69,ZIP Carburetor PZ-22,Pack,20,0,1900,0,0,38000
225,2026-02-23,57,RANA AUTOS LANDHI,N,2,104,CYLINDER KIT 78CM ZIP 1,Pack,20,0,2350,0,0,47000
225,2026-02-23,57,RANA AUTOS LANDHI,N,3,99,ZIP 1 MAGNET COIL RING CDI 70,Pack,24,0,950,0,0,22800
225,2026-02-23,57,RANA AUTOS LANDHI,N,4,96,ZIP 1HEAD COMPLETE EURO,Pack,3,0,4800,0,0,14400
225,2026-02-23,57,RANA AUTOS LANDHI,N,6,64,Clutch presur plate set zip 1,Pack,20,0,255,0,0,5100
225,2026-02-23,57,RANA AUTOS LANDHI,N,7,46,ZIP 1 CHAIN KIT GOLD 38-15 CD-70,Pack,50,0,1334,0,0,66700
226,2026-02-23,153,JUNAID AUTO SHAHFAISAL,N,1,99,ZIP 1 MAGNET COIL RING CDI 70,Pack,24,0,900,0,0,21600
226,2026-02-23,153,JUNAID AUTO SHAHFAISAL,N,2,104,CYLINDER KIT 78CM ZIP 1,Pack,5,0,2350,0,0,11750
226,2026-02-23,153,JUNAID AUTO SHAHFAISAL,N,3,69,ZIP Carburetor PZ-22,Pack,5,0,1900,0,0,9500
227,2026-02-23,142,MADINA AUTO AZIZABAD,N,1,104,CYLINDER KIT 78CM ZIP 1,Pack,2,0,2450,0,0,4900
227,2026-02-23,142,MADINA AUTO AZIZABAD,N,2,46,ZIP 1 CHAIN KIT GOLD 38-15 CD-70,Pack,10,0,1400,0,0,14000
227,2026-02-23,142,MADINA AUTO AZIZABAD,N,3,103,SILENCER ZIP 1,Pack,2,0,1550,0,0,3100
227,2026-02-23,142,MADINA AUTO AZIZABAD,N,4,94, SPARK PLUG C7HSA CHINA,Pack,30,0,75,0,0,2250
227,2026-02-23,142,MADINA AUTO AZIZABAD,N,5,86,ZIP 1 GOLD CHAIN KIT CG-125,Pack,2,0,1700,0,0,3400
228,2026-02-24,71,HAMZA KHAN AUTOS ORANGI TOWN,N,1,50,ZIP Spoke 2.50-17,Pack,80,0,300,0,0,24000
229,2026-02-24,139,IQBAL AUTO BALDIA,N,1,104,CYLINDER KIT 78CM ZIP 1,Pack,5,0,2450,0,0,12250
229,2026-02-24,139,IQBAL AUTO BALDIA,N,2,46,ZIP 1 CHAIN KIT GOLD 38-15 CD-70,Pack,10,0,1400,0,0,14000
229,2026-02-24,139,IQBAL AUTO BALDIA,N,3,51,ZIP Spoke 300-17 Long Nipple,Pack,15,0,340,0,0,5100
230,2026-02-24,73,HUSSAIN AUTO SHAH FAISAL,N,1,108,VALVE SEAL CHINA 70,Pack,1000,0,10,0,0,10000
230,2026-02-24,73,HUSSAIN AUTO SHAH FAISAL,N,2,106,CYLINDER KIT 97CM ZIP 1,Pack,3,0,2700,0,0,8100
230,2026-02-24,73,HUSSAIN AUTO SHAH FAISAL,N,3,109,HAF KIT GREEN CDI-70 ZIP 1,Pack,50,0,100,0,0,5000
231,2026-02-25,25,AZAN AUTO BADIN,N,1,104,CYLINDER KIT 78CM ZIP 1,Pack,8,0,2300,0,0,18400
231,2026-02-25,25,AZAN AUTO BADIN,N,2,106,CYLINDER KIT 97CM ZIP 1,Pack,8,0,2700,0,0,21600
232,2026-02-25,154,HAFEEZ AUTO KHAN BELA,N,1,99,ZIP 1 MAGNET COIL RING CDI 70,Pack,72,0,850,0,0,61200
233,2026-02-25,111,HAMZA AUTO SURJANI,N,1,69,ZIP Carburetor PZ-22,Pack,4,0,2000,0,0,8000
233,2026-02-25,111,HAMZA AUTO SURJANI,N,2,99,ZIP 1 MAGNET COIL RING CDI 70,Pack,6,0,1000,0,0,6000
233,2026-02-25,111,HAMZA AUTO SURJANI,N,3,98,ZIP 1 MAGNET COIL RING HERO,Pack,2,0,1000,0,0,2000
233,2026-02-25,111,HAMZA AUTO SURJANI,N,4,46,ZIP 1 CHAIN KIT GOLD 38-15 CD-70,Pack,10,0,1400,0,0,14000
233,2026-02-25,111,HAMZA AUTO SURJANI,N,5,94, SPARK PLUG C7HSA CHINA,Pack,20,0,75,0,0,1500
233,2026-02-25,111,HAMZA AUTO SURJANI,N,6,51,ZIP Spoke 300-17 Long Nipple,Pack,10,0,390,0,0,3900
234,2026-02-26,141,ALI AUTO MEHMODABAD,N,1,111,FRONT SHOCK  JH90 ZIP 1,Pack,5,0,4200,0,0,21000
234,2026-02-26,141,ALI AUTO MEHMODABAD,N,2,112,FRONT SHOCK CDI70-ZIP 1,Pack,2,0,4000,0,0,8000
234,2026-02-26,141,ALI AUTO MEHMODABAD,N,3,113,FRONT SHOCK CDI125-ZIP 1,Pack,1,0,4400,0,0,4400
234,2026-02-26,141,ALI AUTO MEHMODABAD,N,4,104,CYLINDER KIT 78CM ZIP 1,Pack,3,0,2400,0,0,7200
234,2026-02-26,141,ALI AUTO MEHMODABAD,N,5,64,Clutch presur plate set zip 1,Pack,30,0,255,0,0,7650
235,2026-02-26,20,ALI AUTOS ISLAM CHOWK,N,1,51,ZIP Spoke 300-17 Long Nipple,Pack,80,0,347,0,0,27760
235,2026-02-26,20,ALI AUTOS ISLAM CHOWK,N,2,50,ZIP Spoke 2.50-17,Pack,80,0,300,0,0,24000
235,2026-02-26,20,ALI AUTOS ISLAM CHOWK,N,3,99,ZIP 1 MAGNET COIL RING CDI 70,Pack,24,0,920,0,0,22080
236,2026-02-26,82,JUNAID AUTO AGRA TAJ,N,1,104,CYLINDER KIT 78CM ZIP 1,Pack,8,0,2350,0,0,18800
236,2026-02-26,82,JUNAID AUTO AGRA TAJ,N,2,111,FRONT SHOCK  JH90 ZIP 1,Pack,5,0,4100,0,0,20500
236,2026-02-26,82,JUNAID AUTO AGRA TAJ,N,3,112,FRONT SHOCK CDI70-ZIP 1,Pack,5,0,3900,0,0,19500
236,2026-02-26,82,JUNAID AUTO AGRA TAJ,N,4,114,REAR SHOCK JH90 BLK-ZIP 1,Pack,5,0,2800,0,0,14000
236,2026-02-26,82,JUNAID AUTO AGRA TAJ,N,5,117,REAR SHOCK GENUINE TYPE BLK-ZIP 1,Pack,5,0,2200,0,0,11000
237,2026-02-26,104,HAMZA AUTO MOSMIYAT,N,1,99,ZIP 1 MAGNET COIL RING CDI 70,Pack,24,0,850,0,0,20400
237,2026-02-26,104,HAMZA AUTO MOSMIYAT,N,2,98,ZIP 1 MAGNET COIL RING HERO,Pack,10,0,850,0,0,8500
238,2026-02-27,109,BABU AUTO SINDHI HOTEL,N,1,94, SPARK PLUG C7HSA CHINA,Pack,100,0,75,0,0,7500
238,2026-02-27,109,BABU AUTO SINDHI HOTEL,N,2,104,CYLINDER KIT 78CM ZIP 1,Pack,3,0,2450,0,0,7350
238,2026-02-27,109,BABU AUTO SINDHI HOTEL,N,3,46,ZIP 1 CHAIN KIT GOLD 38-15 CD-70,Pack,20,0,1400,0,0,28000
238,2026-02-27,109,BABU AUTO SINDHI HOTEL,N,4,99,ZIP 1 MAGNET COIL RING CDI 70,Pack,7,0,920,0,0,6440
238,2026-02-27,109,BABU AUTO SINDHI HOTEL,N,5,98,ZIP 1 MAGNET COIL RING HERO,Pack,3,0,920,0,0,2760
238,2026-02-27,109,BABU AUTO SINDHI HOTEL,N,6,101,PRESURE PLATE SET-ZIP 1,Pack,20,0,117,0,0,2340
238,2026-02-27,109,BABU AUTO SINDHI HOTEL,N,7,96,ZIP 1HEAD COMPLETE EURO,Pack,2,0,4800,0,0,9600
239,2026-02-27,68,ARIF AUTOS LANDHI,N,1,111,FRONT SHOCK  JH90 ZIP 1,Pack,5,0,4100,0,0,20500
239,2026-02-27,68,ARIF AUTOS LANDHI,N,2,112,FRONT SHOCK CDI70-ZIP 1,Pack,5,0,3900,0,0,19500
239,2026-02-27,68,ARIF AUTOS LANDHI,N,3,114,REAR SHOCK JH90 BLK-ZIP 1,Pack,5,0,2700,0,0,13500
239,2026-02-27,68,ARIF AUTOS LANDHI,N,4,117,REAR SHOCK GENUINE TYPE BLK-ZIP 1,Pack,3,0,2200,0,0,6600
239,2026-02-27,68,ARIF AUTOS LANDHI,N,5,116,REAR SHOCK GENUINE TYPE RED-ZIP 1,Pack,2,0,2200,0,0,4400
239,2026-02-27,68,ARIF AUTOS LANDHI,N,6,106,CYLINDER KIT 97CM ZIP 1,Pack,2,0,2700,0,0,5400
240,2026-02-27,128,ZAIB AUTO WATER PUMP,N,1,111,FRONT SHOCK  JH90 ZIP 1,Pack,5,0,4300,0,0,21500
240,2026-02-27,128,ZAIB AUTO WATER PUMP,N,2,112,FRONT SHOCK CDI70-ZIP 1,Pack,5,0,4100,0,0,20500
240,2026-02-27,128,ZAIB AUTO WATER PUMP,N,3,114,REAR SHOCK JH90 BLK-ZIP 1,Pack,5,0,2800,0,0,14000
240,2026-02-27,128,ZAIB AUTO WATER PUMP,N,4,115,REAR SHOCK JH90 RED-ZIP 1,Pack,2,0,2800,0,0,5600
240,2026-02-27,128,ZAIB AUTO WATER PUMP,N,5,117,REAR SHOCK GENUINE TYPE BLK-ZIP 1,Pack,5,0,2200,0,0,11000
240,2026-02-27,128,ZAIB AUTO WATER PUMP,N,6,104,CYLINDER KIT 78CM ZIP 1,Pack,5,0,2450,0,0,12250
240,2026-02-27,128,ZAIB AUTO WATER PUMP,N,7,105,CYLINDER KIT 72CM ZIP 1,Pack,2,0,2500,0,0,5000
241,2026-02-27,101,A.R AUTOS BAGH-E-KORANGI,N,1,111,FRONT SHOCK  JH90 ZIP 1,Pack,3,0,4300,0,0,12900
241,2026-02-27,101,A.R AUTOS BAGH-E-KORANGI,N,2,112,FRONT SHOCK CDI70-ZIP 1,Pack,2,0,4100,0,0,8200
241,2026-02-27,101,A.R AUTOS BAGH-E-KORANGI,N,3,113,FRONT SHOCK CDI125-ZIP 1,Pack,2,0,4600,0,0,9200
241,2026-02-27,101,A.R AUTOS BAGH-E-KORANGI,N,4,118,REAR SHOCK CDI-125 ZIP 1,Pack,3,0,2950,0,0,8850
241,2026-02-27,101,A.R AUTOS BAGH-E-KORANGI,N,5,117,REAR SHOCK GENUINE TYPE BLK-ZIP 1,Pack,3,0,2200,0,0,6600
241,2026-02-27,101,A.R AUTOS BAGH-E-KORANGI,N,6,98,ZIP 1 MAGNET COIL RING HERO,Pack,5,0,930,0,0,4650
241,2026-02-27,101,A.R AUTOS BAGH-E-KORANGI,N,7,94, SPARK PLUG C7HSA CHINA,Pack,20,0,72,0,0,1440
241,2026-02-27,101,A.R AUTOS BAGH-E-KORANGI,N,8,103,SILENCER ZIP 1,Pack,2,0,1550,0,0,3100
241,2026-02-27,101,A.R AUTOS BAGH-E-KORANGI,N,9,46,ZIP 1 CHAIN KIT GOLD 38-15 CD-70,Pack,10,0,1400,0,0,14000
241,2026-02-27,101,A.R AUTOS BAGH-E-KORANGI,N,10,69,ZIP Carburetor PZ-22,Pack,3,0,1950,0,0,5850
241,2026-02-27,101,A.R AUTOS BAGH-E-KORANGI,N,11,104,CYLINDER KIT 78CM ZIP 1,Pack,2,0,2400,0,0,4800
242,2026-02-27,25,AZAN AUTO BADIN,N,1,114,REAR SHOCK JH90 BLK-ZIP 1,Pack,5,0,2700,0,0,13500
242,2026-02-27,25,AZAN AUTO BADIN,N,2,111,FRONT SHOCK  JH90 ZIP 1,Pack,5,0,4100,0,0,20500
242,2026-02-27,25,AZAN AUTO BADIN,N,3,117,REAR SHOCK GENUINE TYPE BLK-ZIP 1,Pack,5,0,2300,0,0,11500
243,2026-02-27,42,KHATAOMAL PANGRIO,N,1,111,FRONT SHOCK  JH90 ZIP 1,Pack,5,0,4100,0,0,20500
243,2026-02-27,42,KHATAOMAL PANGRIO,N,2,114,REAR SHOCK JH90 BLK-ZIP 1,Pack,5,0,2700,0,0,13500
243,2026-02-27,42,KHATAOMAL PANGRIO,N,3,117,REAR SHOCK GENUINE TYPE BLK-ZIP 1,Pack,5,0,2300,0,0,11500
243,2026-02-27,42,KHATAOMAL PANGRIO,N,4,116,REAR SHOCK GENUINE TYPE RED-ZIP 1,Pack,5,0,2300,0,0,11500
243,2026-02-27,42,KHATAOMAL PANGRIO,N,5,115,REAR SHOCK JH90 RED-ZIP 1,Pack,5,0,2700,0,0,13500
243,2026-02-27,42,KHATAOMAL PANGRIO,N,6,104,CYLINDER KIT 78CM ZIP 1,Pack,8,0,2300,0,0,18400
243,2026-02-27,42,KHATAOMAL PANGRIO,N,7,106,CYLINDER KIT 97CM ZIP 1,Pack,4,0,2700,0,0,10800
243,2026-02-27,42,KHATAOMAL PANGRIO,N,8,102,MAGNET COMPLETE CDI-70 ZIP 1,Pack,4,0,2800,0,0,11200
243,2026-02-27,42,KHATAOMAL PANGRIO,N,9,96,ZIP 1HEAD COMPLETE EURO,Pack,2,0,4700,0,0,9400
243,2026-02-27,42,KHATAOMAL PANGRIO,N,10,69,ZIP Carburetor PZ-22,Pack,20,0,1850,0,0,37000
243,2026-02-27,42,KHATAOMAL PANGRIO,N,11,64,Clutch presur plate set zip 1,Pack,100,0,245,0,0,24500
243,2026-02-27,42,KHATAOMAL PANGRIO,N,12,57,ZIP 1 CHAIN KIT Gold 41-14 CD-70,Pack,10,0,1300,0,0,13000
243,2026-02-27,42,KHATAOMAL PANGRIO,N,13,48,ZIP 1 CHAIN KIT RED 41-14 CD-70,Pack,10,0,1200,0,0,12000
243,2026-02-27,42,KHATAOMAL PANGRIO,N,14,99,ZIP 1 MAGNET COIL RING CDI 70,Pack,24,0,850,0,0,20400
243,2026-02-27,42,KHATAOMAL PANGRIO,N,15,98,ZIP 1 MAGNET COIL RING HERO,Pack,5,0,850,0,0,4250
243,2026-02-27,42,KHATAOMAL PANGRIO,N,16,86,ZIP 1 GOLD CHAIN KIT CG-125,Pack,5,0,1650,0,0,8250
243,2026-02-27,42,KHATAOMAL PANGRIO,N,17,101,PRESURE PLATE SET-ZIP 1,Pack,100,0,110,0,0,11000
243,2026-02-27,42,KHATAOMAL PANGRIO,N,18,103,SILENCER ZIP 1,Pack,6,0,1550,0,0,9300
243,2026-02-27,42,KHATAOMAL PANGRIO,N,19,94, SPARK PLUG C7HSA CHINA,Pack,400,0,70,0,0,28000
243,2026-02-27,42,KHATAOMAL PANGRIO,N,20,108,VALVE SEAL CHINA 70,Pack,1000,0,8,0,0,8000
244,2026-02-27,115,HONDA KARACHI PAKISTAN CHOWK,N,1,111,FRONT SHOCK  JH90 ZIP 1,Pack,2,0,4500,0,0,9000
244,2026-02-27,115,HONDA KARACHI PAKISTAN CHOWK,N,2,113,FRONT SHOCK CDI125-ZIP 1,Pack,1,0,4700,0,0,4700
244,2026-02-27,115,HONDA KARACHI PAKISTAN CHOWK,N,3,112,FRONT SHOCK CDI70-ZIP 1,Pack,1,0,4300,0,0,4300
244,2026-02-27,115,HONDA KARACHI PAKISTAN CHOWK,N,4,114,REAR SHOCK JH90 BLK-ZIP 1,Pack,2,0,2850,0,0,5700
244,2026-02-27,115,HONDA KARACHI PAKISTAN CHOWK,N,5,115,REAR SHOCK JH90 RED-ZIP 1,Pack,2,0,2850,0,0,5700
244,2026-02-27,115,HONDA KARACHI PAKISTAN CHOWK,N,6,117,REAR SHOCK GENUINE TYPE BLK-ZIP 1,Pack,2,0,2400,0,0,4800
244,2026-02-27,115,HONDA KARACHI PAKISTAN CHOWK,N,7,116,REAR SHOCK GENUINE TYPE RED-ZIP 1,Pack,2,0,2400,0,0,4800
244,2026-02-27,115,HONDA KARACHI PAKISTAN CHOWK,N,8,118,REAR SHOCK CDI-125 ZIP 1,Pack,1,0,3000,0,0,3000
244,2026-02-27,115,HONDA KARACHI PAKISTAN CHOWK,N,9,104,CYLINDER KIT 78CM ZIP 1,Pack,2,0,2500,0,0,5000
245,2026-02-28,42,KHATAOMAL PANGRIO,N,1,100,ZIP 1 BRAKE SHOE FMC,Pack,180,0,215,0,0,38700
246,2026-02-28,150,M UMER BADIN,N,1,100,ZIP 1 BRAKE SHOE FMC,Pack,180,0,215,0,0,38700
247,2026-02-28,25,AZAN AUTO BADIN,N,1,100,ZIP 1 BRAKE SHOE FMC,Pack,180,0,215,0,0,38700
248,2026-02-28,98,ASLAM AUTOS MARIPUR,N,1,111,FRONT SHOCK  JH90 ZIP 1,Pack,5,0,4000,0,0,20000
248,2026-02-28,98,ASLAM AUTOS MARIPUR,N,2,114,REAR SHOCK JH90 BLK-ZIP 1,Pack,5,0,2700,0,0,13500
248,2026-02-28,98,ASLAM AUTOS MARIPUR,N,3,104,CYLINDER KIT 78CM ZIP 1,Pack,8,0,2350,0,0,18800
248,2026-02-28,98,ASLAM AUTOS MARIPUR,N,4,113,FRONT SHOCK CDI125-ZIP 1,Pack,2,0,4400,0,0,8800
248,2026-02-28,98,ASLAM AUTOS MARIPUR,N,5,118,REAR SHOCK CDI-125 ZIP 1,Pack,2,0,2700,0,0,5400
248,2026-02-28,98,ASLAM AUTOS MARIPUR,N,6,103,SILENCER ZIP 1,Pack,8,0,1500,0,0,12000
249,2026-02-28,104,HAMZA AUTO MOSMIYAT,N,1,108,VALVE SEAL CHINA 70,Pack,1000,0,7,0,0,7000
250,2026-02-28,116,ASIF SUPPLIER ZIP 1,N,1,111,FRONT SHOCK  JH90 ZIP 1,Pack,1,0,4500,0,0,4500
250,2026-02-28,116,ASIF SUPPLIER ZIP 1,N,2,112,FRONT SHOCK CDI70-ZIP 1,Pack,1,0,4300,0,0,4300
250,2026-02-28,116,ASIF SUPPLIER ZIP 1,N,3,114,REAR SHOCK JH90 BLK-ZIP 1,Pack,1,0,3000,0,0,3000
250,2026-02-28,116,ASIF SUPPLIER ZIP 1,N,4,99,ZIP 1 MAGNET COIL RING CDI 70,Pack,3,0,1050,0,0,3150
250,2026-02-28,116,ASIF SUPPLIER ZIP 1,N,5,51,ZIP Spoke 300-17 Long Nipple,Pack,12,0,375,0,0,4500
250,2026-02-28,116,ASIF SUPPLIER ZIP 1,N,6,50,ZIP Spoke 2.50-17,Pack,12,0,312.5,0,0,3750
251,2026-03-02,157,ASGHER AUTO UP,N,1,96,ZIP 1HEAD COMPLETE EURO,Pack,1,0,4800,0,0,4800
251,2026-03-02,157,ASGHER AUTO UP,N,2,104,CYLINDER KIT 78CM ZIP 1,Pack,5,0,2350,0,0,11750
251,2026-03-02,157,ASGHER AUTO UP,N,3,99,ZIP 1 MAGNET COIL RING CDI 70,Pack,6,0,900,0,0,5400
251,2026-03-02,157,ASGHER AUTO UP,N,4,98,ZIP 1 MAGNET COIL RING HERO,Pack,6,0,900,0,0,5400
251,2026-03-02,157,ASGHER AUTO UP,N,5,69,ZIP Carburetor PZ-22,Pack,5,0,1900,0,0,9500
251,2026-03-02,157,ASGHER AUTO UP,N,6,71,ZIP 1 Clutch Plate Set CD-70 Green,Pack,25,0,140,0,0,3500
251,2026-03-02,157,ASGHER AUTO UP,N,7,101,PRESURE PLATE SET-ZIP 1,Pack,50,0,110,0,0,5500
251,2026-03-02,157,ASGHER AUTO UP,N,8,46,ZIP 1 CHAIN KIT GOLD 38-15 CD-70,Pack,10,0,1450,0,0,14500
251,2026-03-02,157,ASGHER AUTO UP,N,9,86,ZIP 1 GOLD CHAIN KIT CG-125,Pack,3,0,1700,0,0,5100
251,2026-03-02,157,ASGHER AUTO UP,N,10,50,ZIP Spoke 2.50-17,Pack,12,0,300,0,0,3600
251,2026-03-02,157,ASGHER AUTO UP,N,11,51,ZIP Spoke 300-17 Long Nipple,Pack,12,0,350,0,0,4200
251,2026-03-02,157,ASGHER AUTO UP,N,12,94, SPARK PLUG C7HSA CHINA,Pack,50,0,72,0,0,3600
251,2026-03-02,157,ASGHER AUTO UP,N,13,111,FRONT SHOCK  JH90 ZIP 1,Pack,2,0,4200,0,0,8400
251,2026-03-02,157,ASGHER AUTO UP,N,14,112,FRONT SHOCK CDI70-ZIP 1,Pack,2,0,4100,0,0,8200
251,2026-03-02,157,ASGHER AUTO UP,N,15,114,REAR SHOCK JH90 BLK-ZIP 1,Pack,3,0,2900,0,0,8700
251,2026-03-02,157,ASGHER AUTO UP,N,16,117,REAR SHOCK GENUINE TYPE BLK-ZIP 1,Pack,2,0,2400,0,0,4800
251,2026-03-02,157,ASGHER AUTO UP,N,17,100,ZIP 1 BRAKE SHOE FMC,Pack,25,0,220,0,0,5500
251,2026-03-02,157,ASGHER AUTO UP,N,18,108,VALVE SEAL CHINA 70,Pack,1000,0,8,0,0,8000
252,2026-03-02,62,SADIQ SONS QUETTA,N,1,34,ZIP Gear Oil 1 Litre,Pack,10,0,6200,0,0,62000
253,2026-03-02,157,ASGHER AUTO UP,N,1,60,CHAIN COVER 0.6MM ZIP 1,Pack,20,0,610,0,0,12200
254,2026-03-02,158,PAKISTAN AUTO QUAIDABAD,N,1,47,ZIP 1 CHAIN KIT RED 38-15 CD-70,Pack,10,0,1300,0,0,13000
255,2026-03-03,159,WAQAS AUTO BUFFER ZONE,N,1,69,ZIP Carburetor PZ-22,Pack,3,0,1950,0,0,5850
255,2026-03-03,159,WAQAS AUTO BUFFER ZONE,N,2,71,ZIP 1 Clutch Plate Set CD-70 Green,Pack,5,0,145,0,0,725
255,2026-03-03,159,WAQAS AUTO BUFFER ZONE,N,3,101,PRESURE PLATE SET-ZIP 1,Pack,5,0,120,0,0,600
255,2026-03-03,159,WAQAS AUTO BUFFER ZONE,N,4,50,ZIP Spoke 2.50-17,Pack,10,0,310,0,0,3100
255,2026-03-03,159,WAQAS AUTO BUFFER ZONE,N,5,111,FRONT SHOCK  JH90 ZIP 1,Pack,1,0,4300,0,0,4300
255,2026-03-03,159,WAQAS AUTO BUFFER ZONE,N,6,113,FRONT SHOCK CDI125-ZIP 1,Pack,1,0,4500,0,0,4500
255,2026-03-03,159,WAQAS AUTO BUFFER ZONE,N,7,119,FRONT SHOCK JH.90 RECO STAR,Pack,1,0,3300,0,0,3300
255,2026-03-03,159,WAQAS AUTO BUFFER ZONE,N,8,122,REAR SHOCK CDI70 BLK(H)RECO STAR,Pack,2,0,2000,0,0,4000
256,2026-03-03,160,HAJI IQBAL QURESHI U.P,N,1,96,ZIP 1HEAD COMPLETE EURO,Pack,3,0,4800,0,0,14400
256,2026-03-03,160,HAJI IQBAL QURESHI U.P,N,2,104,CYLINDER KIT 78CM ZIP 1,Pack,2,0,2450,0,0,4900
256,2026-03-03,160,HAJI IQBAL QURESHI U.P,N,3,99,ZIP 1 MAGNET COIL RING CDI 70,Pack,10,0,920,0,0,9200
256,2026-03-03,160,HAJI IQBAL QURESHI U.P,N,4,64,Clutch presur plate set zip 1,Pack,10,0,260,0,0,2600
256,2026-03-03,160,HAJI IQBAL QURESHI U.P,N,5,46,ZIP 1 CHAIN KIT GOLD 38-15 CD-70,Pack,10,0,1400,0,0,14000
256,2026-03-03,160,HAJI IQBAL QURESHI U.P,N,6,102,MAGNET COMPLETE CDI-70 ZIP 1,Pack,2,0,3000,0,0,6000
256,2026-03-03,160,HAJI IQBAL QURESHI U.P,N,7,114,REAR SHOCK JH90 BLK-ZIP 1,Pack,2,0,2950,0,0,5900
256,2026-03-03,160,HAJI IQBAL QURESHI U.P,N,8,118,REAR SHOCK CDI-125 ZIP 1,Pack,2,0,3000,0,0,6000
256,2026-03-03,160,HAJI IQBAL QURESHI U.P,N,9,100,ZIP 1 BRAKE SHOE FMC,Pack,10,0,230,0,0,2300
256,2026-03-03,160,HAJI IQBAL QURESHI U.P,N,10,113,FRONT SHOCK CDI125-ZIP 1,Pack,2,0,4500,0,0,9000
256,2026-03-03,160,HAJI IQBAL QURESHI U.P,N,11,122,REAR SHOCK CDI70 BLK(H)RECO STAR,Pack,2,0,2000,0,0,4000
256,2026-03-03,160,HAJI IQBAL QURESHI U.P,N,12,121,REAR SHOCK JH90 BLK RECO STAR,Pack,2,0,2350,0,0,4700
257,2026-03-03,161,SHAYAN AUTO U.P,N,1,96,ZIP 1HEAD COMPLETE EURO,Pack,2,0,4800,0,0,9600
257,2026-03-03,161,SHAYAN AUTO U.P,N,2,104,CYLINDER KIT 78CM ZIP 1,Pack,2,0,2450,0,0,4900
257,2026-03-03,161,SHAYAN AUTO U.P,N,3,99,ZIP 1 MAGNET COIL RING CDI 70,Pack,5,0,920,0,0,4600
257,2026-03-03,161,SHAYAN AUTO U.P,N,4,102,MAGNET COMPLETE CDI-70 ZIP 1,Pack,1,0,3000,0,0,3000
257,2026-03-03,161,SHAYAN AUTO U.P,N,5,117,REAR SHOCK GENUINE TYPE BLK-ZIP 1,Pack,1,0,2450,0,0,2450
257,2026-03-03,161,SHAYAN AUTO U.P,N,6,122,REAR SHOCK CDI70 BLK(H)RECO STAR,Pack,1,0,2000,0,0,2000
258,2026-03-03,162,M.S MURAD ORANGI,N,1,121,REAR SHOCK JH90 BLK RECO STAR,Pack,2,0,2350,0,0,4700
258,2026-03-03,162,M.S MURAD ORANGI,N,2,104,CYLINDER KIT 78CM ZIP 1,Pack,2,0,2500,0,0,5000
258,2026-03-03,162,M.S MURAD ORANGI,N,3,119,FRONT SHOCK JH.90 RECO STAR,Pack,2,0,3400,0,0,6800
259,2026-03-03,164,STAR AUTO MAYMAR,N,1,96,ZIP 1HEAD COMPLETE EURO,Pack,1,0,5000,0,0,5000
259,2026-03-03,164,STAR AUTO MAYMAR,N,2,104,CYLINDER KIT 78CM ZIP 1,Pack,1,0,2500,0,0,2500
259,2026-03-03,164,STAR AUTO MAYMAR,N,3,99,ZIP 1 MAGNET COIL RING CDI 70,Pack,10,0,950,0,0,9500
259,2026-03-03,164,STAR AUTO MAYMAR,N,4,69,ZIP Carburetor PZ-22,Pack,2,0,2000,0,0,4000
259,2026-03-03,164,STAR AUTO MAYMAR,N,5,64,Clutch presur plate set zip 1,Pack,10,0,265,0,0,2650
259,2026-03-03,164,STAR AUTO MAYMAR,N,6,46,ZIP 1 CHAIN KIT GOLD 38-15 CD-70,Pack,10,0,1400,0,0,14000
259,2026-03-03,164,STAR AUTO MAYMAR,N,7,86,ZIP 1 GOLD CHAIN KIT CG-125,Pack,5,0,1700,0,0,8500
259,2026-03-03,164,STAR AUTO MAYMAR,N,8,51,ZIP Spoke 300-17 Long Nipple,Pack,10,0,375,0,0,3750
259,2026-03-03,164,STAR AUTO MAYMAR,N,9,50,ZIP Spoke 2.50-17,Pack,10,0,312.5,0,0,3125
259,2026-03-03,164,STAR AUTO MAYMAR,N,10,102,MAGNET COMPLETE CDI-70 ZIP 1,Pack,2,0,3100,0,0,6200
259,2026-03-03,164,STAR AUTO MAYMAR,N,11,100,ZIP 1 BRAKE SHOE FMC,Pack,10,0,235,0,0,2350
259,2026-03-03,164,STAR AUTO MAYMAR,N,12,60,CHAIN COVER 0.6MM ZIP 1,Pack,10,0,650,0,0,6500
259,2026-03-03,164,STAR AUTO MAYMAR,N,13,117,REAR SHOCK GENUINE TYPE BLK-ZIP 1,Pack,2,0,2350,0,0,4700
260,2026-03-03,158,PAKISTAN AUTO QUAIDABAD,N,1,102,MAGNET COMPLETE CDI-70 ZIP 1,Pack,1,0,3100,0,0,3100
260,2026-03-03,158,PAKISTAN AUTO QUAIDABAD,N,2,96,ZIP 1HEAD COMPLETE EURO,Pack,1,0,5000,0,0,5000
260,2026-03-03,158,PAKISTAN AUTO QUAIDABAD,N,3,64,Clutch presur plate set zip 1,Pack,5,0,265,0,0,1325
260,2026-03-03,158,PAKISTAN AUTO QUAIDABAD,N,4,99,ZIP 1 MAGNET COIL RING CDI 70,Pack,5,0,950,0,0,4750
260,2026-03-03,158,PAKISTAN AUTO QUAIDABAD,N,5,86,ZIP 1 GOLD CHAIN KIT CG-125,Pack,5,0,1700,0,0,8500
260,2026-03-03,158,PAKISTAN AUTO QUAIDABAD,N,6,104,CYLINDER KIT 78CM ZIP 1,Pack,1,0,2500,0,0,2500
260,2026-03-03,158,PAKISTAN AUTO QUAIDABAD,N,7,100,ZIP 1 BRAKE SHOE FMC,Pack,10,0,235,0,0,2350
260,2026-03-03,158,PAKISTAN AUTO QUAIDABAD,N,8,122,REAR SHOCK CDI70 BLK(H)RECO STAR,Pack,1,0,2000,0,0,2000
260,2026-03-03,158,PAKISTAN AUTO QUAIDABAD,N,9,121,REAR SHOCK JH90 BLK RECO STAR,Pack,1,0,2350,0,0,2350
261,2026-03-03,130,ALVI AUTO BALDIA 4 NUMBER,N,1,51,ZIP Spoke 300-17 Long Nipple,Pack,120,0,330,0,0,39600
262,2026-03-03,139,IQBAL AUTO BALDIA,N,1,51,ZIP Spoke 300-17 Long Nipple,Pack,12,0,340,0,0,4080
262,2026-03-03,139,IQBAL AUTO BALDIA,N,2,96,ZIP 1HEAD COMPLETE EURO,Pack,1,0,4800,0,0,4800
262,2026-03-03,139,IQBAL AUTO BALDIA,N,3,64,Clutch presur plate set zip 1,Pack,10,0,255,0,0,2550
262,2026-03-03,139,IQBAL AUTO BALDIA,N,4,60,CHAIN COVER 0.6MM ZIP 1,Pack,5,0,630,0,0,3150
262,2026-03-03,139,IQBAL AUTO BALDIA,N,5,102,MAGNET COMPLETE CDI-70 ZIP 1,Pack,1,0,3000,0,0,3000
263,2026-03-03,42,KHATAOMAL PANGRIO,N,1,60,CHAIN COVER 0.6MM ZIP 1,Pack,60,0,630,0,0,37800
264,2026-03-05,165,ORANGZAIB AUTO SHEDAD PUR,N,1,95,ZIP 1 PUSH LOCK,Pack,100,0,460,0,0,46000
265,2026-03-05,166,M.A AUTO VINDER,N,1,48,ZIP 1 CHAIN KIT RED 41-14 CD-70,Pack,10,0,1300,0,0,13000
266,2026-03-05,150,M UMER BADIN,N,1,99,ZIP 1 MAGNET COIL RING CDI 70,Pack,72,0,900,0,0,64800
268,2026-03-05,104,HAMZA AUTO MOSMIYAT,N,1,119,FRONT SHOCK JH.90 RECO STAR,Pack,10,0,3050,0,0,30500
268,2026-03-05,104,HAMZA AUTO MOSMIYAT,N,2,120,FRONT SHOCK CDI.70 RECO STAR,Pack,5,0,2950,0,0,14750
268,2026-03-05,104,HAMZA AUTO MOSMIYAT,N,3,121,REAR SHOCK JH90 BLK RECO STAR,Pack,10,0,2200,0,0,22000
268,2026-03-05,104,HAMZA AUTO MOSMIYAT,N,4,122,REAR SHOCK CDI70 BLK(H)RECO STAR,Pack,5,0,2000,0,0,10000
269,2026-03-05,104,HAMZA AUTO MOSMIYAT,N,1,114,REAR SHOCK JH90 BLK-ZIP 1,Pack,5,0,2700,0,0,13500
269,2026-03-05,104,HAMZA AUTO MOSMIYAT,N,2,118,REAR SHOCK CDI-125 ZIP 1,Pack,5,0,2800,0,0,14000
269,2026-03-05,104,HAMZA AUTO MOSMIYAT,N,3,117,REAR SHOCK GENUINE TYPE BLK-ZIP 1,Pack,2,0,2200,0,0,4400
269,2026-03-05,104,HAMZA AUTO MOSMIYAT,N,4,116,REAR SHOCK GENUINE TYPE RED-ZIP 1,Pack,2,0,2200,0,0,4400
269,2026-03-05,104,HAMZA AUTO MOSMIYAT,N,5,111,FRONT SHOCK  JH90 ZIP 1,Pack,5,0,4100,0,0,20500
269,2026-03-05,104,HAMZA AUTO MOSMIYAT,N,6,112,FRONT SHOCK CDI70-ZIP 1,Pack,2,0,4000,0,0,8000
270,2026-03-05,91,ADNAN SURJANI 7B,N,1,100,ZIP 1 BRAKE SHOE FMC,Pack,30,0,225,0,0,6750
271,2026-03-05,129,B.S AUTO AZIZABAD,N,1,102,MAGNET COMPLETE CDI-70 ZIP 1,Pack,2,0,2900,0,0,5800
271,2026-03-05,129,B.S AUTO AZIZABAD,N,2,99,ZIP 1 MAGNET COIL RING CDI 70,Pack,5,0,900,0,0,4500
271,2026-03-05,129,B.S AUTO AZIZABAD,N,3,104,CYLINDER KIT 78CM ZIP 1,Pack,2,0,2350,0,0,4700
271,2026-03-05,129,B.S AUTO AZIZABAD,N,4,111,FRONT SHOCK  JH90 ZIP 1,Pack,2,0,4000,0,0,8000
271,2026-03-05,129,B.S AUTO AZIZABAD,N,5,114,REAR SHOCK JH90 BLK-ZIP 1,Pack,2,0,2700,0,0,5400
271,2026-03-05,129,B.S AUTO AZIZABAD,N,6,117,REAR SHOCK GENUINE TYPE BLK-ZIP 1,Pack,1,0,2200,0,0,2200
272,2026-03-05,25,AZAN AUTO BADIN,N,2,48,ZIP 1 CHAIN KIT RED 41-14 CD-70,Pack,10,0,1200,0,0,12000
272,2026-03-05,25,AZAN AUTO BADIN,N,3,57,ZIP 1 CHAIN KIT Gold 41-14 CD-70,Pack,20,0,1300,0,0,26000
272,2026-03-05,25,AZAN AUTO BADIN,N,4,99,ZIP 1 MAGNET COIL RING CDI 70,Pack,24,0,850,0,0,20400
273,2026-03-05,168,B.S AUTO QUAIDABAD,N,1,99,ZIP 1 MAGNET COIL RING CDI 70,Pack,24,0,900,0,0,21600
274,2026-03-05,167,QADRI AUTO SHAH FAISAL,N,1,99,ZIP 1 MAGNET COIL RING CDI 70,Pack,5,0,950,0,0,4750
274,2026-03-05,167,QADRI AUTO SHAH FAISAL,N,2,98,ZIP 1 MAGNET COIL RING HERO,Pack,3,0,950,0,0,2850
274,2026-03-05,167,QADRI AUTO SHAH FAISAL,N,3,64,Clutch presur plate set zip 1,Pack,15,0,265,0,0,3975
275,2026-03-06,169,TAYYAB AUTO MEHMODABAD,N,1,64,Clutch presur plate set zip 1,Pack,20,0,265,0,0,5300
275,2026-03-06,169,TAYYAB AUTO MEHMODABAD,N,2,95,ZIP 1 PUSH LOCK,Pack,20,0,465,0,0,9300
275,2026-03-06,169,TAYYAB AUTO MEHMODABAD,N,3,46,ZIP 1 CHAIN KIT GOLD 38-15 CD-70,Pack,10,0,1400,0,0,14000
275,2026-03-06,169,TAYYAB AUTO MEHMODABAD,N,4,94, SPARK PLUG C7HSA CHINA,Pack,50,0,75,0,0,3750
275,2026-03-06,169,TAYYAB AUTO MEHMODABAD,N,5,121,REAR SHOCK JH90 BLK RECO STAR,Pack,5,0,2350,0,0,11750
275,2026-03-06,169,TAYYAB AUTO MEHMODABAD,N,6,119,FRONT SHOCK JH.90 RECO STAR,Pack,2,0,3300,0,0,6600
275,2026-03-06,169,TAYYAB AUTO MEHMODABAD,N,7,120,FRONT SHOCK CDI.70 RECO STAR,Pack,1,0,3200,0,0,3200
276,2026-03-06,170,ABDUL HADI AUTO DRIG ROAD,N,1,96,ZIP 1HEAD COMPLETE EURO,Pack,1,0,5000,0,0,5000
276,2026-03-06,170,ABDUL HADI AUTO DRIG ROAD,N,2,99,ZIP 1 MAGNET COIL RING CDI 70,Pack,5,0,950,0,0,4750
276,2026-03-06,170,ABDUL HADI AUTO DRIG ROAD,N,3,64,Clutch presur plate set zip 1,Pack,5,0,265,0,0,1325
276,2026-03-06,170,ABDUL HADI AUTO DRIG ROAD,N,4,94, SPARK PLUG C7HSA CHINA,Pack,50,0,75,0,0,3750
276,2026-03-06,170,ABDUL HADI AUTO DRIG ROAD,N,5,111,FRONT SHOCK  JH90 ZIP 1,Pack,1,0,4500,0,0,4500
276,2026-03-06,170,ABDUL HADI AUTO DRIG ROAD,N,6,112,FRONT SHOCK CDI70-ZIP 1,Pack,1,0,4300,0,0,4300
276,2026-03-06,170,ABDUL HADI AUTO DRIG ROAD,N,7,95,ZIP 1 PUSH LOCK,Pack,10,0,490,0,0,4900
276,2026-03-06,170,ABDUL HADI AUTO DRIG ROAD,N,8,114,REAR SHOCK JH90 BLK-ZIP 1,Pack,1,0,3000,0,0,3000
277,2026-03-07,171,MAMA JAMALI AUTO BADIN,N,1,123,ONLY FRY WHEEL MAGNET ZIP 1,Pack,20,0,1500,0,0,30000
278,2026-03-07,25,AZAN AUTO BADIN,N,1,111,FRONT SHOCK  JH90 ZIP 1,Pack,8,0,4100,0,0,32800
278,2026-03-07,25,AZAN AUTO BADIN,N,2,114,REAR SHOCK JH90 BLK-ZIP 1,Pack,5,0,2700,0,0,13500
278,2026-03-07,25,AZAN AUTO BADIN,N,3,117,REAR SHOCK GENUINE TYPE BLK-ZIP 1,Pack,5,0,2300,0,0,11500
278,2026-03-07,25,AZAN AUTO BADIN,N,4,64,Clutch presur plate set zip 1,Pack,100,0,245,0,0,24500
278,2026-03-07,25,AZAN AUTO BADIN,N,5,112,FRONT SHOCK CDI70-ZIP 1,Pack,2,0,4000,0,0,8000
279,2026-03-07,172,FINAL AUTO MARKET,N,1,99,ZIP 1 MAGNET COIL RING CDI 70,Pack,10,0,850,0,0,8500
279,2026-03-07,172,FINAL AUTO MARKET,N,2,100,ZIP 1 BRAKE SHOE FMC,Pack,60,0,215,0,0,12900
279,2026-03-07,172,FINAL AUTO MARKET,N,3,44,Dachi Engine Oil 700 ML Carton (BLACK),Pack,2,0,3750,0,0,7500
280,2026-03-07,173,B.S AUTO FARZAN BAK KORANGI,N,1,46,ZIP 1 CHAIN KIT GOLD 38-15 CD-70,Pack,10,0,1400,0,0,14000
280,2026-03-07,173,B.S AUTO FARZAN BAK KORANGI,N,2,100,ZIP 1 BRAKE SHOE FMC,Pack,20,0,240,0,0,4800
280,2026-03-07,173,B.S AUTO FARZAN BAK KORANGI,N,3,99,ZIP 1 MAGNET COIL RING CDI 70,Pack,5,0,1100,0,0,5500
280,2026-03-07,173,B.S AUTO FARZAN BAK KORANGI,N,4,98,ZIP 1 MAGNET COIL RING HERO,Pack,3,0,1100,0,0,3300
280,2026-03-07,173,B.S AUTO FARZAN BAK KORANGI,N,5,86,ZIP 1 GOLD CHAIN KIT CG-125,Pack,2,0,1750,0,0,3500
280,2026-03-07,173,B.S AUTO FARZAN BAK KORANGI,N,6,69,ZIP Carburetor PZ-22,Pack,2,0,2100,0,0,4200
280,2026-03-07,173,B.S AUTO FARZAN BAK KORANGI,N,7,51,ZIP Spoke 300-17 Long Nipple,Pack,4,0,400,0,0,1600
280,2026-03-07,173,B.S AUTO FARZAN BAK KORANGI,N,8,50,ZIP Spoke 2.50-17,Pack,4,0,350,0,0,1400
280,2026-03-07,173,B.S AUTO FARZAN BAK KORANGI,N,9,64,Clutch presur plate set zip 1,Pack,20,0,275,0,0,5500
281,2026-03-07,174,FAROOQ AUTO SHAH FAISAL,N,1,104,CYLINDER KIT 78CM ZIP 1,Pack,2,0,2500,0,0,5000
281,2026-03-07,174,FAROOQ AUTO SHAH FAISAL,N,2,114,REAR SHOCK JH90 BLK-ZIP 1,Pack,2,0,2750,0,0,5500
281,2026-03-07,174,FAROOQ AUTO SHAH FAISAL,N,3,117,REAR SHOCK GENUINE TYPE BLK-ZIP 1,Pack,2,0,2100,0,0,4200
281,2026-03-07,174,FAROOQ AUTO SHAH FAISAL,N,4,116,REAR SHOCK GENUINE TYPE RED-ZIP 1,Pack,1,0,2100,0,0,2100
281,2026-03-07,174,FAROOQ AUTO SHAH FAISAL,N,5,99,ZIP 1 MAGNET COIL RING CDI 70,Pack,5,0,930,0,0,4650
281,2026-03-07,174,FAROOQ AUTO SHAH FAISAL,N,6,96,ZIP 1HEAD COMPLETE EURO,Pack,1,0,4850,0,0,4850
281,2026-03-07,174,FAROOQ AUTO SHAH FAISAL,N,7,95,ZIP 1 PUSH LOCK,Pack,10,0,470,0,0,4700
281,2026-03-07,174,FAROOQ AUTO SHAH FAISAL,N,8,111,FRONT SHOCK  JH90 ZIP 1,Pack,1,0,4100,0,0,4100
281,2026-03-07,174,FAROOQ AUTO SHAH FAISAL,N,9,113,FRONT SHOCK CDI125-ZIP 1,Pack,1,0,4500,0,0,4500
282,2026-03-09,186,MAMA ASHFAQ BADIN,N,1,48,ZIP 1 CHAIN KIT RED 41-14 CD-70,Pack,9,0,1200,0,0,10800
282,2026-03-09,186,MAMA ASHFAQ BADIN,N,2,57,ZIP 1 CHAIN KIT Gold 41-14 CD-70,Pack,50,0,1300,0,0,65000
283,2026-03-09,115,HONDA KARACHI PAKISTAN CHOWK,N,1,60,CHAIN COVER 0.6MM ZIP 1,Pack,10,0,630,0,0,6300
284,2026-03-09,92,OSAMA ISLAM CHOWK,N,1,99,ZIP 1 MAGNET COIL RING CDI 70,Pack,5,0,930,0,0,4650
284,2026-03-09,92,OSAMA ISLAM CHOWK,N,2,69,ZIP Carburetor PZ-22,Pack,10,0,1950,0,0,19500
284,2026-03-09,92,OSAMA ISLAM CHOWK,N,3,94, SPARK PLUG C7HSA CHINA,Pack,30,0,75,0,0,2250
284,2026-03-09,92,OSAMA ISLAM CHOWK,N,4,122,REAR SHOCK CDI70 BLK(H)RECO STAR,Pack,9,0,1950,0,0,17550
284,2026-03-09,92,OSAMA ISLAM CHOWK,N,5,95,ZIP 1 PUSH LOCK,Pack,10,0,475,0,0,4750
285,2026-03-09,68,ARIF AUTOS LANDHI,N,1,69,ZIP Carburetor PZ-22,Pack,40,0,1900,0,0,76000
285,2026-03-09,68,ARIF AUTOS LANDHI,N,2,60,CHAIN COVER 0.6MM ZIP 1,Pack,50,0,600,0,0,30000
285,2026-03-09,68,ARIF AUTOS LANDHI,N,3,104,CYLINDER KIT 78CM ZIP 1,Pack,4,0,2350,0,0,9400
286,2026-03-09,156,SUMAIR AUTO GOLIMAR,N,1,121,REAR SHOCK JH90 BLK RECO STAR,Pack,10,0,2200,0,0,22000
287,2026-03-09,53,NOORANI AUTOS BADIN,N,1,115,REAR SHOCK JH90 RED-ZIP 1,Pack,5,0,2700,0,0,13500
287,2026-03-09,53,NOORANI AUTOS BADIN,N,2,114,REAR SHOCK JH90 BLK-ZIP 1,Pack,10,0,2700,0,0,27000
287,2026-03-09,53,NOORANI AUTOS BADIN,N,3,69,ZIP Carburetor PZ-22,Pack,20,0,1850,0,0,37000
287,2026-03-09,53,NOORANI AUTOS BADIN,N,4,64,Clutch presur plate set zip 1,Pack,150,0,245,0,0,36750
287,2026-03-09,53,NOORANI AUTOS BADIN,N,5,108,VALVE SEAL CHINA 70,Pack,1000,0,8.5,0,0,8500
288,2026-03-10,175,JAPAN AUTO WATER PUMP,N,1,121,REAR SHOCK JH90 BLK RECO STAR,Pack,2,0,2200,0,0,4400
288,2026-03-10,175,JAPAN AUTO WATER PUMP,N,2,114,REAR SHOCK JH90 BLK-ZIP 1,Pack,1,0,2800,0,0,2800
288,2026-03-10,175,JAPAN AUTO WATER PUMP,N,3,99,ZIP 1 MAGNET COIL RING CDI 70,Pack,5,0,1000,0,0,5000
288,2026-03-10,175,JAPAN AUTO WATER PUMP,N,4,104,CYLINDER KIT 78CM ZIP 1,Pack,1,0,2400,0,0,2400
288,2026-03-10,175,JAPAN AUTO WATER PUMP,N,5,100,ZIP 1 BRAKE SHOE FMC,Pack,10,0,235,0,0,2350
288,2026-03-10,175,JAPAN AUTO WATER PUMP,N,6,46,ZIP 1 CHAIN KIT GOLD 38-15 CD-70,Pack,5,0,1400,0,0,7000
288,2026-03-10,175,JAPAN AUTO WATER PUMP,N,7,51,ZIP Spoke 300-17 Long Nipple,Pack,12,0,340,0,0,4080
288,2026-03-10,175,JAPAN AUTO WATER PUMP,N,8,50,ZIP Spoke 2.50-17,Pack,12,0,305,0,0,3660
288,2026-03-10,175,JAPAN AUTO WATER PUMP,N,9,60,CHAIN COVER 0.6MM ZIP 1,Pack,5,0,620,0,0,3100
289,2026-03-10,176,ANSARI AUTO DASTAGIR,N,1,46,ZIP 1 CHAIN KIT GOLD 38-15 CD-70,Pack,5,0,1400,0,0,7000
289,2026-03-10,176,ANSARI AUTO DASTAGIR,N,2,86,ZIP 1 GOLD CHAIN KIT CG-125,Pack,2,0,1700,0,0,3400
289,2026-03-10,176,ANSARI AUTO DASTAGIR,N,3,99,ZIP 1 MAGNET COIL RING CDI 70,Pack,5,0,1000,0,0,5000
289,2026-03-10,176,ANSARI AUTO DASTAGIR,N,4,51,ZIP Spoke 300-17 Long Nipple,Pack,8,0,330,0,0,2640
289,2026-03-10,176,ANSARI AUTO DASTAGIR,N,5,50,ZIP Spoke 2.50-17,Pack,8,0,357,0,0,2856
289,2026-03-10,176,ANSARI AUTO DASTAGIR,N,6,60,CHAIN COVER 0.6MM ZIP 1,Pack,5,0,630,0,0,3150
289,2026-03-10,176,ANSARI AUTO DASTAGIR,N,7,104,CYLINDER KIT 78CM ZIP 1,Pack,1,0,2500,0,0,2500
289,2026-03-10,176,ANSARI AUTO DASTAGIR,N,8,100,ZIP 1 BRAKE SHOE FMC,Pack,10,0,235,0,0,2350
289,2026-03-10,176,ANSARI AUTO DASTAGIR,N,9,64,Clutch presur plate set zip 1,Pack,5,0,267,0,0,1335
290,2026-03-10,177,FARHAN AUTO WATER PUMP,N,1,99,ZIP 1 MAGNET COIL RING CDI 70,Pack,10,0,950,0,0,9500
290,2026-03-10,177,FARHAN AUTO WATER PUMP,N,2,104,CYLINDER KIT 78CM ZIP 1,Pack,3,0,2350,0,0,7050
290,2026-03-10,177,FARHAN AUTO WATER PUMP,N,3,69,ZIP Carburetor PZ-22,Pack,5,0,1950,0,0,9750
290,2026-03-10,177,FARHAN AUTO WATER PUMP,N,4,51,ZIP Spoke 300-17 Long Nipple,Pack,40,0,347,0,0,13880
290,2026-03-10,177,FARHAN AUTO WATER PUMP,N,5,50,ZIP Spoke 2.50-17,Pack,40,0,300,0,0,12000
291,2026-03-10,178,B.S ALIYAN AUTO WATER PUMP,N,1,96,ZIP 1HEAD COMPLETE EURO,Pack,1,0,4900,0,0,4900
291,2026-03-10,178,B.S ALIYAN AUTO WATER PUMP,N,2,115,REAR SHOCK JH90 RED-ZIP 1,Pack,1,0,2800,0,0,2800
291,2026-03-10,178,B.S ALIYAN AUTO WATER PUMP,N,3,114,REAR SHOCK JH90 BLK-ZIP 1,Pack,1,0,2800,0,0,2800
291,2026-03-10,178,B.S ALIYAN AUTO WATER PUMP,N,4,104,CYLINDER KIT 78CM ZIP 1,Pack,1,0,2450,0,0,2450
291,2026-03-10,178,B.S ALIYAN AUTO WATER PUMP,N,5,100,ZIP 1 BRAKE SHOE FMC,Pack,20,0,235,0,0,4700
291,2026-03-10,178,B.S ALIYAN AUTO WATER PUMP,N,6,113,FRONT SHOCK CDI125-ZIP 1,Pack,1,0,4650,0,0,4650
291,2026-03-10,178,B.S ALIYAN AUTO WATER PUMP,N,7,64,Clutch presur plate set zip 1,Pack,5,0,268,0,0,1340
292,2026-03-10,179,A.W AUTO WATER PUMP,N,1,100,ZIP 1 BRAKE SHOE FMC,Pack,20,0,235,0,0,4700
292,2026-03-10,179,A.W AUTO WATER PUMP,N,2,104,CYLINDER KIT 78CM ZIP 1,Pack,2,0,2400,0,0,4800
292,2026-03-10,179,A.W AUTO WATER PUMP,N,3,96,ZIP 1HEAD COMPLETE EURO,Pack,2,0,4900,0,0,9800
292,2026-03-10,179,A.W AUTO WATER PUMP,N,4,117,REAR SHOCK GENUINE TYPE BLK-ZIP 1,Pack,1,0,2200,0,0,2200
292,2026-03-10,179,A.W AUTO WATER PUMP,N,5,116,REAR SHOCK GENUINE TYPE RED-ZIP 1,Pack,1,0,2200,0,0,2200
292,2026-03-10,179,A.W AUTO WATER PUMP,N,6,46,ZIP 1 CHAIN KIT GOLD 38-15 CD-70,Pack,10,0,1400,0,0,14000
292,2026-03-10,179,A.W AUTO WATER PUMP,N,7,69,ZIP Carburetor PZ-22,Pack,3,0,1980,0,0,5940
293,2026-03-10,180,ARSALAN AUTO 13D GULLSHAN,N,1,46,ZIP 1 CHAIN KIT GOLD 38-15 CD-70,Pack,10,0,1400,0,0,14000
293,2026-03-10,180,ARSALAN AUTO 13D GULLSHAN,N,2,100,ZIP 1 BRAKE SHOE FMC,Pack,10,0,230,0,0,2300
294,2026-03-10,129,B.S AUTO AZIZABAD,N,1,111,FRONT SHOCK  JH90 ZIP 1,Pack,5,0,4000,0,0,20000
295,2026-03-10,181,MAKKA AUTO KORANGI 3 NUMBER,N,1,60,CHAIN COVER 0.6MM ZIP 1,Pack,5,0,650,0,0,3250
295,2026-03-10,181,MAKKA AUTO KORANGI 3 NUMBER,N,2,69,ZIP Carburetor PZ-22,Pack,5,0,1950,0,0,9750
295,2026-03-10,181,MAKKA AUTO KORANGI 3 NUMBER,N,3,46,ZIP 1 CHAIN KIT GOLD 38-15 CD-70,Pack,10,0,1400,0,0,14000
296,2026-03-10,182,SHAMA AUTO ELECTRIC W/P,N,1,99,ZIP 1 MAGNET COIL RING CDI 70,Pack,5,0,950,0,0,4750
296,2026-03-10,182,SHAMA AUTO ELECTRIC W/P,N,2,98,ZIP 1 MAGNET COIL RING HERO,Pack,5,0,950,0,0,4750
296,2026-03-10,182,SHAMA AUTO ELECTRIC W/P,N,3,95,ZIP 1 PUSH LOCK,Pack,10,0,470,0,0,4700
297,2026-03-10,69,WAQAS AUTOS ISLAM CHOWK,N,1,121,REAR SHOCK JH90 BLK RECO STAR,Pack,10,0,2200,0,0,22000
297,2026-03-10,69,WAQAS AUTOS ISLAM CHOWK,N,2,111,FRONT SHOCK  JH90 ZIP 1,Pack,5,0,4100,0,0,20500
297,2026-03-10,69,WAQAS AUTOS ISLAM CHOWK,N,3,60,CHAIN COVER 0.6MM ZIP 1,Pack,50,0,610,0,0,30500
297,2026-03-10,69,WAQAS AUTOS ISLAM CHOWK,N,4,94, SPARK PLUG C7HSA CHINA,Pack,400,0,69,0,0,27600
297,2026-03-10,69,WAQAS AUTOS ISLAM CHOWK,N,5,86,ZIP 1 GOLD CHAIN KIT CG-125,Pack,10,0,1650,0,0,16500
297,2026-03-10,69,WAQAS AUTOS ISLAM CHOWK,N,6,104,CYLINDER KIT 78CM ZIP 1,Pack,5,0,2350,0,0,11750
297,2026-03-10,69,WAQAS AUTOS ISLAM CHOWK,N,7,96,ZIP 1HEAD COMPLETE EURO,Pack,5,0,4800,0,0,24000
298,2026-03-10,89,WAQAS TYRE TUBE ISLAM CHOWK,N,1,51,ZIP Spoke 300-17 Long Nipple,Pack,80,0,330,0,0,26400
299,2026-03-10,57,RANA AUTOS LANDHI,N,1,100,ZIP 1 BRAKE SHOE FMC,Pack,120,0,230,0,0,27600
299,2026-03-10,57,RANA AUTOS LANDHI,N,2,60,CHAIN COVER 0.6MM ZIP 1,Pack,30,0,610,0,0,18300
299,2026-03-10,57,RANA AUTOS LANDHI,N,3,114,REAR SHOCK JH90 BLK-ZIP 1,Pack,10,0,2750,0,0,27500
300,2026-03-10,183,M.A AUTO LIYARI 36,N,1,104,CYLINDER KIT 78CM ZIP 1,Pack,5,0,2400,0,0,12000
300,2026-03-10,183,M.A AUTO LIYARI 36,N,2,99,ZIP 1 MAGNET COIL RING CDI 70,Pack,20,0,900,0,0,18000
300,2026-03-10,183,M.A AUTO LIYARI 36,N,3,98,ZIP 1 MAGNET COIL RING HERO,Pack,10,0,900,0,0,9000
300,2026-03-10,183,M.A AUTO LIYARI 36,N,4,69,ZIP Carburetor PZ-22,Pack,5,0,1950,0,0,9750
300,2026-03-10,183,M.A AUTO LIYARI 36,N,5,86,ZIP 1 GOLD CHAIN KIT CG-125,Pack,5,0,1700,0,0,8500
300,2026-03-10,183,M.A AUTO LIYARI 36,N,6,51,ZIP Spoke 300-17 Long Nipple,Pack,10,0,360,0,0,3600
300,2026-03-10,183,M.A AUTO LIYARI 36,N,7,50,ZIP Spoke 2.50-17,Pack,10,0,320,0,0,3200
300,2026-03-10,183,M.A AUTO LIYARI 36,N,8,94, SPARK PLUG C7HSA CHINA,Pack,50,0,75,0,0,3750
300,2026-03-10,183,M.A AUTO LIYARI 36,N,9,111,FRONT SHOCK  JH90 ZIP 1,Pack,2,0,4200,0,0,8400
300,2026-03-10,183,M.A AUTO LIYARI 36,N,10,117,REAR SHOCK GENUINE TYPE BLK-ZIP 1,Pack,1,0,2400,0,0,2400
300,2026-03-10,183,M.A AUTO LIYARI 36,N,11,116,REAR SHOCK GENUINE TYPE RED-ZIP 1,Pack,1,0,2400,0,0,2400
300,2026-03-10,183,M.A AUTO LIYARI 36,N,12,95,ZIP 1 PUSH LOCK,Pack,10,0,480,0,0,4800
300,2026-03-10,183,M.A AUTO LIYARI 36,N,13,100,ZIP 1 BRAKE SHOE FMC,Pack,30,0,225,0,0,6750
301,2026-03-10,169,TAYYAB AUTO MEHMODABAD,N,1,95,ZIP 1 PUSH LOCK,Pack,10,0,465,0,0,4650
302,2026-03-10,184,NEW-RIYAZ AUTO LIYARI 36,N,1,46,ZIP 1 CHAIN KIT GOLD 38-15 CD-70,Pack,10,0,1400,0,0,14000
302,2026-03-10,184,NEW-RIYAZ AUTO LIYARI 36,N,2,99,ZIP 1 MAGNET COIL RING CDI 70,Pack,3,0,950,0,0,2850
302,2026-03-10,184,NEW-RIYAZ AUTO LIYARI 36,N,3,95,ZIP 1 PUSH LOCK,Pack,10,0,490,0,0,4900
302,2026-03-10,184,NEW-RIYAZ AUTO LIYARI 36,N,4,104,CYLINDER KIT 78CM ZIP 1,Pack,2,0,2450,0,0,4900
302,2026-03-10,184,NEW-RIYAZ AUTO LIYARI 36,N,5,60,CHAIN COVER 0.6MM ZIP 1,Pack,5,0,650,0,0,3250
302,2026-03-10,184,NEW-RIYAZ AUTO LIYARI 36,N,6,69,ZIP Carburetor PZ-22,Pack,3,0,1950,0,0,5850
303,2026-03-10,185,R.R AUTO SURJANI,N,1,95,ZIP 1 PUSH LOCK,Pack,30,0,465,0,0,13950
303,2026-03-10,185,R.R AUTO SURJANI,N,2,117,REAR SHOCK GENUINE TYPE BLK-ZIP 1,Pack,1,0,2400,0,0,2400
303,2026-03-10,185,R.R AUTO SURJANI,N,3,116,REAR SHOCK GENUINE TYPE RED-ZIP 1,Pack,1,0,2400,0,0,2400
303,2026-03-10,185,R.R AUTO SURJANI,N,4,121,REAR SHOCK JH90 BLK RECO STAR,Pack,2,0,2300,0,0,4600
303,2026-03-10,185,R.R AUTO SURJANI,N,5,114,REAR SHOCK JH90 BLK-ZIP 1,Pack,2,0,2900,0,0,5800
303,2026-03-10,185,R.R AUTO SURJANI,N,6,69,ZIP Carburetor PZ-22,Pack,5,0,2300,0,0,11500
303,2026-03-10,185,R.R AUTO SURJANI,N,7,104,CYLINDER KIT 78CM ZIP 1,Pack,6,0,2350,0,0,14100
303,2026-03-10,185,R.R AUTO SURJANI,N,8,96,ZIP 1HEAD COMPLETE EURO,Pack,5,0,4750,0,0,23750
304,2026-03-10,128,ZAIB AUTO WATER PUMP,N,1,95,ZIP 1 PUSH LOCK,Pack,48,0,480,0,0,23040
305,2026-03-12,157,ASGHER AUTO UP,N,1,69,ZIP Carburetor PZ-22,Pack,5,0,1900,0,0,9500
305,2026-03-12,157,ASGHER AUTO UP,N,2,114,REAR SHOCK JH90 BLK-ZIP 1,Pack,3,0,2900,0,0,8700
306,2026-03-12,187,NASEER AUTO VINDER,N,1,96,ZIP 1HEAD COMPLETE EURO,Pack,1,0,4900,0,0,4900
306,2026-03-12,187,NASEER AUTO VINDER,N,2,115,REAR SHOCK JH90 RED-ZIP 1,Pack,1,0,2900,0,0,2900
306,2026-03-12,187,NASEER AUTO VINDER,N,3,114,REAR SHOCK JH90 BLK-ZIP 1,Pack,1,0,2900,0,0,2900
306,2026-03-12,187,NASEER AUTO VINDER,N,4,113,FRONT SHOCK CDI125-ZIP 1,Pack,1,0,4500,0,0,4500
306,2026-03-12,187,NASEER AUTO VINDER,N,5,111,FRONT SHOCK  JH90 ZIP 1,Pack,1,0,4300,0,0,4300
306,2026-03-12,187,NASEER AUTO VINDER,N,6,60,CHAIN COVER 0.6MM ZIP 1,Pack,5,0,650,0,0,3250
306,2026-03-12,187,NASEER AUTO VINDER,N,7,99,ZIP 1 MAGNET COIL RING CDI 70,Pack,10,0,950,0,0,9500
307,2026-03-12,104,HAMZA AUTO MOSMIYAT,N,1,69,ZIP Carburetor PZ-22,Pack,10,0,1850,0,0,18500
308,2026-03-12,132,ADNAN AUTO FAST,N,1,99,ZIP 1 MAGNET COIL RING CDI 70,Pack,48,0,850,0,0,40800
308,2026-03-12,132,ADNAN AUTO FAST,N,2,96,ZIP 1HEAD COMPLETE EURO,Pack,3,0,4600,0,0,13800
308,2026-03-12,132,ADNAN AUTO FAST,N,3,69,ZIP Carburetor PZ-22,Pack,10,0,1800,0,0,18000
308,2026-03-12,132,ADNAN AUTO FAST,N,4,51,ZIP Spoke 300-17 Long Nipple,Pack,40,0,337.5,0,0,13500
308,2026-03-12,132,ADNAN AUTO FAST,N,5,50,ZIP Spoke 2.50-17,Pack,40,0,287.5,0,0,11500
309,2026-03-12,72,PRINCE AUTOS SAKRO,N,1,51,ZIP Spoke 300-17 Long Nipple,Pack,240,0,337.5,0,0,81000
309,2026-03-12,72,PRINCE AUTOS SAKRO,N,2,50,ZIP Spoke 2.50-17,Pack,80,0,275,0,0,22000
310,2026-03-13,171,MAMA JAMALI AUTO BADIN,N,1,124,FRONT SHOCK CDI125 RECO STAR,Pack,20,0,3350,0,0,67000
311,2026-03-13,25,AZAN AUTO BADIN,N,1,125,SILENCER BEST LIFE,Pack,18,0,1350,0,0,24300
312,2026-03-13,115,HONDA KARACHI PAKISTAN CHOWK,N,1,125,SILENCER BEST LIFE,Pack,2,0,1550,0,0,3100
313,2026-03-13,79,REHMAN AUTO AJMEER NAGRI,N,1,95,ZIP 1 PUSH LOCK,Pack,10,0,470,0,0,4700
313,2026-03-13,79,REHMAN AUTO AJMEER NAGRI,N,2,104,CYLINDER KIT 78CM ZIP 1,Pack,2,0,2400,0,0,4800
313,2026-03-13,79,REHMAN AUTO AJMEER NAGRI,N,3,111,FRONT SHOCK  JH90 ZIP 1,Pack,2,0,4300,0,0,8600
313,2026-03-13,79,REHMAN AUTO AJMEER NAGRI,N,4,100,ZIP 1 BRAKE SHOE FMC,Pack,30,0,230,0,0,6900
313,2026-03-13,79,REHMAN AUTO AJMEER NAGRI,N,5,114,REAR SHOCK JH90 BLK-ZIP 1,Pack,2,0,2960,0,0,5920
313,2026-03-13,79,REHMAN AUTO AJMEER NAGRI,N,6,118,REAR SHOCK CDI-125 ZIP 1,Pack,2,0,3000,0,0,6000
313,2026-03-13,79,REHMAN AUTO AJMEER NAGRI,N,7,121,REAR SHOCK JH90 BLK RECO STAR,Pack,2,0,2350,0,0,4700
314,2026-03-13,73,HUSSAIN AUTO SHAH FAISAL,N,1,53,Piston Kit 0.50,Pack,1000,0,380,0,0,380000
314,2026-03-13,73,HUSSAIN AUTO SHAH FAISAL,N,2,54,Piston Kit 1.00,Pack,1000,0,380,0,0,380000
314,2026-03-13,73,HUSSAIN AUTO SHAH FAISAL,N,3,55,Piston Kit 1.50,Pack,900,0,380,0,0,342000
315,2026-03-13,189,UBAID AUTO GULLSHAN 13D,N,1,46,ZIP 1 CHAIN KIT GOLD 38-15 CD-70,Pack,10,0,1400,0,0,14000
315,2026-03-13,189,UBAID AUTO GULLSHAN 13D,N,2,99,ZIP 1 MAGNET COIL RING CDI 70,Pack,3,0,960,0,0,2880
315,2026-03-13,189,UBAID AUTO GULLSHAN 13D,N,3,64,Clutch presur plate set zip 1,Pack,10,0,260,0,0,2600
316,2026-03-13,190,ASIF AUTO SABZI MANDI,N,1,96,ZIP 1HEAD COMPLETE EURO,Pack,2,0,4900,0,0,9800
316,2026-03-13,190,ASIF AUTO SABZI MANDI,N,2,99,ZIP 1 MAGNET COIL RING CDI 70,Pack,5,0,950,0,0,4750
316,2026-03-13,190,ASIF AUTO SABZI MANDI,N,3,98,ZIP 1 MAGNET COIL RING HERO,Pack,5,0,950,0,0,4750
316,2026-03-13,190,ASIF AUTO SABZI MANDI,N,4,113,FRONT SHOCK CDI125-ZIP 1,Pack,1,0,4600,0,0,4600
316,2026-03-13,190,ASIF AUTO SABZI MANDI,N,5,118,REAR SHOCK CDI-125 ZIP 1,Pack,1,0,2900,0,0,2900
316,2026-03-13,190,ASIF AUTO SABZI MANDI,N,6,69,ZIP Carburetor PZ-22,Pack,6,0,1980,0,0,11880
317,2026-03-14,68,ARIF AUTOS LANDHI,N,1,108,VALVE SEAL CHINA 70,Pack,1000,0,8,0,0,8000
318,2026-03-14,132,ADNAN AUTO FAST,N,1,125,SILENCER BEST LIFE,Pack,30,0,1180,0,0,35400
319,2026-03-14,102,SALEEM MAMU,N,1,46,ZIP 1 CHAIN KIT GOLD 38-15 CD-70,Pack,10,0,1350,0,0,13500
320,2026-03-14,147,JIJAL AUTO GHARO,N,1,51,ZIP Spoke 300-17 Long Nipple,Pack,40,0,325,0,0,13000
320,2026-03-14,147,JIJAL AUTO GHARO,N,2,50,ZIP Spoke 2.50-17,Pack,80,0,270,0,0,21600
321,2026-03-14,24,AYAN AUTOS CLIFTON,N,1,125,SILENCER BEST LIFE,Pack,6,0,1450,0,0,8700
321,2026-03-14,24,AYAN AUTOS CLIFTON,N,2,69,ZIP Carburetor PZ-22,Pack,3,0,1950,0,0,5850
321,2026-03-14,24,AYAN AUTOS CLIFTON,N,3,60,CHAIN COVER 0.6MM ZIP 1,Pack,10,0,630,0,0,6300
322,2026-03-16,104,HAMZA AUTO MOSMIYAT,N,1,96,ZIP 1HEAD COMPLETE EURO,Pack,6,0,4600,0,0,27600
324,2026-03-16,116,ASIF SUPPLIER ZIP 1,N,1,46,ZIP 1 CHAIN KIT GOLD 38-15 CD-70,Pack,10,0,1400,0,0,14000
324,2026-03-16,116,ASIF SUPPLIER ZIP 1,N,2,111,FRONT SHOCK  JH90 ZIP 1,Pack,1,0,4500,0,0,4500
325,2026-03-16,162,M.S MURAD ORANGI,N,1,95,ZIP 1 PUSH LOCK,Pack,3,0,480,0,0,1440
325,2026-03-16,162,M.S MURAD ORANGI,N,2,121,REAR SHOCK JH90 BLK RECO STAR,Pack,2,0,2350,0,0,4700
326,2026-03-16,156,SUMAIR AUTO GOLIMAR,N,1,51,ZIP Spoke 300-17 Long Nipple,Pack,40,0,340,0,0,13600
326,2026-03-16,156,SUMAIR AUTO GOLIMAR,N,2,50,ZIP Spoke 2.50-17,Pack,40,0,300,0,0,12000
327,2026-03-16,191,SHAFI AUTO GULSHAN IQBAL,N,1,119,FRONT SHOCK JH.90 RECO STAR,Pack,5,0,3250,0,0,16250
327,2026-03-16,191,SHAFI AUTO GULSHAN IQBAL,N,2,121,REAR SHOCK JH90 BLK RECO STAR,Pack,5,0,2250,0,0,11250
328,2026-03-16,192,SUBHAN AUTO GULSHAN 13D,N,1,104,CYLINDER KIT 78CM ZIP 1,Pack,2,0,2400,0,0,4800
328,2026-03-16,192,SUBHAN AUTO GULSHAN 13D,N,2,121,REAR SHOCK JH90 BLK RECO STAR,Pack,3,0,2250,0,0,6750
328,2026-03-16,192,SUBHAN AUTO GULSHAN 13D,N,3,99,ZIP 1 MAGNET COIL RING CDI 70,Pack,5,0,930,0,0,4650
328,2026-03-16,192,SUBHAN AUTO GULSHAN 13D,N,4,98,ZIP 1 MAGNET COIL RING HERO,Pack,5,0,930,0,0,4650
328,2026-03-16,192,SUBHAN AUTO GULSHAN 13D,N,5,94, SPARK PLUG C7HSA CHINA,Pack,100,0,72,0,0,7200
328,2026-03-16,192,SUBHAN AUTO GULSHAN 13D,N,6,46,ZIP 1 CHAIN KIT GOLD 38-15 CD-70,Pack,10,0,1400,0,0,14000
329,2026-03-16,193,KHAN AUTO PEOPELS CHOWRANGI,N,1,46,ZIP 1 CHAIN KIT GOLD 38-15 CD-70,Pack,20,0,1400,0,0,28000
330,2026-03-17,194,HAMZA KHAN WHEEL RIM,N,1,125,SILENCER BEST LIFE,Pack,42,0,1150,0,0,48300
331,2026-03-17,195,FARHAN W/P WHEEL RIM,N,1,125,SILENCER BEST LIFE,Pack,12,0,1160,0,0,13920
331,2026-03-17,195,FARHAN W/P WHEEL RIM,N,2,97,WHEEL RIM SET,Pack,15,0,1600,0,0,24000
332,2026-03-17,196,MAMA A-1 13D WHEEL RIM,N,1,97,WHEEL RIM SET,Pack,15,0,1600,0,0,24000
333,2026-03-17,197,ALI MEHMODABAD WHEEL RIM,N,1,125,SILENCER BEST LIFE,Pack,18,0,1160,0,0,20880
334,2026-03-17,198,KHAN SHAHRUKH W/RIM,N,1,125,SILENCER BEST LIFE,Pack,18,0,1190,0,0,21420
335,2026-03-17,199,SUFI BILAL COLONY KORANGI,N,1,125,SILENCER BEST LIFE,Pack,18,0,1160,0,0,20880
335,2026-03-17,199,SUFI BILAL COLONY KORANGI,N,2,97,WHEEL RIM SET,Pack,15,0,1600,0,0,24000
336,2026-03-17,200,AZAN LANDHI W/RIM,N,1,97,WHEEL RIM SET,Pack,15,0,1600,0,0,24000
337,2026-03-17,201,SUMAIR GOLIMAR W/RIM,N,1,125,SILENCER BEST LIFE,Pack,18,0,1160,0,0,20880
338,2026-03-17,202,RANA LANDHI W/RIM,N,1,97,WHEEL RIM SET,Pack,15,0,1600,0,0,24000
338,2026-03-17,202,RANA LANDHI W/RIM,N,2,125,SILENCER BEST LIFE,Pack,6,0,1160,0,0,6960
339,2026-03-17,203,MASHALLAH WATER PUMP W/RIM,N,1,97,WHEEL RIM SET,Pack,30,0,1600,0,0,48000
340,2026-03-17,141,ALI AUTO MEHMODABAD,N,1,95,ZIP 1 PUSH LOCK,Pack,20,0,470,0,0,9400
341,2026-03-18,20,ALI AUTOS ISLAM CHOWK,N,1,50,ZIP Spoke 2.50-17,Pack,80,0,300,0,0,24000
342,2026-03-18,77,MALIK AUTO LINES AREA,N,1,51,ZIP Spoke 300-17 Long Nipple,Pack,40,0,362.5,0,0,14500
342,2026-03-18,77,MALIK AUTO LINES AREA,N,2,60,CHAIN COVER 0.6MM ZIP 1,Pack,10,0,610,0,0,6100
342,2026-03-18,77,MALIK AUTO LINES AREA,N,3,95,ZIP 1 PUSH LOCK,Pack,10,0,470,0,0,4700
342,2026-03-18,77,MALIK AUTO LINES AREA,N,4,64,Clutch presur plate set zip 1,Pack,20,0,260,0,0,5200
342,2026-03-18,77,MALIK AUTO LINES AREA,N,5,69,ZIP Carburetor PZ-22,Pack,5,0,1910,0,0,9550
342,2026-03-18,77,MALIK AUTO LINES AREA,N,6,121,REAR SHOCK JH90 BLK RECO STAR,Pack,10,0,2200,0,0,22000
342,2026-03-18,77,MALIK AUTO LINES AREA,N,7,117,REAR SHOCK GENUINE TYPE BLK-ZIP 1,Pack,5,0,2200,0,0,11000
343,2026-03-18,132,ADNAN AUTO FAST,N,1,127,"CHAIN COVER""5MM"" ZIP 1",Pack,50,0,460,0,0,23000
343,2026-03-18,132,ADNAN AUTO FAST,N,2,126,"CARBURETOR PZ 16""ZIP 1""",Pack,10,0,1800,0,0,18000
344,2026-03-18,204,MADINA AUTO AL-ASIF SQUARE,N,1,127,"CHAIN COVER""5MM"" ZIP 1",Pack,150,0,450,0,0,67500
344,2026-03-18,204,MADINA AUTO AL-ASIF SQUARE,N,2,97,WHEEL RIM SET,Pack,60,0,1590,0,0,95400
344,2026-03-18,204,MADINA AUTO AL-ASIF SQUARE,N,3,60,CHAIN COVER 0.6MM ZIP 1,Pack,50,0,585,0,0,29250
345,2026-03-18,205,WAQAS TYRE ORANGI W/RIM,N,1,128,WHEEL RIM REAR,Pack,150,0,850,0,0,127500
346,2026-03-18,206,AKBER SUZUKI,N,1,126,"CARBURETOR PZ 16""ZIP 1""",Pack,1,0,1700,0,0,1700
347,2026-03-18,207,B.S KORANGI 4 POOL,N,1,111,FRONT SHOCK  JH90 ZIP 1,Pack,1,0,4400,0,0,4400
347,2026-03-18,207,B.S KORANGI 4 POOL,N,2,114,REAR SHOCK JH90 BLK-ZIP 1,Pack,2,0,2850,0,0,5700
347,2026-03-18,207,B.S KORANGI 4 POOL,N,3,104,CYLINDER KIT 78CM ZIP 1,Pack,2,0,2500,0,0,5000
348,2026-03-18,185,R.R AUTO SURJANI,N,1,121,REAR SHOCK JH90 BLK RECO STAR,Pack,5,0,2300,0,0,11500
348,2026-03-18,185,R.R AUTO SURJANI,N,2,115,REAR SHOCK JH90 RED-ZIP 1,Pack,2,0,2900,0,0,5800
348,2026-03-18,185,R.R AUTO SURJANI,N,3,117,REAR SHOCK GENUINE TYPE BLK-ZIP 1,Pack,3,0,2400,0,0,7200
348,2026-03-18,185,R.R AUTO SURJANI,N,4,114,REAR SHOCK JH90 BLK-ZIP 1,Pack,5,0,2900,0,0,14500
348,2026-03-18,185,R.R AUTO SURJANI,N,5,69,ZIP Carburetor PZ-22,Pack,10,0,1950,0,0,19500
348,2026-03-18,185,R.R AUTO SURJANI,N,6,104,CYLINDER KIT 78CM ZIP 1,Pack,3,0,2350,0,0,7050
348,2026-03-18,185,R.R AUTO SURJANI,N,7,95,ZIP 1 PUSH LOCK,Pack,20,0,465,0,0,9300
349,2026-03-19,104,HAMZA AUTO MOSMIYAT,N,1,94, SPARK PLUG C7HSA CHINA,Pack,800,0,70,0,0,56000
350,2026-03-19,82,JUNAID AUTO AGRA TAJ,N,1,114,REAR SHOCK JH90 BLK-ZIP 1,Pack,10,0,2800,0,0,28000
350,2026-03-19,82,JUNAID AUTO AGRA TAJ,N,2,117,REAR SHOCK GENUINE TYPE BLK-ZIP 1,Pack,5,0,2200,0,0,11000
351,2026-03-19,104,HAMZA AUTO MOSMIYAT,N,1,99,ZIP 1 MAGNET COIL RING CDI 70,Pack,24,0,850,0,0,20400
352,2026-03-19,56,RAHIM BHAI CLASSIC MOTORCYCLE,N,1,129,BATTERY 12V ZIP,Pack,132,0,980,0,0,129360
353,2026-03-19,204,MADINA AUTO AL-ASIF SQUARE,N,1,128,WHEEL RIM REAR,Pack,15,0,850,0,0,12750
354,2026-03-20,58,RAZA AUTOS KORANGI,N,1,119,FRONT SHOCK JH.90 RECO STAR,Pack,5,0,3200,0,0,16000
354,2026-03-20,58,RAZA AUTOS KORANGI,N,2,121,REAR SHOCK JH90 BLK RECO STAR,Pack,5,0,2200,0,0,11000
355,2026-03-25,42,KHATAOMAL PANGRIO,N,1,99,ZIP 1 MAGNET COIL RING CDI 70,Pack,24,0,850,0,0,20400
355,2026-03-25,42,KHATAOMAL PANGRIO,N,2,98,ZIP 1 MAGNET COIL RING HERO,Pack,24,0,850,0,0,20400
355,2026-03-25,42,KHATAOMAL PANGRIO,N,3,104,CYLINDER KIT 78CM ZIP 1,Pack,8,0,2300,0,0,18400
356,2026-03-25,168,B.S AUTO QUAIDABAD,N,1,99,ZIP 1 MAGNET COIL RING CDI 70,Pack,48,0,950,0,0,45600
357,2026-03-26,138,ASIM BROTHERS MARKET,N,1,99,ZIP 1 MAGNET COIL RING CDI 70,Pack,24,0,850,0,0,20400
357,2026-03-26,138,ASIM BROTHERS MARKET,N,2,95,ZIP 1 PUSH LOCK,Pack,30,0,460,0,0,13800
358,2026-03-26,91,ADNAN SURJANI 7B,N,1,46,ZIP 1 CHAIN KIT GOLD 38-15 CD-70,Pack,10,0,1400,0,0,14000
358,2026-03-26,91,ADNAN SURJANI 7B,N,2,96,ZIP 1HEAD COMPLETE EURO,Pack,1,0,4900,0,0,4900
359,2026-03-26,53,NOORANI AUTOS BADIN,N,1,99,ZIP 1 MAGNET COIL RING CDI 70,Pack,48,0,900,0,0,43200
360,2026-03-26,206,AKBER SUZUKI,N,1,128,WHEEL RIM REAR,Pack,110,0,790,0,0,86900
361,2026-03-26,157,ASGHER AUTO UP,N,1,104,CYLINDER KIT 78CM ZIP 1,Pack,8,0,2350,0,0,18800
361,2026-03-26,157,ASGHER AUTO UP,N,2,96,ZIP 1HEAD COMPLETE EURO,Pack,1,0,4800,0,0,4800
362,2026-03-27,190,ASIF AUTO SABZI MANDI,N,1,104,CYLINDER KIT 78CM ZIP 1,Pack,2,0,2500,0,0,5000
362,2026-03-27,190,ASIF AUTO SABZI MANDI,N,2,105,CYLINDER KIT 72CM ZIP 1,Pack,1,0,2500,0,0,2500
362,2026-03-27,190,ASIF AUTO SABZI MANDI,N,3,95,ZIP 1 PUSH LOCK,Pack,10,0,480,0,0,4800
362,2026-03-27,190,ASIF AUTO SABZI MANDI,N,4,100,ZIP 1 BRAKE SHOE FMC,Pack,20,0,250,0,0,5000
362,2026-03-27,190,ASIF AUTO SABZI MANDI,N,5,64,Clutch presur plate set zip 1,Pack,3,0,265,0,0,795
362,2026-03-27,190,ASIF AUTO SABZI MANDI,N,6,51,ZIP Spoke 300-17 Long Nipple,Pack,20,0,360,0,0,7200
363,2026-03-27,208,DANISH AUTO KORANGI 51C,N,1,104,CYLINDER KIT 78CM ZIP 1,Pack,2,0,2450,0,0,4900
363,2026-03-27,208,DANISH AUTO KORANGI 51C,N,2,114,REAR SHOCK JH90 BLK-ZIP 1,Pack,1,0,2850,0,0,2850
363,2026-03-27,208,DANISH AUTO KORANGI 51C,N,3,99,ZIP 1 MAGNET COIL RING CDI 70,Pack,3,0,1000,0,0,3000
363,2026-03-27,208,DANISH AUTO KORANGI 51C,N,4,69,ZIP Carburetor PZ-22,Pack,1,0,1980,0,0,1980
363,2026-03-27,208,DANISH AUTO KORANGI 51C,N,5,64,Clutch presur plate set zip 1,Pack,5,0,265,0,0,1325
363,2026-03-27,208,DANISH AUTO KORANGI 51C,N,6,95,ZIP 1 PUSH LOCK,Pack,5,0,470,0,0,2350
363,2026-03-27,208,DANISH AUTO KORANGI 51C,N,7,51,ZIP Spoke 300-17 Long Nipple,Pack,12,0,340,0,0,4080
363,2026-03-27,208,DANISH AUTO KORANGI 51C,N,8,50,ZIP Spoke 2.50-17,Pack,12,0,310,0,0,3720
364,2026-03-27,116,ASIF SUPPLIER ZIP 1,N,1,99,ZIP 1 MAGNET COIL RING CDI 70,Pack,3,0,1050,0,0,3150
364,2026-03-27,116,ASIF SUPPLIER ZIP 1,N,2,98,ZIP 1 MAGNET COIL RING HERO,Pack,2,0,1050,0,0,2100
364,2026-03-27,116,ASIF SUPPLIER ZIP 1,N,3,112,FRONT SHOCK CDI70-ZIP 1,Pack,1,0,4300,0,0,4300
364,2026-03-27,116,ASIF SUPPLIER ZIP 1,N,4,69,ZIP Carburetor PZ-22,Pack,1,0,2200,0,0,2200
364,2026-03-27,116,ASIF SUPPLIER ZIP 1,N,5,101,PRESURE PLATE SET-ZIP 1,Pack,20,0,125,0,0,2500
365,2026-03-28,209,R-K AUTO MARKET,N,1,99,ZIP 1 MAGNET COIL RING CDI 70,Pack,10,0,1000,0,0,10000
365,2026-03-28,209,R-K AUTO MARKET,N,2,98,ZIP 1 MAGNET COIL RING HERO,Pack,10,0,1000,0,0,10000
366,2026-03-28,25,AZAN AUTO BADIN,N,1,100,ZIP 1 BRAKE SHOE FMC,Pack,180,0,215,0,0,38700
367,2026-03-28,210,SHAH JI AUTO PEOPELS CHOWK,N,1,99,ZIP 1 MAGNET COIL RING CDI 70,Pack,3,0,1050,0,0,3150
367,2026-03-28,210,SHAH JI AUTO PEOPELS CHOWK,N,2,95,ZIP 1 PUSH LOCK,Pack,2,0,480,0,0,960
367,2026-03-28,210,SHAH JI AUTO PEOPELS CHOWK,N,3,51,ZIP Spoke 300-17 Long Nipple,Pack,1,0,360,0,0,360
367,2026-03-28,210,SHAH JI AUTO PEOPELS CHOWK,N,4,50,ZIP Spoke 2.50-17,Pack,1,0,330,0,0,330
368,2026-03-30,187,NASEER AUTO VINDER,N,2,99,ZIP 1 MAGNET COIL RING CDI 70,Pack,6,0,1050,0,0,6300
368,2026-03-30,187,NASEER AUTO VINDER,N,2,51,ZIP Spoke 300-17 Long Nipple,Pack,4,0,350,0,0,1400
368,2026-03-30,187,NASEER AUTO VINDER,N,3,112,FRONT SHOCK CDI70-ZIP 1,Pack,1,0,4200,0,0,4200
368,2026-03-30,187,NASEER AUTO VINDER,N,4,111,FRONT SHOCK  JH90 ZIP 1,Pack,1,0,4300,0,0,4300
368,2026-03-30,187,NASEER AUTO VINDER,N,5,113,FRONT SHOCK CDI125-ZIP 1,Pack,1,0,4500,0,0,4500
369,2026-03-30,36,HADIA K1 NORTH NAZIMABAD,N,1,117,REAR SHOCK GENUINE TYPE BLK-ZIP 1,Pack,1,0,2300,0,0,2300
369,2026-03-30,36,HADIA K1 NORTH NAZIMABAD,N,2,95,ZIP 1 PUSH LOCK,Pack,5,0,480,0,0,2400
369,2026-03-30,36,HADIA K1 NORTH NAZIMABAD,N,3,114,REAR SHOCK JH90 BLK-ZIP 1,Pack,2,0,2900,0,0,5800
369,2026-03-30,36,HADIA K1 NORTH NAZIMABAD,N,4,71,ZIP 1 Clutch Plate Set CD-70 Green,Pack,20,0,145,0,0,2900
370,2026-03-30,211,ZAFAR AUTO SABZI MANDI,N,1,104,CYLINDER KIT 78CM ZIP 1,Pack,1,0,2500,0,0,2500
370,2026-03-30,211,ZAFAR AUTO SABZI MANDI,N,2,99,ZIP 1 MAGNET COIL RING CDI 70,Pack,3,0,950,0,0,2850
370,2026-03-30,211,ZAFAR AUTO SABZI MANDI,N,3,100,ZIP 1 BRAKE SHOE FMC,Pack,10,0,250,0,0,2500
370,2026-03-30,211,ZAFAR AUTO SABZI MANDI,N,4,119,FRONT SHOCK JH.90 RECO STAR,Pack,2,0,3500,0,0,7000
370,2026-03-30,211,ZAFAR AUTO SABZI MANDI,N,5,121,REAR SHOCK JH90 BLK RECO STAR,Pack,2,0,2400,0,0,4800
370,2026-03-30,211,ZAFAR AUTO SABZI MANDI,N,6,95,ZIP 1 PUSH LOCK,Pack,6,0,490,0,0,2940
370,2026-03-30,211,ZAFAR AUTO SABZI MANDI,N,7,60,CHAIN COVER 0.6MM ZIP 1,Pack,3,0,650,0,0,1950
371,2026-03-30,67,JAMEEL AUTOS LEE MARKET,N,1,104,CYLINDER KIT 78CM ZIP 1,Pack,8,0,2400,0,0,19200
371,2026-03-30,67,JAMEEL AUTOS LEE MARKET,N,2,105,CYLINDER KIT 72CM ZIP 1,Pack,8,0,2500,0,0,20000
371,2026-03-30,67,JAMEEL AUTOS LEE MARKET,N,3,106,CYLINDER KIT 97CM ZIP 1,Pack,4,0,2800,0,0,11200
371,2026-03-30,67,JAMEEL AUTOS LEE MARKET,N,4,99,ZIP 1 MAGNET COIL RING CDI 70,Pack,5,0,930,0,0,4650
371,2026-03-30,67,JAMEEL AUTOS LEE MARKET,N,5,69,ZIP Carburetor PZ-22,Pack,2,0,1950,0,0,3900
371,2026-03-30,67,JAMEEL AUTOS LEE MARKET,N,6,101,PRESURE PLATE SET-ZIP 1,Pack,20,0,110,0,0,2200
371,2026-03-30,67,JAMEEL AUTOS LEE MARKET,N,7,64,Clutch presur plate set zip 1,Pack,10,0,245,0,0,2450
371,2026-03-30,67,JAMEEL AUTOS LEE MARKET,N,8,51,ZIP Spoke 300-17 Long Nipple,Pack,10,0,347,0,0,3470
371,2026-03-30,67,JAMEEL AUTOS LEE MARKET,N,9,86,ZIP 1 GOLD CHAIN KIT CG-125,Pack,5,0,1650,0,0,8250
371,2026-03-30,67,JAMEEL AUTOS LEE MARKET,N,10,94, SPARK PLUG C7HSA CHINA,Pack,400,0,69,0,0,27600
371,2026-03-30,67,JAMEEL AUTOS LEE MARKET,N,11,102,MAGNET COMPLETE CDI-70 ZIP 1,Pack,2,0,2900,0,0,5800
371,2026-03-30,67,JAMEEL AUTOS LEE MARKET,N,12,114,REAR SHOCK JH90 BLK-ZIP 1,Pack,5,0,2700,0,0,13500
371,2026-03-30,67,JAMEEL AUTOS LEE MARKET,N,13,115,REAR SHOCK JH90 RED-ZIP 1,Pack,2,0,2700,0,0,5400
371,2026-03-30,67,JAMEEL AUTOS LEE MARKET,N,14,117,REAR SHOCK GENUINE TYPE BLK-ZIP 1,Pack,2,0,2200,0,0,4400
371,2026-03-30,67,JAMEEL AUTOS LEE MARKET,N,15,116,REAR SHOCK GENUINE TYPE RED-ZIP 1,Pack,2,0,2200,0,0,4400
371,2026-03-30,67,JAMEEL AUTOS LEE MARKET,N,16,118,REAR SHOCK CDI-125 ZIP 1,Pack,1,0,2800,0,0,2800
371,2026-03-30,67,JAMEEL AUTOS LEE MARKET,N,17,111,FRONT SHOCK  JH90 ZIP 1,Pack,2,0,4050,0,0,8100
371,2026-03-30,67,JAMEEL AUTOS LEE MARKET,N,18,60,CHAIN COVER 0.6MM ZIP 1,Pack,20,0,610,0,0,12200
372,2026-03-30,68,ARIF AUTOS LANDHI,N,1,69,ZIP Carburetor PZ-22,Pack,40,0,1900,0,0,76000
373,2026-03-30,153,JUNAID AUTO SHAHFAISAL,N,1,104,CYLINDER KIT 78CM ZIP 1,Pack,8,0,2350,0,0,18800
373,2026-03-30,153,JUNAID AUTO SHAHFAISAL,N,2,99,ZIP 1 MAGNET COIL RING CDI 70,Pack,24,0,950,0,0,22800
373,2026-03-30,153,JUNAID AUTO SHAHFAISAL,N,3,119,FRONT SHOCK JH.90 RECO STAR,Pack,5,0,3100,0,0,15500
374,2026-03-30,169,TAYYAB AUTO MEHMODABAD,N,1,51,ZIP Spoke 300-17 Long Nipple,Pack,8,0,375,0,0,3000
374,2026-03-30,169,TAYYAB AUTO MEHMODABAD,N,2,50,ZIP Spoke 2.50-17,Pack,8,0,312.5,0,0,2500
374,2026-03-30,169,TAYYAB AUTO MEHMODABAD,N,3,95,ZIP 1 PUSH LOCK,Pack,20,0,465,0,0,9300
375,2026-03-30,132,ADNAN AUTO FAST,N,1,99,ZIP 1 MAGNET COIL RING CDI 70,Pack,96,0,900,0,0,86400
375,2026-03-30,132,ADNAN AUTO FAST,N,2,125,SILENCER BEST LIFE,Pack,60,0,1150,0,0,69000
377,2026-03-31,213,YOUSUF AUTO GULLSHAN 13D,N,1,99,ZIP 1 MAGNET COIL RING CDI 70,Pack,2,0,1050,0,0,2100
377,2026-03-31,213,YOUSUF AUTO GULLSHAN 13D,N,2,95,ZIP 1 PUSH LOCK,Pack,3,0,480,0,0,1440
377,2026-03-31,213,YOUSUF AUTO GULLSHAN 13D,N,3,51,ZIP Spoke 300-17 Long Nipple,Pack,5,0,340,0,0,1700
377,2026-03-31,213,YOUSUF AUTO GULLSHAN 13D,N,4,50,ZIP Spoke 2.50-17,Pack,5,0,320,0,0,1600
377,2026-03-31,213,YOUSUF AUTO GULLSHAN 13D,N,5,60,CHAIN COVER 0.6MM ZIP 1,Pack,3,0,650,0,0,1950
377,2026-03-31,213,YOUSUF AUTO GULLSHAN 13D,N,6,64,Clutch presur plate set zip 1,Pack,5,0,265,0,0,1325
377,2026-03-31,213,YOUSUF AUTO GULLSHAN 13D,N,7,94, SPARK PLUG C7HSA CHINA,Pack,20,0,75,0,0,1500
378,2026-03-31,214,YOUSUF AUTO 13D W/RIM,N,1,130,WHEEL RIM FRONT,Pack,5,0,800,0,0,4000
378,2026-03-31,214,YOUSUF AUTO 13D W/RIM,N,2,128,WHEEL RIM REAR,Pack,5,0,850,0,0,4250
379,2026-03-31,215,M/S AUTO GULLSHAN 13D,N,1,99,ZIP 1 MAGNET COIL RING CDI 70,Pack,3,0,1050,0,0,3150
379,2026-03-31,215,M/S AUTO GULLSHAN 13D,N,2,98,ZIP 1 MAGNET COIL RING HERO,Pack,3,0,1050,0,0,3150
379,2026-03-31,215,M/S AUTO GULLSHAN 13D,N,3,95,ZIP 1 PUSH LOCK,Pack,5,0,480,0,0,2400
379,2026-03-31,215,M/S AUTO GULLSHAN 13D,N,4,60,CHAIN COVER 0.6MM ZIP 1,Pack,2,0,650,0,0,1300
379,2026-03-31,215,M/S AUTO GULLSHAN 13D,N,5,46,ZIP 1 CHAIN KIT GOLD 38-15 CD-70,Pack,10,0,1400,0,0,14000
379,2026-03-31,215,M/S AUTO GULLSHAN 13D,N,6,121,REAR SHOCK JH90 BLK RECO STAR,Pack,2,0,2200,0,0,4400
379,2026-03-31,215,M/S AUTO GULLSHAN 13D,N,7,119,FRONT SHOCK JH.90 RECO STAR,Pack,1,0,3300,0,0,3300
379,2026-03-31,215,M/S AUTO GULLSHAN 13D,N,8,69,ZIP Carburetor PZ-22,Pack,2,0,1950,0,0,3900
379,2026-03-31,215,M/S AUTO GULLSHAN 13D,N,9,126,"CARBURETOR PZ 16""ZIP 1""",Pack,2,0,2100,0,0,4200
380,2026-03-31,216,M/S AUTO 13D W/RIM,N,1,130,WHEEL RIM FRONT,Pack,5,0,800,0,0,4000
380,2026-03-31,216,M/S AUTO 13D W/RIM,N,2,128,WHEEL RIM REAR,Pack,5,0,850,0,0,4250
380,2026-03-31,216,M/S AUTO 13D W/RIM,N,3,125,SILENCER BEST LIFE,Pack,6,0,1190,0,0,7140
381,2026-03-31,182,SHAMA AUTO ELECTRIC W/P,N,1,99,ZIP 1 MAGNET COIL RING CDI 70,Pack,24,0,1000,0,0,24000
381,2026-03-31,182,SHAMA AUTO ELECTRIC W/P,N,2,98,ZIP 1 MAGNET COIL RING HERO,Pack,5,0,1000,0,0,5000
382,2026-03-31,217,BISMILLAH AUTO WATER PUMP,N,1,99,ZIP 1 MAGNET COIL RING CDI 70,Pack,3,0,1050,0,0,3150
382,2026-03-31,217,BISMILLAH AUTO WATER PUMP,N,2,98,ZIP 1 MAGNET COIL RING HERO,Pack,3,0,1050,0,0,3150
382,2026-03-31,217,BISMILLAH AUTO WATER PUMP,N,3,95,ZIP 1 PUSH LOCK,Pack,5,0,480,0,0,2400
382,2026-03-31,217,BISMILLAH AUTO WATER PUMP,N,4,69,ZIP Carburetor PZ-22,Pack,5,0,2000,0,0,10000
382,2026-03-31,217,BISMILLAH AUTO WATER PUMP,N,5,60,CHAIN COVER 0.6MM ZIP 1,Pack,5,0,650,0,0,3250
382,2026-03-31,217,BISMILLAH AUTO WATER PUMP,N,6,94, SPARK PLUG C7HSA CHINA,Pack,20,0,77,0,0,1540
383,2026-03-31,178,B.S ALIYAN AUTO WATER PUMP,N,1,105,CYLINDER KIT 72CM ZIP 1,Pack,1,0,2500,0,0,2500
383,2026-03-31,178,B.S ALIYAN AUTO WATER PUMP,N,2,99,ZIP 1 MAGNET COIL RING CDI 70,Pack,5,0,1000,0,0,5000
383,2026-03-31,178,B.S ALIYAN AUTO WATER PUMP,N,3,46,ZIP 1 CHAIN KIT GOLD 38-15 CD-70,Pack,10,0,1400,0,0,14000
383,2026-03-31,178,B.S ALIYAN AUTO WATER PUMP,N,4,86,ZIP 1 GOLD CHAIN KIT CG-125,Pack,3,0,1650,0,0,4950
383,2026-03-31,178,B.S ALIYAN AUTO WATER PUMP,N,5,121,REAR SHOCK JH90 BLK RECO STAR,Pack,1,0,2250,0,0,2250
383,2026-03-31,178,B.S ALIYAN AUTO WATER PUMP,N,6,95,ZIP 1 PUSH LOCK,Pack,5,0,480,0,0,2400
383,2026-03-31,178,B.S ALIYAN AUTO WATER PUMP,N,7,69,ZIP Carburetor PZ-22,Pack,2,0,1980,0,0,3960
383,2026-03-31,178,B.S ALIYAN AUTO WATER PUMP,N,8,126,"CARBURETOR PZ 16""ZIP 1""",Pack,2,0,1980,0,0,3960
383,2026-03-31,178,B.S ALIYAN AUTO WATER PUMP,N,9,100,ZIP 1 BRAKE SHOE FMC,Pack,20,0,235,0,0,4700
384,2026-03-31,218,B.S ALIYAN WATER PUMP W/RIM,N,1,130,WHEEL RIM FRONT,Pack,5,0,800,0,0,4000
384,2026-03-31,218,B.S ALIYAN WATER PUMP W/RIM,N,2,128,WHEEL RIM REAR,Pack,5,0,850,0,0,4250
384,2026-03-31,218,B.S ALIYAN WATER PUMP W/RIM,N,3,125,SILENCER BEST LIFE,Pack,3,0,1190,0,0,3570
385,2026-03-31,210,SHAH JI AUTO PEOPELS CHOWK,N,1,95,ZIP 1 PUSH LOCK,Pack,5,0,480,0,0,2400
385,2026-03-31,210,SHAH JI AUTO PEOPELS CHOWK,N,2,98,ZIP 1 MAGNET COIL RING HERO,Pack,3,0,1050,0,0,3150
385,2026-03-31,210,SHAH JI AUTO PEOPELS CHOWK,N,3,60,CHAIN COVER 0.6MM ZIP 1,Pack,5,0,650,0,0,3250
386,2026-03-31,193,KHAN AUTO PEOPELS CHOWRANGI,N,1,99,ZIP 1 MAGNET COIL RING CDI 70,Pack,5,0,1000,0,0,5000
386,2026-03-31,193,KHAN AUTO PEOPELS CHOWRANGI,N,2,98,ZIP 1 MAGNET COIL RING HERO,Pack,2,0,1000,0,0,2000
386,2026-03-31,193,KHAN AUTO PEOPELS CHOWRANGI,N,3,95,ZIP 1 PUSH LOCK,Pack,5,0,480,0,0,2400
386,2026-03-31,193,KHAN AUTO PEOPELS CHOWRANGI,N,4,51,ZIP Spoke 300-17 Long Nipple,Pack,12,0,375,0,0,4500
387,2026-03-31,51,NEW KAKAR AUTOS PIDC,N,1,99,ZIP 1 MAGNET COIL RING CDI 70,Pack,10,0,1100,0,0,11000
387,2026-03-31,51,NEW KAKAR AUTOS PIDC,N,2,94, SPARK PLUG C7HSA CHINA,Pack,100,0,75,0,0,7500
388,2026-03-31,104,HAMZA AUTO MOSMIYAT,N,1,69,ZIP Carburetor PZ-22,Pack,20,0,1850,0,0,37000
389,2026-04-01,107,NIZAM AUTO MAYMAR,N,1,99,ZIP 1 MAGNET COIL RING CDI 70,Pack,24,0,1000,0,0,24000
389,2026-04-01,107,NIZAM AUTO MAYMAR,N,2,98,ZIP 1 MAGNET COIL RING HERO,Pack,5,0,1000,0,0,5000
389,2026-04-01,107,NIZAM AUTO MAYMAR,N,3,108,VALVE SEAL CHINA 70,Pack,1000,0,10,0,0,10000
390,2026-04-01,158,PAKISTAN AUTO QUAIDABAD,N,1,104,CYLINDER KIT 78CM ZIP 1,Pack,1,0,2500,0,0,2500
390,2026-04-01,158,PAKISTAN AUTO QUAIDABAD,N,2,99,ZIP 1 MAGNET COIL RING CDI 70,Pack,10,0,1000,0,0,10000
390,2026-04-01,158,PAKISTAN AUTO QUAIDABAD,N,3,94, SPARK PLUG C7HSA CHINA,Pack,30,0,80,0,0,2400
390,2026-04-01,158,PAKISTAN AUTO QUAIDABAD,N,4,100,ZIP 1 BRAKE SHOE FMC,Pack,20,0,235,0,0,4700
390,2026-04-01,158,PAKISTAN AUTO QUAIDABAD,N,5,95,ZIP 1 PUSH LOCK,Pack,10,0,480,0,0,4800
390,2026-04-01,158,PAKISTAN AUTO QUAIDABAD,N,6,60,CHAIN COVER 0.6MM ZIP 1,Pack,5,0,650,0,0,3250
390,2026-04-01,158,PAKISTAN AUTO QUAIDABAD,N,7,126,"CARBURETOR PZ 16""ZIP 1""",Pack,5,0,2100,0,0,10500
391,2026-04-01,219,I.S AUTO PEHALWAN GOTH,N,1,114,REAR SHOCK JH90 BLK-ZIP 1,Pack,2,0,3000,0,0,6000
391,2026-04-01,219,I.S AUTO PEHALWAN GOTH,N,2,99,ZIP 1 MAGNET COIL RING CDI 70,Pack,10,0,1050,0,0,10500
392,2026-04-01,220,SHAFI AUTO MEMON GOTH,N,1,99,ZIP 1 MAGNET COIL RING CDI 70,Pack,10,0,1050,0,0,10500
392,2026-04-01,220,SHAFI AUTO MEMON GOTH,N,2,98,ZIP 1 MAGNET COIL RING HERO,Pack,5,0,1050,0,0,5250
392,2026-04-01,220,SHAFI AUTO MEMON GOTH,N,3,64,Clutch presur plate set zip 1,Pack,10,0,265,0,0,2650
393,2026-04-01,221,WAJAHAT SUPPLIER MARKET,N,1,125,SILENCER BEST LIFE,Pack,60,0,1120,0,0,67200
394,2026-04-01,109,BABU AUTO SINDHI HOTEL,N,1,60,CHAIN COVER 0.6MM ZIP 1,Pack,20,0,635,0,0,12700
394,2026-04-01,109,BABU AUTO SINDHI HOTEL,N,2,69,ZIP Carburetor PZ-22,Pack,5,0,1950,0,0,9750
395,2026-04-01,222,M.A AUTO UP,N,1,108,VALVE SEAL CHINA 70,Pack,1000,0,9,0,0,9000
395,2026-04-01,222,M.A AUTO UP,N,2,94, SPARK PLUG C7HSA CHINA,Pack,400,0,72,0,0,28800
395,2026-04-01,222,M.A AUTO UP,N,3,100,ZIP 1 BRAKE SHOE FMC,Pack,120,0,235,0,0,28200
395,2026-04-01,222,M.A AUTO UP,N,4,99,ZIP 1 MAGNET COIL RING CDI 70,Pack,24,0,950,0,0,22800
395,2026-04-01,222,M.A AUTO UP,N,5,98,ZIP 1 MAGNET COIL RING HERO,Pack,10,0,950,0,0,9500
396,2026-04-01,141,ALI AUTO MEHMODABAD,N,1,69,ZIP Carburetor PZ-22,Pack,5,0,1950,0,0,9750
396,2026-04-01,141,ALI AUTO MEHMODABAD,N,2,126,"CARBURETOR PZ 16""ZIP 1""",Pack,5,0,1930,0,0,9650
396,2026-04-01,141,ALI AUTO MEHMODABAD,N,3,51,ZIP Spoke 300-17 Long Nipple,Pack,40,0,330,0,0,13200
396,2026-04-01,141,ALI AUTO MEHMODABAD,N,4,104,CYLINDER KIT 78CM ZIP 1,Pack,2,0,2400,0,0,4800
396,2026-04-01,141,ALI AUTO MEHMODABAD,N,5,46,ZIP 1 CHAIN KIT GOLD 38-15 CD-70,Pack,10,0,1400,0,0,14000
397,2026-04-01,223,ABID AUTO LUCKY STAR,N,1,100,ZIP 1 BRAKE SHOE FMC,Pack,20,0,250,0,0,5000
397,2026-04-01,223,ABID AUTO LUCKY STAR,N,2,46,ZIP 1 CHAIN KIT GOLD 38-15 CD-70,Pack,10,0,1400,0,0,14000
398,2026-04-01,82,JUNAID AUTO AGRA TAJ,N,1,104,CYLINDER KIT 78CM ZIP 1,Pack,8,0,2350,0,0,18800
398,2026-04-01,82,JUNAID AUTO AGRA TAJ,N,2,105,CYLINDER KIT 72CM ZIP 1,Pack,5,0,2350,0,0,11750
399,2026-04-01,69,WAQAS AUTOS ISLAM CHOWK,N,1,94, SPARK PLUG C7HSA CHINA,Pack,200,0,70,0,0,14000
400,2026-04-01,129,B.S AUTO AZIZABAD,N,1,99,ZIP 1 MAGNET COIL RING CDI 70,Pack,24,0,950,0,0,22800
400,2026-04-01,129,B.S AUTO AZIZABAD,N,2,50,ZIP Spoke 2.50-17,Pack,10,0,300,0,0,3000
400,2026-04-01,129,B.S AUTO AZIZABAD,N,3,118,REAR SHOCK CDI-125 ZIP 1,Pack,2,0,2750,0,0,5500
400,2026-04-01,129,B.S AUTO AZIZABAD,N,4,94, SPARK PLUG C7HSA CHINA,Pack,100,0,68,0,0,6800
400,2026-04-01,129,B.S AUTO AZIZABAD,N,5,95,ZIP 1 PUSH LOCK,Pack,20,0,460,0,0,9200
401,2026-04-01,101,A.R AUTOS BAGH-E-KORANGI,N,1,99,ZIP 1 MAGNET COIL RING CDI 70,Pack,5,0,1000,0,0,5000
401,2026-04-01,101,A.R AUTOS BAGH-E-KORANGI,N,2,69,ZIP Carburetor PZ-22,Pack,8,0,1980,0,0,15840
401,2026-04-01,101,A.R AUTOS BAGH-E-KORANGI,N,3,100,ZIP 1 BRAKE SHOE FMC,Pack,20,0,245,0,0,4900
401,2026-04-01,101,A.R AUTOS BAGH-E-KORANGI,N,4,95,ZIP 1 PUSH LOCK,Pack,27,0,470,0,0,12690
401,2026-04-01,101,A.R AUTOS BAGH-E-KORANGI,N,5,94, SPARK PLUG C7HSA CHINA,Pack,20,0,72,0,0,1440
401,2026-04-01,101,A.R AUTOS BAGH-E-KORANGI,N,6,119,FRONT SHOCK JH.90 RECO STAR,Pack,2,0,3300,0,0,6600
401,2026-04-01,101,A.R AUTOS BAGH-E-KORANGI,N,7,121,REAR SHOCK JH90 BLK RECO STAR,Pack,2,0,2300,0,0,4600
401,2026-04-01,101,A.R AUTOS BAGH-E-KORANGI,N,8,111,FRONT SHOCK  JH90 ZIP 1,Pack,2,0,4100,0,0,8200
401,2026-04-01,101,A.R AUTOS BAGH-E-KORANGI,N,9,114,REAR SHOCK JH90 BLK-ZIP 1,Pack,2,0,2800,0,0,5600
402,2026-04-03,224,TIGER,N,1,130,WHEEL RIM FRONT,Pack,1,0,800,0,0,800
402,2026-04-03,224,TIGER,N,2,128,WHEEL RIM REAR,Pack,1,0,850,0,0,850
402,2026-04-03,224,TIGER,N,3,51,ZIP Spoke 300-17 Long Nipple,Pack,2,0,360,0,0,720
402,2026-04-03,224,TIGER,N,4,50,ZIP Spoke 2.50-17,Pack,2,0,340,0,0,680
402,2026-04-03,224,TIGER,N,5,60,CHAIN COVER 0.6MM ZIP 1,Pack,1,0,650,0,0,650
402,2026-04-03,224,TIGER,N,6,125,SILENCER BEST LIFE,Pack,1,0,1450,0,0,1450
403,2026-04-04,116,ASIF SUPPLIER ZIP 1,N,1,69,ZIP Carburetor PZ-22,Pack,2,0,2200,0,0,4400
403,2026-04-04,116,ASIF SUPPLIER ZIP 1,N,2,114,REAR SHOCK JH90 BLK-ZIP 1,Pack,1,0,3100,0,0,3100
403,2026-04-04,116,ASIF SUPPLIER ZIP 1,N,3,99,ZIP 1 MAGNET COIL RING CDI 70,Pack,3,0,1150,0,0,3450
403,2026-04-04,116,ASIF SUPPLIER ZIP 1,N,4,64,Clutch presur plate set zip 1,Pack,10,0,265,0,0,2650
403,2026-04-04,116,ASIF SUPPLIER ZIP 1,N,5,126,"CARBURETOR PZ 16""ZIP 1""",Pack,1,0,2100,0,0,2100
404,2026-04-04,51,NEW KAKAR AUTOS PIDC,N,1,94, SPARK PLUG C7HSA CHINA,Pack,400,0,75,0,0,30000
405,2026-04-06,68,ARIF AUTOS LANDHI,N,1,60,CHAIN COVER 0.6MM ZIP 1,Pack,100,0,600,0,0,60000
406,2026-04-06,197,ALI MEHMODABAD WHEEL RIM,N,1,125,SILENCER BEST LIFE,Pack,6,0,1180,0,0,7080
406,2026-04-06,197,ALI MEHMODABAD WHEEL RIM,N,2,130,WHEEL RIM FRONT,Pack,15,0,800,0,0,12000
406,2026-04-06,197,ALI MEHMODABAD WHEEL RIM,N,3,128,WHEEL RIM REAR,Pack,15,0,820,0,0,12300
407,2026-04-06,60,RIZWAN SUPPLIER KORANGI,N,1,99,ZIP 1 MAGNET COIL RING CDI 70,Pack,24,0,1030,0,0,24720
408,2026-04-06,153,JUNAID AUTO SHAHFAISAL,N,1,69,ZIP Carburetor PZ-22,Pack,10,0,1900,0,0,19000
409,2026-04-06,133,YOUSUF AUTO SATO MAIL,N,1,64,Clutch presur plate set zip 1,Pack,10,0,265,0,0,2650
409,2026-04-06,133,YOUSUF AUTO SATO MAIL,N,2,46,ZIP 1 CHAIN KIT GOLD 38-15 CD-70,Pack,10,0,1450,0,0,14500
409,2026-04-06,133,YOUSUF AUTO SATO MAIL,N,3,99,ZIP 1 MAGNET COIL RING CDI 70,Pack,5,0,1100,0,0,5500
409,2026-04-06,133,YOUSUF AUTO SATO MAIL,N,4,114,REAR SHOCK JH90 BLK-ZIP 1,Pack,2,0,3100,0,0,6200
409,2026-04-06,133,YOUSUF AUTO SATO MAIL,N,5,117,REAR SHOCK GENUINE TYPE BLK-ZIP 1,Pack,2,0,2600,0,0,5200
409,2026-04-06,133,YOUSUF AUTO SATO MAIL,N,6,121,REAR SHOCK JH90 BLK RECO STAR,Pack,2,0,2350,0,0,4700
409,2026-04-06,133,YOUSUF AUTO SATO MAIL,N,7,113,FRONT SHOCK CDI125-ZIP 1,Pack,1,0,4700,0,0,4700
409,2026-04-06,133,YOUSUF AUTO SATO MAIL,N,8,69,ZIP Carburetor PZ-22,Pack,5,0,2100,0,0,10500
409,2026-04-06,133,YOUSUF AUTO SATO MAIL,N,9,100,ZIP 1 BRAKE SHOE FMC,Pack,10,0,250,0,0,2500
410,2026-04-06,226,QISMAT AUTO TANDO GHULAM ALI,N,1,99,ZIP 1 MAGNET COIL RING CDI 70,Pack,5,0,1100,0,0,5500
410,2026-04-06,226,QISMAT AUTO TANDO GHULAM ALI,N,2,46,ZIP 1 CHAIN KIT GOLD 38-15 CD-70,Pack,10,0,1450,0,0,14500
410,2026-04-06,226,QISMAT AUTO TANDO GHULAM ALI,N,3,94, SPARK PLUG C7HSA CHINA,Pack,20,0,80,0,0,1600
410,2026-04-06,226,QISMAT AUTO TANDO GHULAM ALI,N,4,111,FRONT SHOCK  JH90 ZIP 1,Pack,2,0,4500,0,0,9000
410,2026-04-06,226,QISMAT AUTO TANDO GHULAM ALI,N,5,113,FRONT SHOCK CDI125-ZIP 1,Pack,2,0,4700,0,0,9400
411,2026-04-06,25,AZAN AUTO BADIN,N,1,64,Clutch presur plate set zip 1,Pack,50,0,245,0,0,12250
411,2026-04-06,25,AZAN AUTO BADIN,N,2,114,REAR SHOCK JH90 BLK-ZIP 1,Pack,5,0,2700,0,0,13500
411,2026-04-06,25,AZAN AUTO BADIN,N,3,115,REAR SHOCK JH90 RED-ZIP 1,Pack,5,0,2700,0,0,13500
411,2026-04-06,25,AZAN AUTO BADIN,N,4,51,ZIP Spoke 300-17 Long Nipple,Pack,40,0,337.5,0,0,13500
412,2026-04-06,227,HASNAIN AUTO KORANGI 51 A,N,1,96,ZIP 1HEAD COMPLETE EURO,Pack,1,0,5500,0,0,5500
412,2026-04-06,227,HASNAIN AUTO KORANGI 51 A,N,2,104,CYLINDER KIT 78CM ZIP 1,Pack,1,0,2600,0,0,2600
412,2026-04-06,227,HASNAIN AUTO KORANGI 51 A,N,3,99,ZIP 1 MAGNET COIL RING CDI 70,Pack,5,0,1100,0,0,5500
412,2026-04-06,227,HASNAIN AUTO KORANGI 51 A,N,4,114,REAR SHOCK JH90 BLK-ZIP 1,Pack,1,0,3100,0,0,3100
412,2026-04-06,227,HASNAIN AUTO KORANGI 51 A,N,5,111,FRONT SHOCK  JH90 ZIP 1,Pack,1,0,4500,0,0,4500
412,2026-04-06,227,HASNAIN AUTO KORANGI 51 A,N,6,64,Clutch presur plate set zip 1,Pack,20,0,267,0,0,5340
412,2026-04-06,227,HASNAIN AUTO KORANGI 51 A,N,7,95,ZIP 1 PUSH LOCK,Pack,3,0,480,0,0,1440
412,2026-04-06,227,HASNAIN AUTO KORANGI 51 A,N,8,69,ZIP Carburetor PZ-22,Pack,1,0,2000,0,0,2000
412,2026-04-06,227,HASNAIN AUTO KORANGI 51 A,N,9,60,CHAIN COVER 0.6MM ZIP 1,Pack,2,0,650,0,0,1300
413,2026-04-06,191,SHAFI AUTO GULSHAN IQBAL,N,1,119,FRONT SHOCK JH.90 RECO STAR,Pack,5,0,3400,0,0,17000
413,2026-04-06,191,SHAFI AUTO GULSHAN IQBAL,N,2,121,REAR SHOCK JH90 BLK RECO STAR,Pack,5,0,2400,0,0,12000
414,2026-04-06,213,YOUSUF AUTO GULLSHAN 13D,N,1,95,ZIP 1 PUSH LOCK,Pack,5,0,480,0,0,2400
414,2026-04-06,213,YOUSUF AUTO GULLSHAN 13D,N,2,69,ZIP Carburetor PZ-22,Pack,2,0,2000,0,0,4000
415,2026-04-06,104,HAMZA AUTO MOSMIYAT,N,1,130,WHEEL RIM FRONT,Pack,20,0,800,0,0,16000
415,2026-04-06,104,HAMZA AUTO MOSMIYAT,N,2,128,WHEEL RIM REAR,Pack,20,0,800,0,0,16000
416,2026-04-06,36,HADIA K1 NORTH NAZIMABAD,N,1,99,ZIP 1 MAGNET COIL RING CDI 70,Pack,10,0,1050,0,0,10500
416,2026-04-06,36,HADIA K1 NORTH NAZIMABAD,N,2,64,Clutch presur plate set zip 1,Pack,20,0,265,0,0,5300
416,2026-04-06,36,HADIA K1 NORTH NAZIMABAD,N,3,46,ZIP 1 CHAIN KIT GOLD 38-15 CD-70,Pack,10,0,1450,0,0,14500
416,2026-04-06,36,HADIA K1 NORTH NAZIMABAD,N,4,113,FRONT SHOCK CDI125-ZIP 1,Pack,2,0,4600,0,0,9200
416,2026-04-06,36,HADIA K1 NORTH NAZIMABAD,N,5,100,ZIP 1 BRAKE SHOE FMC,Pack,30,0,240,0,0,7200
416,2026-04-06,36,HADIA K1 NORTH NAZIMABAD,N,6,121,REAR SHOCK JH90 BLK RECO STAR,Pack,2,0,2400,0,0,4800
416,2026-04-06,36,HADIA K1 NORTH NAZIMABAD,N,7,60,CHAIN COVER 0.6MM ZIP 1,Pack,5,0,650,0,0,3250
416,2026-04-06,36,HADIA K1 NORTH NAZIMABAD,N,8,69,ZIP Carburetor PZ-22,Pack,5,0,1950,0,0,9750
417,2026-04-06,105,A.H AUTO ORANGI L BLOCK,N,1,99,ZIP 1 MAGNET COIL RING CDI 70,Pack,5,0,1050,0,0,5250
417,2026-04-06,105,A.H AUTO ORANGI L BLOCK,N,2,98,ZIP 1 MAGNET COIL RING HERO,Pack,2,0,1050,0,0,2100
417,2026-04-06,105,A.H AUTO ORANGI L BLOCK,N,3,64,Clutch presur plate set zip 1,Pack,5,0,265,0,0,1325
417,2026-04-06,105,A.H AUTO ORANGI L BLOCK,N,4,94, SPARK PLUG C7HSA CHINA,Pack,10,0,80,0,0,800
417,2026-04-06,105,A.H AUTO ORANGI L BLOCK,N,5,100,ZIP 1 BRAKE SHOE FMC,Pack,5,0,240,0,0,1200
418,2026-04-06,211,ZAFAR AUTO SABZI MANDI,N,1,69,ZIP Carburetor PZ-22,Pack,2,0,1950,0,0,3900
418,2026-04-06,211,ZAFAR AUTO SABZI MANDI,N,2,96,ZIP 1HEAD COMPLETE EURO,Pack,2,0,5380,0,0,10760
419,2026-04-06,228,KHALIL AUTO RABIA CITY,N,1,104,CYLINDER KIT 78CM ZIP 1,Pack,2,0,2600,0,0,5200
419,2026-04-06,228,KHALIL AUTO RABIA CITY,N,2,99,ZIP 1 MAGNET COIL RING CDI 70,Pack,24,0,1100,0,0,26400
419,2026-04-06,228,KHALIL AUTO RABIA CITY,N,3,64,Clutch presur plate set zip 1,Pack,5,0,265,0,0,1325
419,2026-04-06,228,KHALIL AUTO RABIA CITY,N,4,94, SPARK PLUG C7HSA CHINA,Pack,20,0,75,0,0,1500
419,2026-04-06,228,KHALIL AUTO RABIA CITY,N,5,60,CHAIN COVER 0.6MM ZIP 1,Pack,5,0,650,0,0,3250
419,2026-04-06,228,KHALIL AUTO RABIA CITY,N,6,69,ZIP Carburetor PZ-22,Pack,5,0,2000,0,0,10000
419,2026-04-06,228,KHALIL AUTO RABIA CITY,N,7,115,REAR SHOCK JH90 RED-ZIP 1,Pack,1,0,3100,0,0,3100
419,2026-04-06,228,KHALIL AUTO RABIA CITY,N,8,114,REAR SHOCK JH90 BLK-ZIP 1,Pack,1,0,3100,0,0,3100
420,2026-04-06,229,IMRAN AUTO FAQEERA GOTH,N,1,99,ZIP 1 MAGNET COIL RING CDI 70,Pack,24,0,1000,0,0,24000
420,2026-04-06,229,IMRAN AUTO FAQEERA GOTH,N,2,98,ZIP 1 MAGNET COIL RING HERO,Pack,10,0,1000,0,0,10000
420,2026-04-06,229,IMRAN AUTO FAQEERA GOTH,N,4,71,ZIP 1 Clutch Plate Set CD-70 Green,Pack,100,0,140,0,0,14000
421,2026-04-06,231,STAR AUTO MALIR,N,1,99,ZIP 1 MAGNET COIL RING CDI 70,Pack,20,0,1050,0,0,21000
421,2026-04-06,231,STAR AUTO MALIR,N,2,64,Clutch presur plate set zip 1,Pack,30,0,265,0,0,7950
421,2026-04-06,231,STAR AUTO MALIR,N,3,69,ZIP Carburetor PZ-22,Pack,5,0,2000,0,0,10000
421,2026-04-06,231,STAR AUTO MALIR,N,4,106,CYLINDER KIT 97CM ZIP 1,Pack,1,0,2900,0,0,2900
421,2026-04-06,231,STAR AUTO MALIR,N,5,108,VALVE SEAL CHINA 70,Pack,1000,0,8,0,0,8000
422,2026-04-06,230,M.A AUTO KHOPRA PAR 4 NUMBER,N,1,64,Clutch presur plate set zip 1,Pack,10,0,265,0,0,2650
422,2026-04-06,230,M.A AUTO KHOPRA PAR 4 NUMBER,N,2,99,ZIP 1 MAGNET COIL RING CDI 70,Pack,10,0,1050,0,0,10500
423,2026-04-06,232,UNIQUE TRADERS KALA BOARD,N,1,99,ZIP 1 MAGNET COIL RING CDI 70,Pack,10,0,1050,0,0,10500
423,2026-04-06,232,UNIQUE TRADERS KALA BOARD,N,2,64,Clutch presur plate set zip 1,Pack,10,0,265,0,0,2650
424,2026-04-07,26,AZAN AUTOS JIMMY LANDHI,N,1,60,CHAIN COVER 0.6MM ZIP 1,Pack,30,0,620,0,0,18600
425,2026-04-07,233,SHAMIM AUTO KALA BOARD,N,2,64,Clutch presur plate set zip 1,Pack,5,0,265,0,0,1325
425,2026-04-07,233,SHAMIM AUTO KALA BOARD,N,3,99,ZIP 1 MAGNET COIL RING CDI 70,Pack,5,0,1100,0,0,5500
425,2026-04-07,233,SHAMIM AUTO KALA BOARD,N,3,100,ZIP 1 BRAKE SHOE FMC,Pack,5,0,250,0,0,1250
429,2026-04-07,237,J&B AUTO SHAH LATIF,N,2,69,ZIP Carburetor PZ-22,Pack,20,0,1900,0,0,38000
429,2026-04-07,237,J&B AUTO SHAH LATIF,N,3,104,CYLINDER KIT 78CM ZIP 1,Pack,20,0,2350,0,0,47000
429,2026-04-07,237,J&B AUTO SHAH LATIF,N,3,99,ZIP 1 MAGNET COIL RING CDI 70,Pack,48,0,950,0,0,45600
430,2026-04-07,238,IMRAN AUTO SHER PAO,N,1,64,Clutch presur plate set zip 1,Pack,10,0,265,0,0,2650
430,2026-04-07,238,IMRAN AUTO SHER PAO,N,2,114,REAR SHOCK JH90 BLK-ZIP 1,Pack,1,0,3100,0,0,3100
430,2026-04-07,238,IMRAN AUTO SHER PAO,N,3,121,REAR SHOCK JH90 BLK RECO STAR,Pack,1,0,2500,0,0,2500
430,2026-04-07,238,IMRAN AUTO SHER PAO,N,4,104,CYLINDER KIT 78CM ZIP 1,Pack,1,0,2600,0,0,2600
430,2026-04-07,238,IMRAN AUTO SHER PAO,N,5,46,ZIP 1 CHAIN KIT GOLD 38-15 CD-70,Pack,10,0,1450,0,0,14500
430,2026-04-07,238,IMRAN AUTO SHER PAO,N,6,69,ZIP Carburetor PZ-22,Pack,2,0,2050,0,0,4100
430,2026-04-07,238,IMRAN AUTO SHER PAO,N,7,99,ZIP 1 MAGNET COIL RING CDI 70,Pack,2,0,1050,0,0,2100
431,2026-04-07,176,ANSARI AUTO DASTAGIR,N,1,69,ZIP Carburetor PZ-22,Pack,2,0,1980,0,0,3960
431,2026-04-07,176,ANSARI AUTO DASTAGIR,N,2,126,"CARBURETOR PZ 16""ZIP 1""",Pack,2,0,1980,0,0,3960
431,2026-04-07,176,ANSARI AUTO DASTAGIR,N,3,121,REAR SHOCK JH90 BLK RECO STAR,Pack,1,0,2400,0,0,2400
432,2026-04-07,239,AL-HAJ AUTO MANSERA COLONY,N,1,99,ZIP 1 MAGNET COIL RING CDI 70,Pack,10,0,1050,0,0,10500
432,2026-04-07,239,AL-HAJ AUTO MANSERA COLONY,N,2,104,CYLINDER KIT 78CM ZIP 1,Pack,2,0,2500,0,0,5000
432,2026-04-07,239,AL-HAJ AUTO MANSERA COLONY,N,3,106,CYLINDER KIT 97CM ZIP 1,Pack,5,0,2900,0,0,14500
432,2026-04-07,239,AL-HAJ AUTO MANSERA COLONY,N,4,69,ZIP Carburetor PZ-22,Pack,5,0,2000,0,0,10000
432,2026-04-07,239,AL-HAJ AUTO MANSERA COLONY,N,5,64,Clutch presur plate set zip 1,Pack,20,0,265,0,0,5300
433,2026-04-07,240,AKBER AUTO LIYARI 36,N,1,99,ZIP 1 MAGNET COIL RING CDI 70,Pack,10,0,1100,0,0,11000
434,2026-04-07,156,SUMAIR AUTO GOLIMAR,N,1,64,Clutch presur plate set zip 1,Pack,100,0,245,0,0,24500
435,2026-04-07,112,RAJPUT AUTO SABRI CHOWK ORANGI,N,1,104,CYLINDER KIT 78CM ZIP 1,Pack,16,0,2450,0,0,39200
436,2026-04-07,241,RAJPUT AUTO ORANGI W/RIM,N,1,130,WHEEL RIM FRONT,Pack,15,0,800,0,0,12000
436,2026-04-07,241,RAJPUT AUTO ORANGI W/RIM,N,2,128,WHEEL RIM REAR,Pack,15,0,820,0,0,12300
437,2026-04-07,242,KING AUTO BEHAR COLONY,N,1,50,ZIP Spoke 2.50-17,Pack,4,0,300,0,0,1200
437,2026-04-07,242,KING AUTO BEHAR COLONY,N,2,51,ZIP Spoke 300-17 Long Nipple,Pack,8,0,330,0,0,2640
437,2026-04-07,242,KING AUTO BEHAR COLONY,N,3,104,CYLINDER KIT 78CM ZIP 1,Pack,1,0,2400,0,0,2400
437,2026-04-07,242,KING AUTO BEHAR COLONY,N,4,121,REAR SHOCK JH90 BLK RECO STAR,Pack,1,0,2250,0,0,2250
438,2026-04-08,234,QUETTA AUTO SHERPAO,N,1,99,ZIP 1 MAGNET COIL RING CDI 70,Pack,24,0,1050,0,0,25200
438,2026-04-08,234,QUETTA AUTO SHERPAO,N,2,64,Clutch presur plate set zip 1,Pack,20,0,265,0,0,5300
439,2026-04-08,235,QUETTA AUTO BHAINS COLONY,N,1,99,ZIP 1 MAGNET COIL RING CDI 70,Pack,24,0,1050,0,0,25200
439,2026-04-08,235,QUETTA AUTO BHAINS COLONY,N,2,64,Clutch presur plate set zip 1,Pack,20,0,265,0,0,5300
439,2026-04-08,235,QUETTA AUTO BHAINS COLONY,N,3,104,CYLINDER KIT 78CM ZIP 1,Pack,2,0,2450,0,0,4900
439,2026-04-08,235,QUETTA AUTO BHAINS COLONY,N,4,69,ZIP Carburetor PZ-22,Pack,4,0,1950,0,0,7800
440,2026-04-08,236,QUETTA AUTO SHAHLATIF,N,1,99,ZIP 1 MAGNET COIL RING CDI 70,Pack,24,0,1050,0,0,25200
440,2026-04-08,236,QUETTA AUTO SHAHLATIF,N,2,64,Clutch presur plate set zip 1,Pack,20,0,265,0,0,5300
441,2026-04-08,115,HONDA KARACHI PAKISTAN CHOWK,N,1,99,ZIP 1 MAGNET COIL RING CDI 70,Pack,10,0,1100,0,0,11000
441,2026-04-08,115,HONDA KARACHI PAKISTAN CHOWK,N,2,100,ZIP 1 BRAKE SHOE FMC,Pack,20,0,250,0,0,5000
441,2026-04-08,115,HONDA KARACHI PAKISTAN CHOWK,N,3,94, SPARK PLUG C7HSA CHINA,Pack,100,0,80,0,0,8000
441,2026-04-08,115,HONDA KARACHI PAKISTAN CHOWK,N,4,126,"CARBURETOR PZ 16""ZIP 1""",Pack,2,0,2100,0,0,4200
442,2026-04-08,243,KAZIM AUTO BAG E KORANGI,N,1,99,ZIP 1 MAGNET COIL RING CDI 70,Pack,10,0,1050,0,0,10500
442,2026-04-08,243,KAZIM AUTO BAG E KORANGI,N,2,104,CYLINDER KIT 78CM ZIP 1,Pack,2,0,2400,0,0,4800
442,2026-04-08,243,KAZIM AUTO BAG E KORANGI,N,3,69,ZIP Carburetor PZ-22,Pack,4,0,1980,0,0,7920
443,2026-04-08,73,HUSSAIN AUTO SHAH FAISAL,N,1,106,CYLINDER KIT 97CM ZIP 1,Pack,8,0,2700,0,0,21600
443,2026-04-08,73,HUSSAIN AUTO SHAH FAISAL,N,2,131,CON ROD JH90 STAR,Pack,600,0,550,0,0,330000
444,2026-04-08,115,HONDA KARACHI PAKISTAN CHOWK,N,1,69,ZIP Carburetor PZ-22,Pack,5,0,2000,0,0,10000
445,2026-04-09,244,SAHIBZADA AUTO 89 MKT,N,1,99,ZIP 1 MAGNET COIL RING CDI 70,Pack,5,0,1050,0,0,5250
445,2026-04-09,244,SAHIBZADA AUTO 89 MKT,N,2,104,CYLINDER KIT 78CM ZIP 1,Pack,1,0,2500,0,0,2500
445,2026-04-09,244,SAHIBZADA AUTO 89 MKT,N,3,64,Clutch presur plate set zip 1,Pack,20,0,265,0,0,5300
446,2026-04-09,245,IMRAN AUTO MALIR,N,1,99,ZIP 1 MAGNET COIL RING CDI 70,Pack,6,0,1000,0,0,6000
446,2026-04-09,245,IMRAN AUTO MALIR,N,2,64,Clutch presur plate set zip 1,Pack,20,0,265,0,0,5300
447,2026-04-09,79,REHMAN AUTO AJMEER NAGRI,N,1,117,REAR SHOCK GENUINE TYPE BLK-ZIP 1,Pack,2,0,2500,0,0,5000
447,2026-04-09,79,REHMAN AUTO AJMEER NAGRI,N,2,46,ZIP 1 CHAIN KIT GOLD 38-15 CD-70,Pack,10,0,1450,0,0,14500
448,2026-04-09,144,TAJ AUTO MEHRAN TOWN 2,N,1,99,ZIP 1 MAGNET COIL RING CDI 70,Pack,5,0,1050,0,0,5250
448,2026-04-09,144,TAJ AUTO MEHRAN TOWN 2,N,2,108,VALVE SEAL CHINA 70,Pack,1000,0,10,0,0,10000
448,2026-04-09,144,TAJ AUTO MEHRAN TOWN 2,N,3,100,ZIP 1 BRAKE SHOE FMC,Pack,50,0,245,0,0,12250
449,2026-04-10,246,NASIR AUTO PEOPELS CHORANGI,N,1,99,ZIP 1 MAGNET COIL RING CDI 70,Pack,5,0,1050,0,0,5250
449,2026-04-10,246,NASIR AUTO PEOPELS CHORANGI,N,2,98,ZIP 1 MAGNET COIL RING HERO,Pack,2,0,1050,0,0,2100
449,2026-04-10,246,NASIR AUTO PEOPELS CHORANGI,N,3,64,Clutch presur plate set zip 1,Pack,3,0,265,0,0,795
449,2026-04-10,246,NASIR AUTO PEOPELS CHORANGI,N,4,46,ZIP 1 CHAIN KIT GOLD 38-15 CD-70,Pack,10,0,1450,0,0,14500
449,2026-04-10,246,NASIR AUTO PEOPELS CHORANGI,N,5,94, SPARK PLUG C7HSA CHINA,Pack,20,0,75,0,0,1500
449,2026-04-10,246,NASIR AUTO PEOPELS CHORANGI,N,6,100,ZIP 1 BRAKE SHOE FMC,Pack,5,0,250,0,0,1250
449,2026-04-10,246,NASIR AUTO PEOPELS CHORANGI,N,7,69,ZIP Carburetor PZ-22,Pack,1,0,2000,0,0,2000
450,2026-04-10,189,UBAID AUTO GULLSHAN 13D,N,1,46,ZIP 1 CHAIN KIT GOLD 38-15 CD-70,Pack,10,0,1450,0,0,14500
450,2026-04-10,189,UBAID AUTO GULLSHAN 13D,N,2,69,ZIP Carburetor PZ-22,Pack,2,0,2000,0,0,4000
450,2026-04-10,189,UBAID AUTO GULLSHAN 13D,N,3,86,ZIP 1 GOLD CHAIN KIT CG-125,Pack,2,0,1650,0,0,3300
450,2026-04-10,189,UBAID AUTO GULLSHAN 13D,N,4,99,ZIP 1 MAGNET COIL RING CDI 70,Pack,3,0,1050,0,0,3150
451,2026-04-10,180,ARSALAN AUTO 13D GULLSHAN,N,1,46,ZIP 1 CHAIN KIT GOLD 38-15 CD-70,Pack,10,0,1450,0,0,14500
451,2026-04-10,180,ARSALAN AUTO 13D GULLSHAN,N,2,100,ZIP 1 BRAKE SHOE FMC,Pack,20,0,245,0,0,4900
451,2026-04-10,180,ARSALAN AUTO 13D GULLSHAN,N,3,99,ZIP 1 MAGNET COIL RING CDI 70,Pack,5,0,1050,0,0,5250
452,2026-04-10,213,YOUSUF AUTO GULLSHAN 13D,N,1,64,Clutch presur plate set zip 1,Pack,10,0,265,0,0,2650
453,2026-04-10,154,HAFEEZ AUTO KHAN BELA,N,1,99,ZIP 1 MAGNET COIL RING CDI 70,Pack,168,0,950,0,0,159600
453,2026-04-10,154,HAFEEZ AUTO KHAN BELA,N,2,98,ZIP 1 MAGNET COIL RING HERO,Pack,48,0,950,0,0,45600
454,2026-04-10,244,SAHIBZADA AUTO 89 MKT,N,1,99,ZIP 1 MAGNET COIL RING CDI 70,Pack,24,0,1050,0,0,25200
455,2026-04-10,245,IMRAN AUTO MALIR,N,1,99,ZIP 1 MAGNET COIL RING CDI 70,Pack,24,0,1000,0,0,24000
456,2026-04-10,247,RIZWAN AUTO AZEEM PURA,N,1,99,ZIP 1 MAGNET COIL RING CDI 70,Pack,10,0,1050,0,0,10500
456,2026-04-10,247,RIZWAN AUTO AZEEM PURA,N,2,64,Clutch presur plate set zip 1,Pack,10,0,265,0,0,2650
457,2026-04-10,248,FAISAL AUTO AZEEM PURA,N,1,99,ZIP 1 MAGNET COIL RING CDI 70,Pack,10,0,1050,0,0,10500
457,2026-04-10,248,FAISAL AUTO AZEEM PURA,N,2,69,ZIP Carburetor PZ-22,Pack,5,0,1950,0,0,9750
457,2026-04-10,248,FAISAL AUTO AZEEM PURA,N,3,104,CYLINDER KIT 78CM ZIP 1,Pack,5,0,2400,0,0,12000
457,2026-04-10,248,FAISAL AUTO AZEEM PURA,N,4,64,Clutch presur plate set zip 1,Pack,10,0,265,0,0,2650
457,2026-04-10,248,FAISAL AUTO AZEEM PURA,N,5,100,ZIP 1 BRAKE SHOE FMC,Pack,10,0,250,0,0,2500
458,2026-04-10,170,ABDUL HADI AUTO DRIG ROAD,N,1,114,REAR SHOCK JH90 BLK-ZIP 1,Pack,5,0,3000,0,0,15000
458,2026-04-10,170,ABDUL HADI AUTO DRIG ROAD,N,2,111,FRONT SHOCK  JH90 ZIP 1,Pack,1,0,4500,0,0,4500
458,2026-04-10,170,ABDUL HADI AUTO DRIG ROAD,N,3,105,CYLINDER KIT 72CM ZIP 1,Pack,1,0,2500,0,0,2500
458,2026-04-10,170,ABDUL HADI AUTO DRIG ROAD,N,4,104,CYLINDER KIT 78CM ZIP 1,Pack,1,0,2500,0,0,2500
459,2026-04-10,167,QADRI AUTO SHAH FAISAL,N,1,99,ZIP 1 MAGNET COIL RING CDI 70,Pack,24,0,1050,0,0,25200
459,2026-04-10,167,QADRI AUTO SHAH FAISAL,N,2,104,CYLINDER KIT 78CM ZIP 1,Pack,3,0,2500,0,0,7500
459,2026-04-10,167,QADRI AUTO SHAH FAISAL,N,3,69,ZIP Carburetor PZ-22,Pack,6,0,1980,0,0,11880
459,2026-04-10,167,QADRI AUTO SHAH FAISAL,N,4,100,ZIP 1 BRAKE SHOE FMC,Pack,60,0,250,0,0,15000
460,2026-04-10,148,IRFAN AUTO SHAH FAISAL,N,1,99,ZIP 1 MAGNET COIL RING CDI 70,Pack,24,0,1050,0,0,25200
460,2026-04-10,148,IRFAN AUTO SHAH FAISAL,N,2,69,ZIP Carburetor PZ-22,Pack,10,0,1980,0,0,19800
460,2026-04-10,148,IRFAN AUTO SHAH FAISAL,N,3,104,CYLINDER KIT 78CM ZIP 1,Pack,10,0,2500,0,0,25000
460,2026-04-10,148,IRFAN AUTO SHAH FAISAL,N,4,106,CYLINDER KIT 97CM ZIP 1,Pack,2,0,2900,0,0,5800
460,2026-04-10,148,IRFAN AUTO SHAH FAISAL,N,5,105,CYLINDER KIT 72CM ZIP 1,Pack,2,0,2600,0,0,5200
462,2026-04-11,67,JAMEEL AUTOS LEE MARKET,N,1,57,ZIP 1 CHAIN KIT Gold 41-14 CD-70,Pack,50,0,1420,0,0,71000
463,2026-04-11,69,WAQAS AUTOS ISLAM CHOWK,N,1,111,FRONT SHOCK  JH90 ZIP 1,Pack,6,0,4100,0,0,24600
463,2026-04-11,69,WAQAS AUTOS ISLAM CHOWK,N,2,104,CYLINDER KIT 78CM ZIP 1,Pack,10,0,2350,0,0,23500
464,2026-04-11,153,JUNAID AUTO SHAHFAISAL,N,1,105,CYLINDER KIT 72CM ZIP 1,Pack,3,0,2450,0,0,7350
464,2026-04-11,153,JUNAID AUTO SHAHFAISAL,N,2,106,CYLINDER KIT 97CM ZIP 1,Pack,2,0,2700,0,0,5400
465,2026-04-11,25,AZAN AUTO BADIN,N,1,132,CHAIN LOCK 530 LINK,Pack,1600,0,24,0,0,38400
466,2026-04-11,25,AZAN AUTO BADIN,N,1,99,ZIP 1 MAGNET COIL RING CDI 70,Pack,48,0,900,0,0,43200
466,2026-04-11,25,AZAN AUTO BADIN,N,2,98,ZIP 1 MAGNET COIL RING HERO,Pack,24,0,900,0,0,21600
467,2026-04-11,250,MOHSIN ZIP SHOP,N,1,119,FRONT SHOCK JH.90 RECO STAR,Pack,1,0,2600,0,0,2600
467,2026-04-11,250,MOHSIN ZIP SHOP,N,2,125,SILENCER BEST LIFE,Pack,1,0,1060,0,0,1060
467,2026-04-11,250,MOHSIN ZIP SHOP,N,3,60,CHAIN COVER 0.6MM ZIP 1,Pack,1,0,500,0,0,500
467,2026-04-11,250,MOHSIN ZIP SHOP,N,4,121,REAR SHOCK JH90 BLK RECO STAR,Pack,1,0,1900,0,0,1900
467,2026-04-11,250,MOHSIN ZIP SHOP,N,5,104,CYLINDER KIT 78CM ZIP 1,Pack,1,0,1950,0,0,1950
467,2026-04-11,250,MOHSIN ZIP SHOP,N,6,96,ZIP 1HEAD COMPLETE EURO,Pack,1,0,4000,0,0,4000
467,2026-04-11,250,MOHSIN ZIP SHOP,N,7,130,WHEEL RIM FRONT,Pack,1,0,680,0,0,680
467,2026-04-11,250,MOHSIN ZIP SHOP,N,8,128,WHEEL RIM REAR,Pack,1,0,780,0,0,780
468,2026-04-13,251,KARACHI AUTO QUAIDABAD,N,1,99,ZIP 1 MAGNET COIL RING CDI 70,Pack,5,0,1050,0,0,5250
468,2026-04-13,251,KARACHI AUTO QUAIDABAD,N,2,104,CYLINDER KIT 78CM ZIP 1,Pack,1,0,2500,0,0,2500
468,2026-04-13,251,KARACHI AUTO QUAIDABAD,N,3,64,Clutch presur plate set zip 1,Pack,10,0,265,0,0,2650
468,2026-04-13,251,KARACHI AUTO QUAIDABAD,N,4,69,ZIP Carburetor PZ-22,Pack,1,0,2000,0,0,2000
469,2026-04-13,116,ASIF SUPPLIER ZIP 1,N,1,46,ZIP 1 CHAIN KIT GOLD 38-15 CD-70,Pack,10,0,1450,0,0,14500
469,2026-04-13,116,ASIF SUPPLIER ZIP 1,N,2,114,REAR SHOCK JH90 BLK-ZIP 1,Pack,1,0,3100,0,0,3100
470,2026-04-13,115,HONDA KARACHI PAKISTAN CHOWK,N,1,98,ZIP 1 MAGNET COIL RING HERO,Pack,10,0,1020,0,0,10200
471,2026-04-13,71,HAMZA KHAN AUTOS ORANGI TOWN,N,1,51,ZIP Spoke 300-17 Long Nipple,Pack,80,0,337.5,0,0,27000
472,2026-04-13,89,WAQAS TYRE TUBE ISLAM CHOWK,N,1,51,ZIP Spoke 300-17 Long Nipple,Pack,80,0,330,0,0,26400
473,2026-04-14,252,OKASHA MEHAR,N,1,99,ZIP 1 MAGNET COIL RING CDI 70,Pack,48,0,900,0,0,43200
473,2026-04-14,252,OKASHA MEHAR,N,2,98,ZIP 1 MAGNET COIL RING HERO,Pack,24,0,900,0,0,21600
474,2026-04-14,42,KHATAOMAL PANGRIO,N,1,99,ZIP 1 MAGNET COIL RING CDI 70,Pack,48,0,950,0,0,45600
474,2026-04-14,42,KHATAOMAL PANGRIO,N,2,69,ZIP Carburetor PZ-22,Pack,20,0,1850,0,0,37000
474,2026-04-14,42,KHATAOMAL PANGRIO,N,3,104,CYLINDER KIT 78CM ZIP 1,Pack,16,0,2300,0,0,36800
475,2026-04-14,116,ASIF SUPPLIER ZIP 1,N,1,99,ZIP 1 MAGNET COIL RING CDI 70,Pack,5,0,1150,0,0,5750
476,2026-04-15,168,B.S AUTO QUAIDABAD,N,1,69,ZIP Carburetor PZ-22,Pack,10,0,1950,0,0,19500
476,2026-04-15,168,B.S AUTO QUAIDABAD,N,2,104,CYLINDER KIT 78CM ZIP 1,Pack,1,0,2400,0,0,2400
476,2026-04-15,168,B.S AUTO QUAIDABAD,N,3,106,CYLINDER KIT 97CM ZIP 1,Pack,1,0,2900,0,0,2900
477,2026-04-15,253,IZZAT AGA AUTO RABIA CITY,N,1,99,ZIP 1 MAGNET COIL RING CDI 70,Pack,12,0,1100,0,0,13200
477,2026-04-15,253,IZZAT AGA AUTO RABIA CITY,N,2,117,REAR SHOCK GENUINE TYPE BLK-ZIP 1,Pack,2,0,2600,0,0,5200
477,2026-04-15,253,IZZAT AGA AUTO RABIA CITY,N,3,114,REAR SHOCK JH90 BLK-ZIP 1,Pack,1,0,3100,0,0,3100
477,2026-04-15,253,IZZAT AGA AUTO RABIA CITY,N,4,115,REAR SHOCK JH90 RED-ZIP 1,Pack,1,0,3100,0,0,3100
478,2026-04-15,59,RIDER AUTO PARTS,N,1,99,ZIP 1 MAGNET COIL RING CDI 70,Pack,96,0,900,0,0,86400
479,2026-04-15,138,ASIM BROTHERS MARKET,N,1,99,ZIP 1 MAGNET COIL RING CDI 70,Pack,24,0,950,0,0,22800
480,2026-04-15,169,TAYYAB AUTO MEHMODABAD,N,1,111,FRONT SHOCK  JH90 ZIP 1,Pack,2,0,4300,0,0,8600
480,2026-04-15,169,TAYYAB AUTO MEHMODABAD,N,2,114,REAR SHOCK JH90 BLK-ZIP 1,Pack,2,0,3000,0,0,6000
480,2026-04-15,169,TAYYAB AUTO MEHMODABAD,N,3,46,ZIP 1 CHAIN KIT GOLD 38-15 CD-70,Pack,10,0,1450,0,0,14500
481,2026-04-15,242,KING AUTO BEHAR COLONY,N,1,104,CYLINDER KIT 78CM ZIP 1,Pack,2,0,2450,0,0,4900
481,2026-04-15,242,KING AUTO BEHAR COLONY,N,2,99,ZIP 1 MAGNET COIL RING CDI 70,Pack,5,0,1100,0,0,5500
481,2026-04-15,242,KING AUTO BEHAR COLONY,N,3,130,WHEEL RIM FRONT,Pack,3,0,800,0,0,2400
481,2026-04-15,242,KING AUTO BEHAR COLONY,N,4,128,WHEEL RIM REAR,Pack,3,0,850,0,0,2550
482,2026-04-15,141,ALI AUTO MEHMODABAD,N,1,99,ZIP 1 MAGNET COIL RING CDI 70,Pack,24,0,1000,0,0,24000
482,2026-04-15,141,ALI AUTO MEHMODABAD,N,2,126,"CARBURETOR PZ 16""ZIP 1""",Pack,5,0,2000,0,0,10000
483,2026-04-16,254,WARSI AUTO NAZIMABAD,N,1,99,ZIP 1 MAGNET COIL RING CDI 70,Pack,5,0,1050,0,0,5250
483,2026-04-16,254,WARSI AUTO NAZIMABAD,N,2,69,ZIP Carburetor PZ-22,Pack,3,0,2000,0,0,6000
483,2026-04-16,254,WARSI AUTO NAZIMABAD,N,3,126,"CARBURETOR PZ 16""ZIP 1""",Pack,5,0,1950,0,0,9750
483,2026-04-16,254,WARSI AUTO NAZIMABAD,N,4,64,Clutch presur plate set zip 1,Pack,5,0,260,0,0,1300
483,2026-04-16,254,WARSI AUTO NAZIMABAD,N,5,94, SPARK PLUG C7HSA CHINA,Pack,10,0,75,0,0,750
483,2026-04-16,254,WARSI AUTO NAZIMABAD,N,6,86,ZIP 1 GOLD CHAIN KIT CG-125,Pack,1,0,1650,0,0,1650
483,2026-04-16,254,WARSI AUTO NAZIMABAD,N,7,46,ZIP 1 CHAIN KIT GOLD 38-15 CD-70,Pack,5,0,1450,0,0,7250
484,2026-04-16,139,IQBAL AUTO BALDIA,N,1,104,CYLINDER KIT 78CM ZIP 1,Pack,3,0,2500,0,0,7500
484,2026-04-16,139,IQBAL AUTO BALDIA,N,2,99,ZIP 1 MAGNET COIL RING CDI 70,Pack,5,0,1050,0,0,5250
485,2026-04-16,199,SUFI BILAL COLONY KORANGI,N,1,99,ZIP 1 MAGNET COIL RING CDI 70,Pack,10,0,1050,0,0,10500
485,2026-04-16,199,SUFI BILAL COLONY KORANGI,N,2,69,ZIP Carburetor PZ-22,Pack,5,0,1980,0,0,9900
485,2026-04-16,199,SUFI BILAL COLONY KORANGI,N,3,64,Clutch presur plate set zip 1,Pack,10,0,260,0,0,2600
486,2026-04-16,181,MAKKA AUTO KORANGI 3 NUMBER,N,1,69,ZIP Carburetor PZ-22,Pack,5,0,2000,0,0,10000
486,2026-04-16,181,MAKKA AUTO KORANGI 3 NUMBER,N,2,99,ZIP 1 MAGNET COIL RING CDI 70,Pack,5,0,1050,0,0,5250
486,2026-04-16,181,MAKKA AUTO KORANGI 3 NUMBER,N,3,46,ZIP 1 CHAIN KIT GOLD 38-15 CD-70,Pack,5,0,1450,0,0,7250
486,2026-04-16,181,MAKKA AUTO KORANGI 3 NUMBER,N,4,94, SPARK PLUG C7HSA CHINA,Pack,20,0,75,0,0,1500
487,2026-04-16,207,B.S KORANGI 4 POOL,N,1,99,ZIP 1 MAGNET COIL RING CDI 70,Pack,5,0,1050,0,0,5250
487,2026-04-16,207,B.S KORANGI 4 POOL,N,3,94, SPARK PLUG C7HSA CHINA,Pack,30,0,75,0,0,2250
487,2026-04-16,207,B.S KORANGI 4 POOL,N,4,118,REAR SHOCK CDI-125 ZIP 1,Pack,1,0,3150,0,0,3150
487,2026-04-16,207,B.S KORANGI 4 POOL,N,5,100,ZIP 1 BRAKE SHOE FMC,Pack,20,0,250,0,0,5000
487,2026-04-16,207,B.S KORANGI 4 POOL,N,6,69,ZIP Carburetor PZ-22,Pack,5,0,2000,0,0,10000
487,2026-04-16,207,B.S KORANGI 4 POOL,N,7,126,"CARBURETOR PZ 16""ZIP 1""",Pack,1,0,2000,0,0,2000
488,2026-04-16,137,KHAN SHAHRUKH AUTO KORANGI,N,1,99,ZIP 1 MAGNET COIL RING CDI 70,Pack,10,0,1050,0,0,10500
488,2026-04-16,137,KHAN SHAHRUKH AUTO KORANGI,N,2,98,ZIP 1 MAGNET COIL RING HERO,Pack,5,0,1050,0,0,5250
488,2026-04-16,137,KHAN SHAHRUKH AUTO KORANGI,N,3,69,ZIP Carburetor PZ-22,Pack,5,0,2000,0,0,10000
488,2026-04-16,137,KHAN SHAHRUKH AUTO KORANGI,N,4,126,"CARBURETOR PZ 16""ZIP 1""",Pack,5,0,2000,0,0,10000
489,2026-04-16,82,JUNAID AUTO AGRA TAJ,N,1,114,REAR SHOCK JH90 BLK-ZIP 1,Pack,5,0,2850,0,0,14250
489,2026-04-16,82,JUNAID AUTO AGRA TAJ,N,2,116,REAR SHOCK GENUINE TYPE RED-ZIP 1,Pack,2,0,2250,0,0,4500
490,2026-04-17,57,RANA AUTOS LANDHI,N,1,123,ONLY FRY WHEEL MAGNET ZIP 1,Pack,10,0,1450,0,0,14500
490,2026-04-17,57,RANA AUTOS LANDHI,N,2,46,ZIP 1 CHAIN KIT GOLD 38-15 CD-70,Pack,30,0,1400,0,0,42000
490,2026-04-17,57,RANA AUTOS LANDHI,N,3,64,Clutch presur plate set zip 1,Pack,20,0,260,0,0,5200
491,2026-04-17,68,ARIF AUTOS LANDHI,N,1,123,ONLY FRY WHEEL MAGNET ZIP 1,Pack,10,0,1450,0,0,14500
492,2026-04-17,255,BABA & SONS KORANGI 5/2,N,1,99,ZIP 1 MAGNET COIL RING CDI 70,Pack,10,0,1050,0,0,10500
493,2026-04-17,256,PARTS WALA AUTO LANDHI 6,N,1,99,ZIP 1 MAGNET COIL RING CDI 70,Pack,24,0,1050,0,0,25200
493,2026-04-17,256,PARTS WALA AUTO LANDHI 6,N,2,104,CYLINDER KIT 78CM ZIP 1,Pack,3,0,2500,0,0,7500
493,2026-04-17,256,PARTS WALA AUTO LANDHI 6,N,3,123,ONLY FRY WHEEL MAGNET ZIP 1,Pack,2,0,1500,0,0,3000
493,2026-04-17,256,PARTS WALA AUTO LANDHI 6,N,4,69,ZIP Carburetor PZ-22,Pack,2,0,2050,0,0,4100
493,2026-04-17,256,PARTS WALA AUTO LANDHI 6,N,5,114,REAR SHOCK JH90 BLK-ZIP 1,Pack,1,0,3100,0,0,3100
493,2026-04-17,256,PARTS WALA AUTO LANDHI 6,N,6,134,COIL PLATE COMPLETE CDI70 ZIP 1,Pack,2,0,1800,0,0,3600
494,2026-04-17,209,R-K AUTO MARKET,N,1,99,ZIP 1 MAGNET COIL RING CDI 70,Pack,24,0,1000,0,0,24000
495,2026-04-17,199,SUFI BILAL COLONY KORANGI,N,1,123,ONLY FRY WHEEL MAGNET ZIP 1,Pack,4,0,1450,0,0,5800
496,2026-04-17,144,TAJ AUTO MEHRAN TOWN 2,N,1,123,ONLY FRY WHEEL MAGNET ZIP 1,Pack,2,0,1450,0,0,2900
496,2026-04-17,144,TAJ AUTO MEHRAN TOWN 2,N,2,134,COIL PLATE COMPLETE CDI70 ZIP 1,Pack,2,0,1800,0,0,3600
497,2026-04-17,207,B.S KORANGI 4 POOL,N,1,102,MAGNET COMPLETE CDI-70 ZIP 1,Pack,1,0,3100,0,0,3100
497,2026-04-17,207,B.S KORANGI 4 POOL,N,2,134,COIL PLATE COMPLETE CDI70 ZIP 1,Pack,1,0,1800,0,0,1800
498,2026-04-17,137,KHAN SHAHRUKH AUTO KORANGI,N,1,102,MAGNET COMPLETE CDI-70 ZIP 1,Pack,2,0,3100,0,0,6200
499,2026-04-17,120,BHATTI AUTO GULSHAN BLK 2,N,1,125,SILENCER BEST LIFE,Pack,3,0,1150,0,0,3450
499,2026-04-17,120,BHATTI AUTO GULSHAN BLK 2,N,2,130,WHEEL RIM FRONT,Pack,5,0,800,0,0,4000
499,2026-04-17,120,BHATTI AUTO GULSHAN BLK 2,N,3,128,WHEEL RIM REAR,Pack,5,0,800,0,0,4000
499,2026-04-17,120,BHATTI AUTO GULSHAN BLK 2,N,4,99,ZIP 1 MAGNET COIL RING CDI 70,Pack,3,0,950,0,0,2850
500,2026-04-18,132,ADNAN AUTO FAST,N,1,60,CHAIN COVER 0.6MM ZIP 1,Pack,30,0,600,0,0,18000
500,2026-04-18,132,ADNAN AUTO FAST,N,2,102,MAGNET COMPLETE CDI-70 ZIP 1,Pack,5,0,2900,0,0,14500
500,2026-04-18,132,ADNAN AUTO FAST,N,3,99,ZIP 1 MAGNET COIL RING CDI 70,Pack,48,0,950,0,0,45600
501,2026-04-18,154,HAFEEZ AUTO KHAN BELA,N,1,126,"CARBURETOR PZ 16""ZIP 1""",Pack,40,0,1735,0,0,69400
502,2026-04-18,115,HONDA KARACHI PAKISTAN CHOWK,N,1,60,CHAIN COVER 0.6MM ZIP 1,Pack,10,0,650,0,0,6500
503,2026-04-18,229,IMRAN AUTO FAQEERA GOTH,N,1,101,PRESURE PLATE SET-ZIP 1,Pack,100,0,120,0,0,12000
504,2026-04-18,257,FAISAL M.S.A.A. TRADERS,N,1,94, SPARK PLUG C7HSA CHINA,Pack,10,0,70,0,0,700
505,2026-04-20,75,YASIR AUTOS SACHAL GOTH,N,1,99,ZIP 1 MAGNET COIL RING CDI 70,Pack,24,0,1050,0,0,25200
505,2026-04-20,75,YASIR AUTOS SACHAL GOTH,N,2,98,ZIP 1 MAGNET COIL RING HERO,Pack,10,0,1050,0,0,10500
505,2026-04-20,75,YASIR AUTOS SACHAL GOTH,N,3,104,CYLINDER KIT 78CM ZIP 1,Pack,5,0,2500,0,0,12500
505,2026-04-20,75,YASIR AUTOS SACHAL GOTH,N,4,64,Clutch presur plate set zip 1,Pack,10,0,265,0,0,2650
506,2026-04-20,27,B.S BAKHTAWAR GOTH,N,1,99,ZIP 1 MAGNET COIL RING CDI 70,Pack,10,0,1050,0,0,10500
506,2026-04-20,27,B.S BAKHTAWAR GOTH,N,2,98,ZIP 1 MAGNET COIL RING HERO,Pack,5,0,1050,0,0,5250
506,2026-04-20,27,B.S BAKHTAWAR GOTH,N,3,123,ONLY FRY WHEEL MAGNET ZIP 1,Pack,3,0,1450,0,0,4350
506,2026-04-20,27,B.S BAKHTAWAR GOTH,N,4,108,VALVE SEAL CHINA 70,Pack,500,0,10,0,0,5000
506,2026-04-20,27,B.S BAKHTAWAR GOTH,N,5,104,CYLINDER KIT 78CM ZIP 1,Pack,1,0,2500,0,0,2500
506,2026-04-20,27,B.S BAKHTAWAR GOTH,N,6,69,ZIP Carburetor PZ-22,Pack,5,0,2000,0,0,10000
508,2026-04-20,142,MADINA AUTO AZIZABAD,N,1,69,ZIP Carburetor PZ-22,Pack,3,0,2000,0,0,6000
508,2026-04-20,142,MADINA AUTO AZIZABAD,N,2,64,Clutch presur plate set zip 1,Pack,10,0,260,0,0,2600
508,2026-04-20,142,MADINA AUTO AZIZABAD,N,3,46,ZIP 1 CHAIN KIT GOLD 38-15 CD-70,Pack,5,0,1450,0,0,7250
508,2026-04-20,142,MADINA AUTO AZIZABAD,N,4,94, SPARK PLUG C7HSA CHINA,Pack,50,0,75,0,0,3750
508,2026-04-20,142,MADINA AUTO AZIZABAD,N,6,114,REAR SHOCK JH90 BLK-ZIP 1,Pack,2,0,3050,0,0,6100
508,2026-04-20,142,MADINA AUTO AZIZABAD,N,7,117,REAR SHOCK GENUINE TYPE BLK-ZIP 1,Pack,2,0,2500,0,0,5000
509,2026-04-20,173,B.S AUTO FARZAN BAK KORANGI,N,1,99,ZIP 1 MAGNET COIL RING CDI 70,Pack,5,0,1050,0,0,5250
509,2026-04-20,173,B.S AUTO FARZAN BAK KORANGI,N,2,94, SPARK PLUG C7HSA CHINA,Pack,20,0,75,0,0,1500
509,2026-04-20,173,B.S AUTO FARZAN BAK KORANGI,N,3,69,ZIP Carburetor PZ-22,Pack,2,0,2000,0,0,4000
509,2026-04-20,173,B.S AUTO FARZAN BAK KORANGI,N,4,60,CHAIN COVER 0.6MM ZIP 1,Pack,3,0,650,0,0,1950
509,2026-04-20,173,B.S AUTO FARZAN BAK KORANGI,N,5,100,ZIP 1 BRAKE SHOE FMC,Pack,10,0,260,0,0,2600
509,2026-04-20,173,B.S AUTO FARZAN BAK KORANGI,N,6,64,Clutch presur plate set zip 1,Pack,5,0,265,0,0,1325
510,2026-04-20,259,IMRAN AUTO PEHALWAN GOTH,N,1,99,ZIP 1 MAGNET COIL RING CDI 70,Pack,10,0,1050,0,0,10500
510,2026-04-20,259,IMRAN AUTO PEHALWAN GOTH,N,2,102,MAGNET COMPLETE CDI-70 ZIP 1,Pack,3,0,3050,0,0,9150
510,2026-04-20,259,IMRAN AUTO PEHALWAN GOTH,N,3,114,REAR SHOCK JH90 BLK-ZIP 1,Pack,3,0,3000,0,0,9000
510,2026-04-20,259,IMRAN AUTO PEHALWAN GOTH,N,4,111,FRONT SHOCK  JH90 ZIP 1,Pack,2,0,4700,0,0,9400
510,2026-04-20,259,IMRAN AUTO PEHALWAN GOTH,N,5,121,REAR SHOCK JH90 BLK RECO STAR,Pack,4,0,2400,0,0,9600
510,2026-04-20,259,IMRAN AUTO PEHALWAN GOTH,N,6,46,ZIP 1 CHAIN KIT GOLD 38-15 CD-70,Pack,10,0,1430,0,0,14300
511,2026-04-20,132,ADNAN AUTO FAST,N,1,50,ZIP Spoke 2.50-17,Pack,40,0,287.5,0,0,11500
512,2026-04-20,115,HONDA KARACHI PAKISTAN CHOWK,N,1,135,CARBURETOR PZ27 CDI 125,Pack,5,0,2300,0,0,11500
513,2026-04-20,104,HAMZA AUTO MOSMIYAT,N,1,99,ZIP 1 MAGNET COIL RING CDI 70,Pack,24,0,950,0,0,22800
514,2026-04-21,149,SHEIKH AUTO PEHALWAN GOTH,N,1,99,ZIP 1 MAGNET COIL RING CDI 70,Pack,24,0,1000,0,0,24000
514,2026-04-21,149,SHEIKH AUTO PEHALWAN GOTH,N,2,123,ONLY FRY WHEEL MAGNET ZIP 1,Pack,5,0,1450,0,0,7250
514,2026-04-21,149,SHEIKH AUTO PEHALWAN GOTH,N,3,104,CYLINDER KIT 78CM ZIP 1,Pack,2,0,2500,0,0,5000
514,2026-04-21,149,SHEIKH AUTO PEHALWAN GOTH,N,4,100,ZIP 1 BRAKE SHOE FMC,Pack,10,0,265,0,0,2650
514,2026-04-21,149,SHEIKH AUTO PEHALWAN GOTH,N,5,64,Clutch presur plate set zip 1,Pack,16,0,265,0,0,4240
515,2026-04-21,260,ASAD AUTO MALIR,N,1,99,ZIP 1 MAGNET COIL RING CDI 70,Pack,10,0,1100,0,0,11000
515,2026-04-21,260,ASAD AUTO MALIR,N,2,104,CYLINDER KIT 78CM ZIP 1,Pack,2,0,2600,0,0,5200
515,2026-04-21,260,ASAD AUTO MALIR,N,3,100,ZIP 1 BRAKE SHOE FMC,Pack,10,0,265,0,0,2650
515,2026-04-21,260,ASAD AUTO MALIR,N,4,94, SPARK PLUG C7HSA CHINA,Pack,20,0,75,0,0,1500
515,2026-04-21,260,ASAD AUTO MALIR,N,5,108,VALVE SEAL CHINA 70,Pack,100,0,10,0,0,1000
516,2026-04-21,192,SUBHAN AUTO GULSHAN 13D,N,1,99,ZIP 1 MAGNET COIL RING CDI 70,Pack,5,0,1050,0,0,5250
516,2026-04-21,192,SUBHAN AUTO GULSHAN 13D,N,2,94, SPARK PLUG C7HSA CHINA,Pack,30,0,75,0,0,2250
516,2026-04-21,192,SUBHAN AUTO GULSHAN 13D,N,3,69,ZIP Carburetor PZ-22,Pack,5,0,2000,0,0,10000
516,2026-04-21,192,SUBHAN AUTO GULSHAN 13D,N,4,135,CARBURETOR PZ27 CDI 125,Pack,2,0,2300,0,0,4600
516,2026-04-21,192,SUBHAN AUTO GULSHAN 13D,N,5,100,ZIP 1 BRAKE SHOE FMC,Pack,10,0,260,0,0,2600
516,2026-04-21,192,SUBHAN AUTO GULSHAN 13D,N,6,123,ONLY FRY WHEEL MAGNET ZIP 1,Pack,2,0,1500,0,0,3000
516,2026-04-21,192,SUBHAN AUTO GULSHAN 13D,N,7,102,MAGNET COMPLETE CDI-70 ZIP 1,Pack,2,0,3050,0,0,6100
517,2026-04-21,215,M/S AUTO GULLSHAN 13D,N,1,99,ZIP 1 MAGNET COIL RING CDI 70,Pack,3,0,1050,0,0,3150
517,2026-04-21,215,M/S AUTO GULLSHAN 13D,N,2,69,ZIP Carburetor PZ-22,Pack,2,0,2000,0,0,4000
517,2026-04-21,215,M/S AUTO GULLSHAN 13D,N,3,60,CHAIN COVER 0.6MM ZIP 1,Pack,5,0,650,0,0,3250
517,2026-04-21,215,M/S AUTO GULLSHAN 13D,N,4,94, SPARK PLUG C7HSA CHINA,Pack,20,0,75,0,0,1500
517,2026-04-21,215,M/S AUTO GULLSHAN 13D,N,5,123,ONLY FRY WHEEL MAGNET ZIP 1,Pack,1,0,1500,0,0,1500
517,2026-04-21,215,M/S AUTO GULLSHAN 13D,N,6,102,MAGNET COMPLETE CDI-70 ZIP 1,Pack,1,0,3050,0,0,3050
518,2026-04-21,261,KASHIF R-K SHAH LATIF,N,3,114,REAR SHOCK JH90 BLK-ZIP 1,Pack,5,0,2950,0,0,14750
518,2026-04-21,261,KASHIF R-K SHAH LATIF,N,4,121,REAR SHOCK JH90 BLK RECO STAR,Pack,5,0,2200,0,0,11000
518,2026-04-21,261,KASHIF R-K SHAH LATIF,N,5,120,FRONT SHOCK CDI.70 RECO STAR,Pack,2,0,3150,0,0,6300
518,2026-04-21,261,KASHIF R-K SHAH LATIF,N,6,111,FRONT SHOCK  JH90 ZIP 1,Pack,1,0,4350,0,0,4350
518,2026-04-21,261,KASHIF R-K SHAH LATIF,N,7,60,CHAIN COVER 0.6MM ZIP 1,Pack,10,0,600,0,0,6000
518,2026-04-21,261,KASHIF R-K SHAH LATIF,N,8,99,ZIP 1 MAGNET COIL RING CDI 70,Pack,5,0,1000,0,0,5000
518,2026-04-21,261,KASHIF R-K SHAH LATIF,N,9,69,ZIP Carburetor PZ-22,Pack,3,0,1950,0,0,5850
518,2026-04-21,261,KASHIF R-K SHAH LATIF,N,10,126,"CARBURETOR PZ 16""ZIP 1""",Pack,2,0,2000,0,0,4000
518,2026-04-21,261,KASHIF R-K SHAH LATIF,N,11,135,CARBURETOR PZ27 CDI 125,Pack,1,0,2100,0,0,2100
518,2026-04-21,261,KASHIF R-K SHAH LATIF,N,12,104,CYLINDER KIT 78CM ZIP 1,Pack,2,0,2350,0,0,4700
518,2026-04-21,261,KASHIF R-K SHAH LATIF,N,13,105,CYLINDER KIT 72CM ZIP 1,Pack,1,0,2350,0,0,2350
518,2026-04-21,261,KASHIF R-K SHAH LATIF,N,14,106,CYLINDER KIT 97CM ZIP 1,Pack,1,0,2650,0,0,2650
518,2026-04-21,261,KASHIF R-K SHAH LATIF,N,15,96,ZIP 1HEAD COMPLETE EURO,Pack,2,0,5100,0,0,10200
518,2026-04-21,261,KASHIF R-K SHAH LATIF,N,16,102,MAGNET COMPLETE CDI-70 ZIP 1,Pack,2,0,3000,0,0,6000
518,2026-04-21,261,KASHIF R-K SHAH LATIF,N,17,134,COIL PLATE COMPLETE CDI70 ZIP 1,Pack,2,0,1800,0,0,3600
518,2026-04-21,261,KASHIF R-K SHAH LATIF,N,18,123,ONLY FRY WHEEL MAGNET ZIP 1,Pack,2,0,1450,0,0,2900
518,2026-04-21,261,KASHIF R-K SHAH LATIF,N,19,94, SPARK PLUG C7HSA CHINA,Pack,50,0,75,0,0,3750
518,2026-04-21,261,KASHIF R-K SHAH LATIF,N,20,46,ZIP 1 CHAIN KIT GOLD 38-15 CD-70,Pack,5,0,1430,0,0,7150
518,2026-04-21,261,KASHIF R-K SHAH LATIF,N,21,57,ZIP 1 CHAIN KIT Gold 41-14 CD-70,Pack,5,0,1430,0,0,7150
519,2026-04-21,262,KASHIF R-K W/RIM,N,1,130,WHEEL RIM FRONT,Pack,10,0,800,0,0,8000
519,2026-04-21,262,KASHIF R-K W/RIM,N,2,128,WHEEL RIM REAR,Pack,10,0,800,0,0,8000
520,2026-04-22,73,HUSSAIN AUTO SHAH FAISAL,N,1,131,CON ROD JH90 STAR,Pack,700,0,550,0,0,385000
521,2026-04-22,236,QUETTA AUTO SHAHLATIF,N,1,104,CYLINDER KIT 78CM ZIP 1,Pack,2,0,2500,0,0,5000
521,2026-04-22,236,QUETTA AUTO SHAHLATIF,N,2,105,CYLINDER KIT 72CM ZIP 1,Pack,1,0,2600,0,0,2600
521,2026-04-22,236,QUETTA AUTO SHAHLATIF,N,3,69,ZIP Carburetor PZ-22,Pack,2,0,2000,0,0,4000
521,2026-04-22,236,QUETTA AUTO SHAHLATIF,N,4,126,"CARBURETOR PZ 16""ZIP 1""",Pack,2,0,2050,0,0,4100
521,2026-04-22,236,QUETTA AUTO SHAHLATIF,N,5,95,ZIP 1 PUSH LOCK,Pack,10,0,510,0,0,5100
521,2026-04-22,236,QUETTA AUTO SHAHLATIF,N,6,100,ZIP 1 BRAKE SHOE FMC,Pack,10,0,260,0,0,2600
522,2026-04-22,222,M.A AUTO UP,N,1,95,ZIP 1 PUSH LOCK,Pack,50,0,500,0,0,25000
523,2026-04-22,57,RANA AUTOS LANDHI,N,1,95,ZIP 1 PUSH LOCK,Pack,30,0,500,0,0,15000
524,2026-04-22,69,WAQAS AUTOS ISLAM CHOWK,N,1,95,ZIP 1 PUSH LOCK,Pack,30,0,500,0,0,15000
525,2026-04-22,263,AL-MADINA AUTO WATER PUMP,N,1,95,ZIP 1 PUSH LOCK,Pack,30,0,500,0,0,15000
526,2026-04-22,181,MAKKA AUTO KORANGI 3 NUMBER,N,1,95,ZIP 1 PUSH LOCK,Pack,5,0,500,0,0,2500
526,2026-04-22,181,MAKKA AUTO KORANGI 3 NUMBER,N,2,60,CHAIN COVER 0.6MM ZIP 1,Pack,5,0,650,0,0,3250
527,2026-04-22,123,LUCKY AUTO WATER PUMP,N,1,95,ZIP 1 PUSH LOCK,Pack,20,0,500,0,0,10000
528,2026-04-22,129,B.S AUTO AZIZABAD,N,1,102,MAGNET COMPLETE CDI-70 ZIP 1,Pack,5,0,2990,0,0,14950
528,2026-04-22,129,B.S AUTO AZIZABAD,N,2,104,CYLINDER KIT 78CM ZIP 1,Pack,2,0,2450,0,0,4900
529,2026-04-22,98,ASLAM AUTOS MARIPUR,N,1,99,ZIP 1 MAGNET COIL RING CDI 70,Pack,48,0,1000,0,0,48000
529,2026-04-22,98,ASLAM AUTOS MARIPUR,N,2,123,ONLY FRY WHEEL MAGNET ZIP 1,Pack,5,0,1500,0,0,7500
529,2026-04-22,98,ASLAM AUTOS MARIPUR,N,3,102,MAGNET COMPLETE CDI-70 ZIP 1,Pack,3,0,3000,0,0,9000
529,2026-04-22,98,ASLAM AUTOS MARIPUR,N,4,126,"CARBURETOR PZ 16""ZIP 1""",Pack,10,0,1900,0,0,19000
529,2026-04-22,98,ASLAM AUTOS MARIPUR,N,5,95,ZIP 1 PUSH LOCK,Pack,20,0,500,0,0,10000
530,2026-04-22,144,TAJ AUTO MEHRAN TOWN 2,N,1,95,ZIP 1 PUSH LOCK,Pack,15,0,500,0,0,7500
531,2026-04-22,256,PARTS WALA AUTO LANDHI 6,N,1,95,ZIP 1 PUSH LOCK,Pack,20,0,510,0,0,10200
532,2026-04-22,251,KARACHI AUTO QUAIDABAD,N,1,69,ZIP Carburetor PZ-22,Pack,5,0,2000,0,0,10000
532,2026-04-22,251,KARACHI AUTO QUAIDABAD,N,2,104,CYLINDER KIT 78CM ZIP 1,Pack,2,0,2500,0,0,5000
532,2026-04-22,251,KARACHI AUTO QUAIDABAD,N,3,108,VALVE SEAL CHINA 70,Pack,100,0,10,0,0,1000
533,2026-04-22,42,KHATAOMAL PANGRIO,N,1,95,ZIP 1 PUSH LOCK,Pack,25,0,500,0,0,12500
534,2026-04-22,141,ALI AUTO MEHMODABAD,N,1,60,CHAIN COVER 0.6MM ZIP 1,Pack,10,0,650,0,0,6500
535,2026-04-23,51,NEW KAKAR AUTOS PIDC,N,1,99,ZIP 1 MAGNET COIL RING CDI 70,Pack,24,0,1100,0,0,26400
536,2026-04-23,171,MAMA JAMALI AUTO BADIN,N,1,69,ZIP Carburetor PZ-22,Pack,40,0,1900,0,0,76000
536,2026-04-23,171,MAMA JAMALI AUTO BADIN,N,2,99,ZIP 1 MAGNET COIL RING CDI 70,Pack,48,0,1000,0,0,48000
537,2026-04-23,103,GHOUSIA AUTO JHUDDO,N,1,99,ZIP 1 MAGNET COIL RING CDI 70,Pack,24,0,1000,0,0,24000
538,2026-04-23,137,KHAN SHAHRUKH AUTO KORANGI,N,1,95,ZIP 1 PUSH LOCK,Pack,20,0,500,0,0,10000
539,2026-04-24,68,ARIF AUTOS LANDHI,N,1,69,ZIP Carburetor PZ-22,Pack,40,0,1900,0,0,76000
540,2026-04-24,150,M UMER BADIN,N,1,99,ZIP 1 MAGNET COIL RING CDI 70,Pack,144,0,950,0,0,136800
540,2026-04-24,150,M UMER BADIN,N,2,119,FRONT SHOCK JH.90 RECO STAR,Pack,10,0,3500,0,0,35000
540,2026-04-24,150,M UMER BADIN,N,3,120,FRONT SHOCK CDI.70 RECO STAR,Pack,5,0,3400,0,0,17000
540,2026-04-24,150,M UMER BADIN,N,4,102,MAGNET COMPLETE CDI-70 ZIP 1,Pack,20,0,2900,0,0,58000
540,2026-04-24,150,M UMER BADIN,N,5,104,CYLINDER KIT 78CM ZIP 1,Pack,8,0,2400,0,0,19200
540,2026-04-24,150,M UMER BADIN,N,6,106,CYLINDER KIT 97CM ZIP 1,Pack,8,0,2850,0,0,22800
541,2026-04-24,264,NOOR AUTO JHUDDO,N,1,120,FRONT SHOCK CDI.70 RECO STAR,Pack,5,0,3300,0,0,16500
541,2026-04-24,264,NOOR AUTO JHUDDO,N,2,119,FRONT SHOCK JH.90 RECO STAR,Pack,5,0,3400,0,0,17000
541,2026-04-24,264,NOOR AUTO JHUDDO,N,3,99,ZIP 1 MAGNET COIL RING CDI 70,Pack,48,0,1000,0,0,48000
542,2026-04-24,25,AZAN AUTO BADIN,N,1,49,ZIP Spoke 2.25-17,Pack,160,0,287.5,0,0,46000
543,2026-04-25,71,HAMZA KHAN AUTOS ORANGI TOWN,N,1,51,ZIP Spoke 300-17 Long Nipple,Pack,120,0,355,0,0,42600
544,2026-04-25,130,ALVI AUTO BALDIA 4 NUMBER,N,1,51,ZIP Spoke 300-17 Long Nipple,Pack,80,0,355,0,0,28400
545,2026-04-25,215,M/S AUTO GULLSHAN 13D,N,1,51,ZIP Spoke 300-17 Long Nipple,Pack,40,0,355,0,0,14200
546,2026-04-25,217,BISMILLAH AUTO WATER PUMP,N,1,99,ZIP 1 MAGNET COIL RING CDI 70,Pack,5,0,1100,0,0,5500
546,2026-04-25,217,BISMILLAH AUTO WATER PUMP,N,2,69,ZIP Carburetor PZ-22,Pack,3,0,2050,0,0,6150
547,2026-04-25,265,ARIF AUTO RAHIM YAR KHAN,N,1,95,ZIP 1 PUSH LOCK,Pack,50,0,500,0,0,25000
547,2026-04-25,265,ARIF AUTO RAHIM YAR KHAN,N,2,99,ZIP 1 MAGNET COIL RING CDI 70,Pack,10,0,950,0,0,9500
548,2026-04-25,116,ASIF SUPPLIER ZIP 1,N,1,99,ZIP 1 MAGNET COIL RING CDI 70,Pack,3,0,1150,0,0,3450
548,2026-04-25,116,ASIF SUPPLIER ZIP 1,N,2,98,ZIP 1 MAGNET COIL RING HERO,Pack,3,0,1150,0,0,3450
548,2026-04-25,116,ASIF SUPPLIER ZIP 1,N,3,69,ZIP Carburetor PZ-22,Pack,2,0,2200,0,0,4400
548,2026-04-25,116,ASIF SUPPLIER ZIP 1,N,4,126,"CARBURETOR PZ 16""ZIP 1""",Pack,1,0,2100,0,0,2100
548,2026-04-25,116,ASIF SUPPLIER ZIP 1,N,5,95,ZIP 1 PUSH LOCK,Pack,5,0,500,0,0,2500
548,2026-04-25,116,ASIF SUPPLIER ZIP 1,N,6,60,CHAIN COVER 0.6MM ZIP 1,Pack,5,0,650,0,0,3250
549,2026-04-25,25,AZAN AUTO BADIN,N,1,48,ZIP 1 CHAIN KIT RED 41-14 CD-70,Pack,50,0,1300,0,0,65000
549,2026-04-25,25,AZAN AUTO BADIN,N,2,57,ZIP 1 CHAIN KIT Gold 41-14 CD-70,Pack,10,0,1400,0,0,14000
550,2026-04-27,259,IMRAN AUTO PEHALWAN GOTH,N,1,95,ZIP 1 PUSH LOCK,Pack,20,0,515,0,0,10300
551,2026-04-27,266,MADNI AUTO PEHALWAN GOTH,N,1,104,CYLINDER KIT 78CM ZIP 1,Pack,3,0,2500,0,0,7500
551,2026-04-27,266,MADNI AUTO PEHALWAN GOTH,N,2,105,CYLINDER KIT 72CM ZIP 1,Pack,1,0,2600,0,0,2600
551,2026-04-27,266,MADNI AUTO PEHALWAN GOTH,N,3,99,ZIP 1 MAGNET COIL RING CDI 70,Pack,5,0,1050,0,0,5250
551,2026-04-27,266,MADNI AUTO PEHALWAN GOTH,N,4,94, SPARK PLUG C7HSA CHINA,Pack,60,0,75,0,0,4500
551,2026-04-27,266,MADNI AUTO PEHALWAN GOTH,N,5,69,ZIP Carburetor PZ-22,Pack,5,0,1980,0,0,9900
551,2026-04-27,266,MADNI AUTO PEHALWAN GOTH,N,6,95,ZIP 1 PUSH LOCK,Pack,10,0,515,0,0,5150
551,2026-04-27,266,MADNI AUTO PEHALWAN GOTH,N,7,60,CHAIN COVER 0.6MM ZIP 1,Pack,5,0,650,0,0,3250
552,2026-04-27,267,HAFIZ AUTO PEHALWAN GOTH,N,1,69,ZIP Carburetor PZ-22,Pack,3,0,1980,0,0,5940
552,2026-04-27,267,HAFIZ AUTO PEHALWAN GOTH,N,2,135,CARBURETOR PZ27 CDI 125,Pack,2,0,2250,0,0,4500
552,2026-04-27,267,HAFIZ AUTO PEHALWAN GOTH,N,3,46,ZIP 1 CHAIN KIT GOLD 38-15 CD-70,Pack,5,0,1450,0,0,7250
552,2026-04-27,267,HAFIZ AUTO PEHALWAN GOTH,N,4,99,ZIP 1 MAGNET COIL RING CDI 70,Pack,3,0,1050,0,0,3150
553,2026-04-27,196,MAMA A-1 13D WHEEL RIM,N,1,130,WHEEL RIM FRONT,Pack,15,0,800,0,0,12000
553,2026-04-27,196,MAMA A-1 13D WHEEL RIM,N,2,128,WHEEL RIM REAR,Pack,15,0,800,0,0,12000
554,2026-04-27,268,HANAN AUTO NAZIMABAD,N,1,99,ZIP 1 MAGNET COIL RING CDI 70,Pack,3,0,1050,0,0,3150
554,2026-04-27,268,HANAN AUTO NAZIMABAD,N,2,98,ZIP 1 MAGNET COIL RING HERO,Pack,1,0,1050,0,0,1050
554,2026-04-27,268,HANAN AUTO NAZIMABAD,N,3,69,ZIP Carburetor PZ-22,Pack,2,0,2000,0,0,4000
554,2026-04-27,268,HANAN AUTO NAZIMABAD,N,4,46,ZIP 1 CHAIN KIT GOLD 38-15 CD-70,Pack,5,0,1450,0,0,7250
554,2026-04-27,268,HANAN AUTO NAZIMABAD,N,5,95,ZIP 1 PUSH LOCK,Pack,3,0,515,0,0,1545
555,2026-04-27,269,M/S AUTO SACHAL,N,1,99,ZIP 1 MAGNET COIL RING CDI 70,Pack,5,0,1050,0,0,5250
555,2026-04-27,269,M/S AUTO SACHAL,N,2,51,ZIP Spoke 300-17 Long Nipple,Pack,4,0,380,0,0,1520
555,2026-04-27,269,M/S AUTO SACHAL,N,3,50,ZIP Spoke 2.50-17,Pack,4,0,317.5,0,0,1270
555,2026-04-27,269,M/S AUTO SACHAL,N,4,108,VALVE SEAL CHINA 70,Pack,100,0,10,0,0,1000
555,2026-04-27,269,M/S AUTO SACHAL,N,5,69,ZIP Carburetor PZ-22,Pack,3,0,2000,0,0,6000
555,2026-04-27,269,M/S AUTO SACHAL,N,6,123,ONLY FRY WHEEL MAGNET ZIP 1,Pack,2,0,1450,0,0,2900
555,2026-04-27,269,M/S AUTO SACHAL,N,7,104,CYLINDER KIT 78CM ZIP 1,Pack,1,0,2500,0,0,2500
556,2026-04-27,36,HADIA K1 NORTH NAZIMABAD,N,1,106,CYLINDER KIT 97CM ZIP 1,Pack,1,0,2950,0,0,2950
556,2026-04-27,36,HADIA K1 NORTH NAZIMABAD,N,2,69,ZIP Carburetor PZ-22,Pack,2,0,2050,0,0,4100
556,2026-04-27,36,HADIA K1 NORTH NAZIMABAD,N,3,94, SPARK PLUG C7HSA CHINA,Pack,20,0,80,0,0,1600
556,2026-04-27,36,HADIA K1 NORTH NAZIMABAD,N,4,102,MAGNET COMPLETE CDI-70 ZIP 1,Pack,3,0,3050,0,0,9150
556,2026-04-27,36,HADIA K1 NORTH NAZIMABAD,N,5,123,ONLY FRY WHEEL MAGNET ZIP 1,Pack,2,0,1450,0,0,2900
556,2026-04-27,36,HADIA K1 NORTH NAZIMABAD,N,6,46,ZIP 1 CHAIN KIT GOLD 38-15 CD-70,Pack,10,0,1450,0,0,14500
557,2026-04-27,102,SALEEM MAMU,N,1,94, SPARK PLUG C7HSA CHINA,Pack,10,0,75,0,0,750
557,2026-04-27,102,SALEEM MAMU,N,3,99,ZIP 1 MAGNET COIL RING CDI 70,Pack,2,0,1000,0,0,2000
557,2026-04-27,102,SALEEM MAMU,N,4,119,FRONT SHOCK JH.90 RECO STAR,Pack,2,0,3500,0,0,7000
557,2026-04-27,102,SALEEM MAMU,N,5,114,REAR SHOCK JH90 BLK-ZIP 1,Pack,2,0,2900,0,0,5800
557,2026-04-27,102,SALEEM MAMU,N,6,50,ZIP Spoke 2.50-17,Pack,4,0,310,0,0,1240
557,2026-04-27,102,SALEEM MAMU,N,7,51,ZIP Spoke 300-17 Long Nipple,Pack,4,0,360,0,0,1440
557,2026-04-27,102,SALEEM MAMU,N,7,117,REAR SHOCK GENUINE TYPE BLK-ZIP 1,Pack,1,0,2350,0,0,2350
558,2026-04-27,102,SALEEM MAMU,N,1,69,ZIP Carburetor PZ-22,Pack,5,0,1950,0,0,9750
558,2026-04-27,102,SALEEM MAMU,N,2,135,CARBURETOR PZ27 CDI 125,Pack,3,0,2200,0,0,6600
558,2026-04-27,102,SALEEM MAMU,N,3,118,REAR SHOCK CDI-125 ZIP 1,Pack,1,0,3000,0,0,3000
558,2026-04-27,102,SALEEM MAMU,N,4,116,REAR SHOCK GENUINE TYPE RED-ZIP 1,Pack,1,0,2350,0,0,2350
558,2026-04-27,102,SALEEM MAMU,N,5,99,ZIP 1 MAGNET COIL RING CDI 70,Pack,2,0,1000,0,0,2000
559,2026-04-27,213,YOUSUF AUTO GULLSHAN 13D,N,1,46,ZIP 1 CHAIN KIT GOLD 38-15 CD-70,Pack,5,0,1450,0,0,7250
559,2026-04-27,213,YOUSUF AUTO GULLSHAN 13D,N,2,121,REAR SHOCK JH90 BLK RECO STAR,Pack,2,0,2400,0,0,4800
559,2026-04-27,213,YOUSUF AUTO GULLSHAN 13D,N,3,100,ZIP 1 BRAKE SHOE FMC,Pack,10,0,255,0,0,2550
559,2026-04-27,213,YOUSUF AUTO GULLSHAN 13D,N,4,94, SPARK PLUG C7HSA CHINA,Pack,20,0,75,0,0,1500
560,2026-04-27,215,M/S AUTO GULLSHAN 13D,N,1,95,ZIP 1 PUSH LOCK,Pack,10,0,515,0,0,5150
560,2026-04-27,215,M/S AUTO GULLSHAN 13D,N,2,119,FRONT SHOCK JH.90 RECO STAR,Pack,1,0,3650,0,0,3650
560,2026-04-27,215,M/S AUTO GULLSHAN 13D,N,3,135,CARBURETOR PZ27 CDI 125,Pack,1,0,2200,0,0,2200
561,2026-04-21,216,M/S AUTO 13D W/RIM,N,1,130,WHEEL RIM FRONT,Pack,5,0,820,0,0,4100
561,2026-04-21,216,M/S AUTO 13D W/RIM,N,2,128,WHEEL RIM REAR,Pack,5,0,860,0,0,4300
562,2026-04-27,169,TAYYAB AUTO MEHMODABAD,N,1,95,ZIP 1 PUSH LOCK,Pack,10,0,515,0,0,5150
563,2026-04-28,270,SARWAR AUTO PEOPELS CHOWRANGI,N,1,99,ZIP 1 MAGNET COIL RING CDI 70,Pack,2,0,1050,0,0,2100
563,2026-04-28,270,SARWAR AUTO PEOPELS CHOWRANGI,N,2,46,ZIP 1 CHAIN KIT GOLD 38-15 CD-70,Pack,5,0,1450,0,0,7250
563,2026-04-28,270,SARWAR AUTO PEOPELS CHOWRANGI,N,3,51,ZIP Spoke 300-17 Long Nipple,Pack,8,0,360,0,0,2880
563,2026-04-28,270,SARWAR AUTO PEOPELS CHOWRANGI,N,4,123,ONLY FRY WHEEL MAGNET ZIP 1,Pack,2,0,1450,0,0,2900
563,2026-04-28,270,SARWAR AUTO PEOPELS CHOWRANGI,N,5,95,ZIP 1 PUSH LOCK,Pack,2,0,515,0,0,1030
563,2026-04-28,270,SARWAR AUTO PEOPELS CHOWRANGI,N,6,60,CHAIN COVER 0.6MM ZIP 1,Pack,2,0,650,0,0,1300
564,2026-04-28,271,SALEEM AUTO PEOPELS CHOWRANGI,N,1,99,ZIP 1 MAGNET COIL RING CDI 70,Pack,5,0,1050,0,0,5250
564,2026-04-28,271,SALEEM AUTO PEOPELS CHOWRANGI,N,2,95,ZIP 1 PUSH LOCK,Pack,5,0,515,0,0,2575
564,2026-04-28,271,SALEEM AUTO PEOPELS CHOWRANGI,N,3,98,ZIP 1 MAGNET COIL RING HERO,Pack,1,0,1050,0,0,1050
564,2026-04-28,271,SALEEM AUTO PEOPELS CHOWRANGI,N,4,46,ZIP 1 CHAIN KIT GOLD 38-15 CD-70,Pack,5,0,1450,0,0,7250
564,2026-04-28,271,SALEEM AUTO PEOPELS CHOWRANGI,N,5,60,CHAIN COVER 0.6MM ZIP 1,Pack,2,0,650,0,0,1300
565,2026-04-28,272,KAMRAN AUTO SHEHDAD KOT,N,1,99,ZIP 1 MAGNET COIL RING CDI 70,Pack,24,0,900,0,0,21600
565,2026-04-28,272,KAMRAN AUTO SHEHDAD KOT,N,2,102,MAGNET COMPLETE CDI-70 ZIP 1,Pack,10,0,2900,0,0,29000
565,2026-04-28,272,KAMRAN AUTO SHEHDAD KOT,N,3,123,ONLY FRY WHEEL MAGNET ZIP 1,Pack,10,0,1400,0,0,14000
566,2026-04-28,273,RIZWAN AUTO MALIR,N,1,123,ONLY FRY WHEEL MAGNET ZIP 1,Pack,2,0,1500,0,0,3000
566,2026-04-28,273,RIZWAN AUTO MALIR,N,2,96,ZIP 1HEAD COMPLETE EURO,Pack,1,0,5500,0,0,5500
566,2026-04-28,273,RIZWAN AUTO MALIR,N,3,104,CYLINDER KIT 78CM ZIP 1,Pack,2,0,2600,0,0,5200
566,2026-04-28,273,RIZWAN AUTO MALIR,N,4,106,CYLINDER KIT 97CM ZIP 1,Pack,1,0,3000,0,0,3000
566,2026-04-28,273,RIZWAN AUTO MALIR,N,5,99,ZIP 1 MAGNET COIL RING CDI 70,Pack,2,0,1100,0,0,2200
566,2026-04-28,273,RIZWAN AUTO MALIR,N,6,69,ZIP Carburetor PZ-22,Pack,2,0,2050,0,0,4100
566,2026-04-28,273,RIZWAN AUTO MALIR,N,7,94, SPARK PLUG C7HSA CHINA,Pack,20,0,75,0,0,1500
567,2026-04-28,232,UNIQUE TRADERS KALA BOARD,N,1,99,ZIP 1 MAGNET COIL RING CDI 70,Pack,10,0,1050,0,0,10500
567,2026-04-28,232,UNIQUE TRADERS KALA BOARD,N,2,104,CYLINDER KIT 78CM ZIP 1,Pack,1,0,2400,0,0,2400
568,2026-04-28,274,A.M AUTO MALIR,N,1,99,ZIP 1 MAGNET COIL RING CDI 70,Pack,5,0,1050,0,0,5250
568,2026-04-28,274,A.M AUTO MALIR,N,2,64,Clutch presur plate set zip 1,Pack,2,0,265,0,0,530
569,2026-04-28,137,KHAN SHAHRUKH AUTO KORANGI,N,1,108,VALVE SEAL CHINA 70,Pack,900,0,9,0,0,8100
570,2026-04-28,23,AMJAD NOOR,N,1,119,FRONT SHOCK JH.90 RECO STAR,Pack,1,0,3200,0,0,3200
570,2026-04-28,23,AMJAD NOOR,N,2,125,SILENCER BEST LIFE,Pack,1,0,1150,0,0,1150
570,2026-04-28,23,AMJAD NOOR,N,3,121,REAR SHOCK JH90 BLK RECO STAR,Pack,1,0,2200,0,0,2200
571,2026-04-28,264,NOOR AUTO JHUDDO,N,1,127,"CHAIN COVER""5MM"" ZIP 1",Pack,60,0,470,0,0,28200
573,2026-04-29,275,MUNAWAR GUMBHAT,N,1,96,ZIP 1HEAD COMPLETE EURO,Pack,4,0,5000,0,0,20000
573,2026-04-29,275,MUNAWAR GUMBHAT,N,2,104,CYLINDER KIT 78CM ZIP 1,Pack,2,0,2400,0,0,4800
573,2026-04-29,275,MUNAWAR GUMBHAT,N,3,114,REAR SHOCK JH90 BLK-ZIP 1,Pack,5,0,2900,0,0,14500
573,2026-04-29,275,MUNAWAR GUMBHAT,N,4,94, SPARK PLUG C7HSA CHINA,Pack,50,0,72,0,0,3600
573,2026-04-29,275,MUNAWAR GUMBHAT,N,5,108,VALVE SEAL CHINA 70,Pack,1000,0,9,0,0,9000
573,2026-04-29,275,MUNAWAR GUMBHAT,N,6,57,ZIP 1 CHAIN KIT Gold 41-14 CD-70,Pack,10,0,1400,0,0,14000
573,2026-04-29,275,MUNAWAR GUMBHAT,N,7,69,ZIP Carburetor PZ-22,Pack,2,0,1900,0,0,3800
573,2026-04-29,275,MUNAWAR GUMBHAT,N,8,126,"CARBURETOR PZ 16""ZIP 1""",Pack,2,0,1950,0,0,3900
573,2026-04-29,275,MUNAWAR GUMBHAT,N,9,102,MAGNET COMPLETE CDI-70 ZIP 1,Pack,6,0,2900,0,0,17400
573,2026-04-29,275,MUNAWAR GUMBHAT,N,10,99,ZIP 1 MAGNET COIL RING CDI 70,Pack,10,0,1050,0,0,10500
573,2026-04-29,275,MUNAWAR GUMBHAT,N,11,98,ZIP 1 MAGNET COIL RING HERO,Pack,5,0,1050,0,0,5250
573,2026-04-29,275,MUNAWAR GUMBHAT,N,12,123,ONLY FRY WHEEL MAGNET ZIP 1,Pack,4,0,1400,0,0,5600
574,2026-04-29,132,ADNAN AUTO FAST,N,1,127,"CHAIN COVER""5MM"" ZIP 1",Pack,100,0,490,0,0,49000
575,2026-04-29,104,HAMZA AUTO MOSMIYAT,N,1,96,ZIP 1HEAD COMPLETE EURO,Pack,3,0,5100,0,0,15300
576,2026-04-29,25,AZAN AUTO BADIN,N,1,104,CYLINDER KIT 78CM ZIP 1,Pack,8,0,2350,0,0,18800
576,2026-04-29,25,AZAN AUTO BADIN,N,2,123,ONLY FRY WHEEL MAGNET ZIP 1,Pack,10,0,1400,0,0,14000
577,2026-04-30,170,ABDUL HADI AUTO DRIG ROAD,N,1,95,ZIP 1 PUSH LOCK,Pack,20,0,515,0,0,10300
577,2026-04-30,170,ABDUL HADI AUTO DRIG ROAD,N,2,99,ZIP 1 MAGNET COIL RING CDI 70,Pack,24,0,1050,0,0,25200
577,2026-04-30,170,ABDUL HADI AUTO DRIG ROAD,N,3,123,ONLY FRY WHEEL MAGNET ZIP 1,Pack,2,0,1450,0,0,2900
577,2026-04-30,170,ABDUL HADI AUTO DRIG ROAD,N,4,134,COIL PLATE COMPLETE CDI70 ZIP 1,Pack,2,0,1750,0,0,3500
577,2026-04-30,170,ABDUL HADI AUTO DRIG ROAD,N,5,126,"CARBURETOR PZ 16""ZIP 1""",Pack,2,0,2050,0,0,4100
577,2026-04-30,170,ABDUL HADI AUTO DRIG ROAD,N,6,135,CARBURETOR PZ27 CDI 125,Pack,1,0,2300,0,0,2300
577,2026-04-30,170,ABDUL HADI AUTO DRIG ROAD,N,7,94, SPARK PLUG C7HSA CHINA,Pack,50,0,75,0,0,3750
577,2026-04-30,170,ABDUL HADI AUTO DRIG ROAD,N,8,119,FRONT SHOCK JH.90 RECO STAR,Pack,1,0,3400,0,0,3400
578,2026-04-30,220,SHAFI AUTO MEMON GOTH,N,1,99,ZIP 1 MAGNET COIL RING CDI 70,Pack,24,0,1050,0,0,25200
578,2026-04-30,220,SHAFI AUTO MEMON GOTH,N,2,51,ZIP Spoke 300-17 Long Nipple,Pack,10,0,380,0,0,3800
578,2026-04-30,220,SHAFI AUTO MEMON GOTH,N,3,50,ZIP Spoke 2.50-17,Pack,10,0,318,0,0,3180
578,2026-04-30,220,SHAFI AUTO MEMON GOTH,N,4,94, SPARK PLUG C7HSA CHINA,Pack,50,0,75,0,0,3750
578,2026-04-30,220,SHAFI AUTO MEMON GOTH,N,5,114,REAR SHOCK JH90 BLK-ZIP 1,Pack,1,0,3000,0,0,3000
578,2026-04-30,220,SHAFI AUTO MEMON GOTH,N,6,115,REAR SHOCK JH90 RED-ZIP 1,Pack,1,0,3000,0,0,3000
578,2026-04-30,220,SHAFI AUTO MEMON GOTH,N,7,116,REAR SHOCK GENUINE TYPE RED-ZIP 1,Pack,2,0,2400,0,0,4800
578,2026-04-30,220,SHAFI AUTO MEMON GOTH,N,8,69,ZIP Carburetor PZ-22,Pack,3,0,2000,0,0,6000
578,2026-04-30,220,SHAFI AUTO MEMON GOTH,N,9,126,"CARBURETOR PZ 16""ZIP 1""",Pack,3,0,2050,0,0,6150
578,2026-04-30,220,SHAFI AUTO MEMON GOTH,N,10,135,CARBURETOR PZ27 CDI 125,Pack,3,0,2300,0,0,6900
579,2026-04-30,276,REHAN AUTO SHAH FAISAL,N,1,99,ZIP 1 MAGNET COIL RING CDI 70,Pack,10,0,1050,0,0,10500
579,2026-04-30,276,REHAN AUTO SHAH FAISAL,N,2,95,ZIP 1 PUSH LOCK,Pack,10,0,510,0,0,5100
579,2026-04-30,276,REHAN AUTO SHAH FAISAL,N,3,104,CYLINDER KIT 78CM ZIP 1,Pack,1,0,2400,0,0,2400
579,2026-04-30,276,REHAN AUTO SHAH FAISAL,N,4,69,ZIP Carburetor PZ-22,Pack,2,0,2000,0,0,4000
579,2026-04-30,276,REHAN AUTO SHAH FAISAL,N,5,135,CARBURETOR PZ27 CDI 125,Pack,2,0,2250,0,0,4500
579,2026-04-30,276,REHAN AUTO SHAH FAISAL,N,6,123,ONLY FRY WHEEL MAGNET ZIP 1,Pack,3,0,1450,0,0,4350
579,2026-04-30,276,REHAN AUTO SHAH FAISAL,N,7,108,VALVE SEAL CHINA 70,Pack,100,0,10,0,0,1000
580,2026-05-02,246,NASIR AUTO PEOPELS CHORANGI,N,1,46,ZIP 1 CHAIN KIT GOLD 38-15 CD-70,Pack,10,0,1450,0,0,14500
580,2026-05-02,246,NASIR AUTO PEOPELS CHORANGI,N,2,94, SPARK PLUG C7HSA CHINA,Pack,50,0,75,0,0,3750
580,2026-05-02,246,NASIR AUTO PEOPELS CHORANGI,N,3,102,MAGNET COMPLETE CDI-70 ZIP 1,Pack,1,0,3050,0,0,3050
581,2026-05-02,153,JUNAID AUTO SHAHFAISAL,N,1,104,CYLINDER KIT 78CM ZIP 1,Pack,8,0,2350,0,0,18800
581,2026-05-02,153,JUNAID AUTO SHAHFAISAL,N,2,102,MAGNET COMPLETE CDI-70 ZIP 1,Pack,2,0,2950,0,0,5900
581,2026-05-02,153,JUNAID AUTO SHAHFAISAL,N,3,95,ZIP 1 PUSH LOCK,Pack,10,0,500,0,0,5000
582,2026-05-02,277,NASIR MAQBOOL MKT,N,1,106,CYLINDER KIT 97CM ZIP 1,Pack,3,0,1720,0,0,5160
583,2026-05-02,104,HAMZA AUTO MOSMIYAT,N,1,108,VALVE SEAL CHINA 70,Pack,1000,0,7,0,0,7000
583,2026-05-02,104,HAMZA AUTO MOSMIYAT,N,2,99,ZIP 1 MAGNET COIL RING CDI 70,Pack,24,0,950,0,0,22800
583,2026-05-02,104,HAMZA AUTO MOSMIYAT,N,3,114,REAR SHOCK JH90 BLK-ZIP 1,Pack,3,0,2800,0,0,8400
583,2026-05-02,104,HAMZA AUTO MOSMIYAT,N,4,116,REAR SHOCK GENUINE TYPE RED-ZIP 1,Pack,1,0,2300,0,0,2300
583,2026-05-02,104,HAMZA AUTO MOSMIYAT,N,5,117,REAR SHOCK GENUINE TYPE BLK-ZIP 1,Pack,1,0,2300,0,0,2300
584,2026-05-02,233,SHAMIM AUTO KALA BOARD,N,1,95,ZIP 1 PUSH LOCK,Pack,10,0,515,0,0,5150
585,2026-05-04,210,SHAH JI AUTO PEOPELS CHOWK,N,1,99,ZIP 1 MAGNET COIL RING CDI 70,Pack,2,0,1050,0,0,2100
585,2026-05-04,210,SHAH JI AUTO PEOPELS CHOWK,N,2,46,ZIP 1 CHAIN KIT GOLD 38-15 CD-70,Pack,3,0,1450,0,0,4350
585,2026-05-04,210,SHAH JI AUTO PEOPELS CHOWK,N,3,51,ZIP Spoke 300-17 Long Nipple,Pack,4,0,360,0,0,1440
585,2026-05-04,210,SHAH JI AUTO PEOPELS CHOWK,N,4,50,ZIP Spoke 2.50-17,Pack,4,0,340,0,0,1360
585,2026-05-04,210,SHAH JI AUTO PEOPELS CHOWK,N,5,94, SPARK PLUG C7HSA CHINA,Pack,10,0,75,0,0,750
585,2026-05-04,210,SHAH JI AUTO PEOPELS CHOWK,N,6,69,ZIP Carburetor PZ-22,Pack,2,0,2050,0,0,4100
585,2026-05-04,210,SHAH JI AUTO PEOPELS CHOWK,N,7,123,ONLY FRY WHEEL MAGNET ZIP 1,Pack,1,0,1500,0,0,1500
585,2026-05-04,210,SHAH JI AUTO PEOPELS CHOWK,N,8,95,ZIP 1 PUSH LOCK,Pack,3,0,515,0,0,1545
586,2026-05-04,278,SHOAIB AUTO SACHAL,N,1,99,ZIP 1 MAGNET COIL RING CDI 70,Pack,10,0,1050,0,0,10500
586,2026-05-04,278,SHOAIB AUTO SACHAL,N,2,104,CYLINDER KIT 78CM ZIP 1,Pack,1,0,2500,0,0,2500
586,2026-05-04,278,SHOAIB AUTO SACHAL,N,3,105,CYLINDER KIT 72CM ZIP 1,Pack,1,0,2500,0,0,2500
586,2026-05-04,278,SHOAIB AUTO SACHAL,N,4,69,ZIP Carburetor PZ-22,Pack,2,0,2000,0,0,4000
586,2026-05-04,278,SHOAIB AUTO SACHAL,N,5,95,ZIP 1 PUSH LOCK,Pack,5,0,515,0,0,2575
586,2026-05-04,278,SHOAIB AUTO SACHAL,N,6,60,CHAIN COVER 0.6MM ZIP 1,Pack,2,0,650,0,0,1300
587,2026-05-04,279,HABIB AUTO MAYMAR,N,1,99,ZIP 1 MAGNET COIL RING CDI 70,Pack,10,0,1050,0,0,10500
587,2026-05-04,279,HABIB AUTO MAYMAR,N,2,104,CYLINDER KIT 78CM ZIP 1,Pack,1,0,2500,0,0,2500
587,2026-05-04,279,HABIB AUTO MAYMAR,N,3,69,ZIP Carburetor PZ-22,Pack,2,0,2050,0,0,4100
587,2026-05-04,279,HABIB AUTO MAYMAR,N,4,126,"CARBURETOR PZ 16""ZIP 1""",Pack,1,0,2100,0,0,2100
587,2026-05-04,279,HABIB AUTO MAYMAR,N,5,95,ZIP 1 PUSH LOCK,Pack,10,0,510,0,0,5100
587,2026-05-04,279,HABIB AUTO MAYMAR,N,6,123,ONLY FRY WHEEL MAGNET ZIP 1,Pack,5,0,1450,0,0,7250
587,2026-05-04,279,HABIB AUTO MAYMAR,N,7,94, SPARK PLUG C7HSA CHINA,Pack,100,0,75,0,0,7500
587,2026-05-04,279,HABIB AUTO MAYMAR,N,8,60,CHAIN COVER 0.6MM ZIP 1,Pack,5,0,650,0,0,3250
587,2026-05-04,279,HABIB AUTO MAYMAR,N,9,114,REAR SHOCK JH90 BLK-ZIP 1,Pack,2,0,3000,0,0,6000
587,2026-05-04,279,HABIB AUTO MAYMAR,N,10,116,REAR SHOCK GENUINE TYPE RED-ZIP 1,Pack,1,0,2500,0,0,2500
588,2026-05-04,280,MINHAJ AUTO MAYMAR,N,1,99,ZIP 1 MAGNET COIL RING CDI 70,Pack,24,0,1000,0,0,24000
589,2026-05-04,282,SALEEM AUTO MAYMAR,N,1,95,ZIP 1 PUSH LOCK,Pack,10,0,510,0,0,5100
589,2026-05-04,282,SALEEM AUTO MAYMAR,N,2,99,ZIP 1 MAGNET COIL RING CDI 70,Pack,10,0,1050,0,0,10500
589,2026-05-04,282,SALEEM AUTO MAYMAR,N,3,94, SPARK PLUG C7HSA CHINA,Pack,50,0,75,0,0,3750
589,2026-05-04,282,SALEEM AUTO MAYMAR,N,4,123,ONLY FRY WHEEL MAGNET ZIP 1,Pack,1,0,1450,0,0,1450
589,2026-05-04,282,SALEEM AUTO MAYMAR,N,5,69,ZIP Carburetor PZ-22,Pack,2,0,2000,0,0,4000
589,2026-05-04,282,SALEEM AUTO MAYMAR,N,6,108,VALVE SEAL CHINA 70,Pack,100,0,10,0,0,1000
590,2026-05-04,164,STAR AUTO MAYMAR,N,1,99,ZIP 1 MAGNET COIL RING CDI 70,Pack,10,0,1050,0,0,10500
590,2026-05-04,164,STAR AUTO MAYMAR,N,2,98,ZIP 1 MAGNET COIL RING HERO,Pack,5,0,1050,0,0,5250
590,2026-05-04,164,STAR AUTO MAYMAR,N,3,69,ZIP Carburetor PZ-22,Pack,2,0,2000,0,0,4000
590,2026-05-04,164,STAR AUTO MAYMAR,N,4,94, SPARK PLUG C7HSA CHINA,Pack,20,0,75,0,0,1500
590,2026-05-04,164,STAR AUTO MAYMAR,N,5,95,ZIP 1 PUSH LOCK,Pack,10,0,510,0,0,5100
590,2026-05-04,164,STAR AUTO MAYMAR,N,6,60,CHAIN COVER 0.6MM ZIP 1,Pack,10,0,630,0,0,6300
591,2026-05-04,281,SUBHAN ALLAH AUTO SACHAL,N,1,99,ZIP 1 MAGNET COIL RING CDI 70,Pack,24,0,1050,0,0,25200
591,2026-05-04,281,SUBHAN ALLAH AUTO SACHAL,N,2,104,CYLINDER KIT 78CM ZIP 1,Pack,8,0,2500,0,0,20000
592,2026-05-04,251,KARACHI AUTO QUAIDABAD,N,1,95,ZIP 1 PUSH LOCK,Pack,5,0,510,0,0,2550
592,2026-05-04,251,KARACHI AUTO QUAIDABAD,N,2,69,ZIP Carburetor PZ-22,Pack,5,0,2000,0,0,10000
593,2026-05-04,158,PAKISTAN AUTO QUAIDABAD,N,1,46,ZIP 1 CHAIN KIT GOLD 38-15 CD-70,Pack,10,0,1450,0,0,14500
593,2026-05-04,158,PAKISTAN AUTO QUAIDABAD,N,2,99,ZIP 1 MAGNET COIL RING CDI 70,Pack,10,0,1050,0,0,10500
593,2026-05-04,158,PAKISTAN AUTO QUAIDABAD,N,3,102,MAGNET COMPLETE CDI-70 ZIP 1,Pack,1,0,3100,0,0,3100
593,2026-05-04,158,PAKISTAN AUTO QUAIDABAD,N,4,69,ZIP Carburetor PZ-22,Pack,5,0,2000,0,0,10000
593,2026-05-04,158,PAKISTAN AUTO QUAIDABAD,N,5,126,"CARBURETOR PZ 16""ZIP 1""",Pack,3,0,2100,0,0,6300
593,2026-05-04,158,PAKISTAN AUTO QUAIDABAD,N,6,60,CHAIN COVER 0.6MM ZIP 1,Pack,10,0,650,0,0,6500
593,2026-05-04,158,PAKISTAN AUTO QUAIDABAD,N,7,114,REAR SHOCK JH90 BLK-ZIP 1,Pack,1,0,3100,0,0,3100
593,2026-05-04,158,PAKISTAN AUTO QUAIDABAD,N,8,111,FRONT SHOCK  JH90 ZIP 1,Pack,1,0,4600,0,0,4600
593,2026-05-04,158,PAKISTAN AUTO QUAIDABAD,N,9,119,FRONT SHOCK JH.90 RECO STAR,Pack,1,0,3600,0,0,3600
594,2026-05-04,221,WAJAHAT SUPPLIER MARKET,N,1,127,"CHAIN COVER""5MM"" ZIP 1",Pack,100,0,460,0,0,46000
595,2026-05-04,132,ADNAN AUTO FAST,N,1,51,ZIP Spoke 300-17 Long Nipple,Pack,80,0,356.25,0,0,28500
596,2026-05-04,231,STAR AUTO MALIR,N,1,69,ZIP Carburetor PZ-22,Pack,5,0,2000,0,0,10000
596,2026-05-04,231,STAR AUTO MALIR,N,2,126,"CARBURETOR PZ 16""ZIP 1""",Pack,5,0,2000,0,0,10000
596,2026-05-04,231,STAR AUTO MALIR,N,3,135,CARBURETOR PZ27 CDI 125,Pack,3,0,2300,0,0,6900
596,2026-05-04,231,STAR AUTO MALIR,N,4,99,ZIP 1 MAGNET COIL RING CDI 70,Pack,2,0,1050,0,0,2100
597,2026-05-04,57,RANA AUTOS LANDHI,N,1,69,ZIP Carburetor PZ-22,Pack,5,0,1950,0,0,9750
597,2026-05-04,57,RANA AUTOS LANDHI,N,2,104,CYLINDER KIT 78CM ZIP 1,Pack,8,0,2450,0,0,19600
597,2026-05-04,57,RANA AUTOS LANDHI,N,3,99,ZIP 1 MAGNET COIL RING CDI 70,Pack,48,0,980,0,0,47040
597,2026-05-04,57,RANA AUTOS LANDHI,N,4,127,"CHAIN COVER""5MM"" ZIP 1",Pack,50,0,540,0,0,27000
597,2026-05-04,57,RANA AUTOS LANDHI,N,5,95,ZIP 1 PUSH LOCK,Pack,20,0,515,0,0,10300
597,2026-05-04,57,RANA AUTOS LANDHI,N,6,126,"CARBURETOR PZ 16""ZIP 1""",Pack,15,0,1950,0,0,29250
598,2026-05-04,156,SUMAIR AUTO GOLIMAR,N,1,104,CYLINDER KIT 78CM ZIP 1,Pack,4,0,2450,0,0,9800
598,2026-05-04,156,SUMAIR AUTO GOLIMAR,N,2,95,ZIP 1 PUSH LOCK,Pack,20,0,500,0,0,10000
599,2026-05-05,176,ANSARI AUTO DASTAGIR,N,1,123,ONLY FRY WHEEL MAGNET ZIP 1,Pack,2,0,1450,0,0,2900
599,2026-05-05,176,ANSARI AUTO DASTAGIR,N,2,60,CHAIN COVER 0.6MM ZIP 1,Pack,3,0,650,0,0,1950
599,2026-05-05,176,ANSARI AUTO DASTAGIR,N,3,135,CARBURETOR PZ27 CDI 125,Pack,2,0,2200,0,0,4400
600,2026-05-05,216,M/S AUTO 13D W/RIM,N,1,130,WHEEL RIM FRONT,Pack,5,0,820,0,0,4100
600,2026-05-05,216,M/S AUTO 13D W/RIM,N,2,128,WHEEL RIM REAR,Pack,5,0,860,0,0,4300
601,2026-05-05,69,WAQAS AUTOS ISLAM CHOWK,N,1,104,CYLINDER KIT 78CM ZIP 1,Pack,8,0,2450,0,0,19600
601,2026-05-05,69,WAQAS AUTOS ISLAM CHOWK,N,2,94, SPARK PLUG C7HSA CHINA,Pack,800,0,72,0,0,57600
601,2026-05-05,69,WAQAS AUTOS ISLAM CHOWK,N,3,69,ZIP Carburetor PZ-22,Pack,10,0,1950,0,0,19500
601,2026-05-05,69,WAQAS AUTOS ISLAM CHOWK,N,4,135,CARBURETOR PZ27 CDI 125,Pack,5,0,2200,0,0,11000
602,2026-05-05,73,HUSSAIN AUTO SHAH FAISAL,N,1,53,Piston Kit 0.50,Pack,100,0,400,0,0,40000
602,2026-05-05,73,HUSSAIN AUTO SHAH FAISAL,N,2,54,Piston Kit 1.00,Pack,100,0,400,0,0,40000
602,2026-05-05,73,HUSSAIN AUTO SHAH FAISAL,N,3,137,PISTON CG125/50,Pack,100,0,550,0,0,55000
602,2026-05-05,73,HUSSAIN AUTO SHAH FAISAL,N,4,138,PISTON CG125/100,Pack,100,0,550,0,0,55000
602,2026-05-05,73,HUSSAIN AUTO SHAH FAISAL,N,5,139,PISTON CG125/150,Pack,100,0,550,0,0,55000
603,2026-05-06,215,M/S AUTO GULLSHAN 13D,N,1,69,ZIP Carburetor PZ-22,Pack,3,0,2000,0,0,6000
603,2026-05-06,215,M/S AUTO GULLSHAN 13D,N,2,126,"CARBURETOR PZ 16""ZIP 1""",Pack,3,0,2000,0,0,6000
604,2026-05-06,284,SAMI AUTO GULLSHAN 13D,N,1,126,"CARBURETOR PZ 16""ZIP 1""",Pack,2,0,2000,0,0,4000
604,2026-05-06,284,SAMI AUTO GULLSHAN 13D,N,2,69,ZIP Carburetor PZ-22,Pack,2,0,2000,0,0,4000
604,2026-05-06,284,SAMI AUTO GULLSHAN 13D,N,3,51,ZIP Spoke 300-17 Long Nipple,Pack,4,0,360,0,0,1440
604,2026-05-06,284,SAMI AUTO GULLSHAN 13D,N,4,50,ZIP Spoke 2.50-17,Pack,4,0,330,0,0,1320
604,2026-05-06,284,SAMI AUTO GULLSHAN 13D,N,5,99,ZIP 1 MAGNET COIL RING CDI 70,Pack,3,0,1050,0,0,3150
604,2026-05-06,284,SAMI AUTO GULLSHAN 13D,N,6,46,ZIP 1 CHAIN KIT GOLD 38-15 CD-70,Pack,4,0,1450,0,0,5800
605,2026-05-06,285,K.K AUTO RABIA CITY,N,1,123,ONLY FRY WHEEL MAGNET ZIP 1,Pack,4,0,1450,0,0,5800
605,2026-05-06,285,K.K AUTO RABIA CITY,N,2,69,ZIP Carburetor PZ-22,Pack,10,0,1950,0,0,19500
605,2026-05-06,285,K.K AUTO RABIA CITY,N,3,94, SPARK PLUG C7HSA CHINA,Pack,200,0,72,0,0,14400
605,2026-05-06,285,K.K AUTO RABIA CITY,N,4,99,ZIP 1 MAGNET COIL RING CDI 70,Pack,10,0,1050,0,0,10500
605,2026-05-06,285,K.K AUTO RABIA CITY,N,5,134,COIL PLATE COMPLETE CDI70 ZIP 1,Pack,4,0,1680,0,0,6720
606,2026-05-06,229,IMRAN AUTO FAQEERA GOTH,N,1,104,CYLINDER KIT 78CM ZIP 1,Pack,10,0,2350,0,0,23500
606,2026-05-06,229,IMRAN AUTO FAQEERA GOTH,N,2,114,REAR SHOCK JH90 BLK-ZIP 1,Pack,1,0,2900,0,0,2900
606,2026-05-06,229,IMRAN AUTO FAQEERA GOTH,N,3,115,REAR SHOCK JH90 RED-ZIP 1,Pack,1,0,2900,0,0,2900
607,2026-05-06,286,QUETTA AUTO BAKRA PIRI MALIR,N,1,99,ZIP 1 MAGNET COIL RING CDI 70,Pack,5,0,1050,0,0,5250
607,2026-05-06,286,QUETTA AUTO BAKRA PIRI MALIR,N,2,69,ZIP Carburetor PZ-22,Pack,2,0,2000,0,0,4000
607,2026-05-06,286,QUETTA AUTO BAKRA PIRI MALIR,N,3,104,CYLINDER KIT 78CM ZIP 1,Pack,2,0,2500,0,0,5000
607,2026-05-06,286,QUETTA AUTO BAKRA PIRI MALIR,N,4,60,CHAIN COVER 0.6MM ZIP 1,Pack,5,0,650,0,0,3250
607,2026-05-06,286,QUETTA AUTO BAKRA PIRI MALIR,N,5,123,ONLY FRY WHEEL MAGNET ZIP 1,Pack,1,0,1450,0,0,1450
608,2026-05-06,82,JUNAID AUTO AGRA TAJ,N,1,115,REAR SHOCK JH90 RED-ZIP 1,Pack,1,0,2950,0,0,2950
608,2026-05-06,82,JUNAID AUTO AGRA TAJ,N,2,114,REAR SHOCK JH90 BLK-ZIP 1,Pack,8,0,2950,0,0,23600
608,2026-05-06,82,JUNAID AUTO AGRA TAJ,N,3,104,CYLINDER KIT 78CM ZIP 1,Pack,2,0,2450,0,0,4900
608,2026-05-06,82,JUNAID AUTO AGRA TAJ,N,4,116,REAR SHOCK GENUINE TYPE RED-ZIP 1,Pack,2,0,2350,0,0,4700
609,2026-05-07,231,STAR AUTO MALIR,N,1,99,ZIP 1 MAGNET COIL RING CDI 70,Pack,24,0,1050,0,0,25200
610,2026-05-07,114,TAJ AUTO MEHRAN TOWN 1,N,1,99,ZIP 1 MAGNET COIL RING CDI 70,Pack,7,0,1050,0,0,7350
610,2026-05-07,114,TAJ AUTO MEHRAN TOWN 1,N,2,60,CHAIN COVER 0.6MM ZIP 1,Pack,5,0,630,0,0,3150
610,2026-05-07,114,TAJ AUTO MEHRAN TOWN 1,N,3,127,"CHAIN COVER""5MM"" ZIP 1",Pack,5,0,570,0,0,2850
610,2026-05-07,114,TAJ AUTO MEHRAN TOWN 1,N,4,69,ZIP Carburetor PZ-22,Pack,3,0,1980,0,0,5940
611,2026-05-07,107,NIZAM AUTO MAYMAR,N,1,102,MAGNET COMPLETE CDI-70 ZIP 1,Pack,5,0,3050,0,0,15250
611,2026-05-07,107,NIZAM AUTO MAYMAR,N,2,104,CYLINDER KIT 78CM ZIP 1,Pack,5,0,2500,0,0,12500
612,2026-05-08,116,ASIF SUPPLIER ZIP 1,N,1,126,"CARBURETOR PZ 16""ZIP 1""",Pack,2,0,2100,0,0,4200
612,2026-05-08,116,ASIF SUPPLIER ZIP 1,N,2,99,ZIP 1 MAGNET COIL RING CDI 70,Pack,2,0,1150,0,0,2300
612,2026-05-08,116,ASIF SUPPLIER ZIP 1,N,3,98,ZIP 1 MAGNET COIL RING HERO,Pack,2,0,1150,0,0,2300
612,2026-05-08,116,ASIF SUPPLIER ZIP 1,N,4,114,REAR SHOCK JH90 BLK-ZIP 1,Pack,1,0,3100,0,0,3100
612,2026-05-08,116,ASIF SUPPLIER ZIP 1,N,5,47,ZIP 1 CHAIN KIT RED 38-15 CD-70,Pack,9,0,1350,0,0,12150
612,2026-05-08,116,ASIF SUPPLIER ZIP 1,N,6,102,MAGNET COMPLETE CDI-70 ZIP 1,Pack,1,0,3100,0,0,3100
613,2026-05-08,58,RAZA AUTOS KORANGI,N,1,119,FRONT SHOCK JH.90 RECO STAR,Pack,5,0,3250,0,0,16250
613,2026-05-08,58,RAZA AUTOS KORANGI,N,2,123,ONLY FRY WHEEL MAGNET ZIP 1,Pack,3,0,1450,0,0,4350
614,2026-05-08,196,MAMA A-1 13D WHEEL RIM,N,1,128,WHEEL RIM REAR,Pack,10,0,800,0,0,8000
615,2026-05-08,89,WAQAS TYRE TUBE ISLAM CHOWK,N,1,51,ZIP Spoke 300-17 Long Nipple,Pack,120,0,340,0,0,40800
616,2026-05-09,287,HAFEEZ AUTO GHAZI GOTH,N,1,104,CYLINDER KIT 78CM ZIP 1,Pack,5,0,2350,0,0,11750
616,2026-05-09,287,HAFEEZ AUTO GHAZI GOTH,N,2,106,CYLINDER KIT 97CM ZIP 1,Pack,5,0,2800,0,0,14000
617,2026-05-09,187,NASEER AUTO VINDER,N,1,114,REAR SHOCK JH90 BLK-ZIP 1,Pack,2,0,3000,0,0,6000
617,2026-05-09,187,NASEER AUTO VINDER,N,2,102,MAGNET COMPLETE CDI-70 ZIP 1,Pack,1,0,3100,0,0,3100
617,2026-05-09,187,NASEER AUTO VINDER,N,3,69,ZIP Carburetor PZ-22,Pack,1,0,2000,0,0,2000
617,2026-05-09,187,NASEER AUTO VINDER,N,4,126,"CARBURETOR PZ 16""ZIP 1""",Pack,1,0,2100,0,0,2100
617,2026-05-09,187,NASEER AUTO VINDER,N,5,135,CARBURETOR PZ27 CDI 125,Pack,1,0,2300,0,0,2300
617,2026-05-09,187,NASEER AUTO VINDER,N,6,134,COIL PLATE COMPLETE CDI70 ZIP 1,Pack,1,0,1800,0,0,1800
617,2026-05-09,187,NASEER AUTO VINDER,N,7,51,ZIP Spoke 300-17 Long Nipple,Pack,4,0,360,0,0,1440
617,2026-05-09,187,NASEER AUTO VINDER,N,8,50,ZIP Spoke 2.50-17,Pack,4,0,330,0,0,1320
617,2026-05-09,187,NASEER AUTO VINDER,N,9,99,ZIP 1 MAGNET COIL RING CDI 70,Pack,5,0,1050,0,0,5250
618,2026-05-11,26,AZAN AUTOS JIMMY LANDHI,N,1,119,FRONT SHOCK JH.90 RECO STAR,Pack,10,0,3400,0,0,34000
618,2026-05-11,26,AZAN AUTOS JIMMY LANDHI,N,2,120,FRONT SHOCK CDI.70 RECO STAR,Pack,2,0,3100,0,0,6200
619,2026-05-11,101,A.R AUTOS BAGH-E-KORANGI,N,1,105,CYLINDER KIT 72CM ZIP 1,Pack,2,0,2600,0,0,5200
619,2026-05-11,101,A.R AUTOS BAGH-E-KORANGI,N,2,135,CARBURETOR PZ27 CDI 125,Pack,3,0,2300,0,0,6900
619,2026-05-11,101,A.R AUTOS BAGH-E-KORANGI,N,3,51,ZIP Spoke 300-17 Long Nipple,Pack,12,0,375,0,0,4500
619,2026-05-11,101,A.R AUTOS BAGH-E-KORANGI,N,4,50,ZIP Spoke 2.50-17,Pack,8,0,325,0,0,2600
619,2026-05-11,101,A.R AUTOS BAGH-E-KORANGI,N,5,60,CHAIN COVER 0.6MM ZIP 1,Pack,5,0,650,0,0,3250
619,2026-05-11,101,A.R AUTOS BAGH-E-KORANGI,N,6,127,"CHAIN COVER""5MM"" ZIP 1",Pack,5,0,580,0,0,2900
619,2026-05-11,101,A.R AUTOS BAGH-E-KORANGI,N,7,126,"CARBURETOR PZ 16""ZIP 1""",Pack,7,0,2000,0,0,14000
619,2026-05-11,101,A.R AUTOS BAGH-E-KORANGI,N,8,102,MAGNET COMPLETE CDI-70 ZIP 1,Pack,1,0,3000,0,0,3000
619,2026-05-11,101,A.R AUTOS BAGH-E-KORANGI,N,9,123,ONLY FRY WHEEL MAGNET ZIP 1,Pack,1,0,1500,0,0,1500
619,2026-05-11,101,A.R AUTOS BAGH-E-KORANGI,N,10,119,FRONT SHOCK JH.90 RECO STAR,Pack,5,0,3600,0,0,18000
619,2026-05-11,101,A.R AUTOS BAGH-E-KORANGI,N,11,104,CYLINDER KIT 78CM ZIP 1,Pack,2,0,2500,0,0,5000
619,2026-05-11,101,A.R AUTOS BAGH-E-KORANGI,N,12,130,WHEEL RIM FRONT,Pack,3,0,865,0,0,2595
619,2026-05-11,101,A.R AUTOS BAGH-E-KORANGI,N,13,128,WHEEL RIM REAR,Pack,3,0,885,0,0,2655
620,2026-05-11,289,GHAZI AUTO PEHALWAN GOTH,N,1,114,REAR SHOCK JH90 BLK-ZIP 1,Pack,2,0,3000,0,0,6000
620,2026-05-11,289,GHAZI AUTO PEHALWAN GOTH,N,2,99,ZIP 1 MAGNET COIL RING CDI 70,Pack,6,0,1050,0,0,6300
620,2026-05-11,289,GHAZI AUTO PEHALWAN GOTH,N,3,98,ZIP 1 MAGNET COIL RING HERO,Pack,3,0,1050,0,0,3150
620,2026-05-11,289,GHAZI AUTO PEHALWAN GOTH,N,4,69,ZIP Carburetor PZ-22,Pack,3,0,1980,0,0,5940
620,2026-05-11,289,GHAZI AUTO PEHALWAN GOTH,N,5,135,CARBURETOR PZ27 CDI 125,Pack,2,0,2250,0,0,4500
620,2026-05-11,289,GHAZI AUTO PEHALWAN GOTH,N,7,51,ZIP Spoke 300-17 Long Nipple,Pack,4,0,375,0,0,1500
620,2026-05-11,289,GHAZI AUTO PEHALWAN GOTH,N,8,50,ZIP Spoke 2.50-17,Pack,4,0,325,0,0,1300
620,2026-05-11,289,GHAZI AUTO PEHALWAN GOTH,N,8,94, SPARK PLUG C7HSA CHINA,Pack,10,0,75,0,0,750
621,2026-05-11,290,AHSAN AUTO PEHALWAN GOTH,N,1,99,ZIP 1 MAGNET COIL RING CDI 70,Pack,5,0,1050,0,0,5250
622,2026-05-11,291,FAISAL AUTO PEHAWAN GOTH,N,1,99,ZIP 1 MAGNET COIL RING CDI 70,Pack,5,0,1050,0,0,5250
622,2026-05-11,291,FAISAL AUTO PEHAWAN GOTH,N,2,102,MAGNET COMPLETE CDI-70 ZIP 1,Pack,2,0,2900,0,0,5800
622,2026-05-11,291,FAISAL AUTO PEHAWAN GOTH,N,3,127,"CHAIN COVER""5MM"" ZIP 1",Pack,2,0,550,0,0,1100
622,2026-05-11,291,FAISAL AUTO PEHAWAN GOTH,N,4,60,CHAIN COVER 0.6MM ZIP 1,Pack,2,0,650,0,0,1300
622,2026-05-11,291,FAISAL AUTO PEHAWAN GOTH,N,5,104,CYLINDER KIT 78CM ZIP 1,Pack,1,0,2450,0,0,2450
622,2026-05-11,291,FAISAL AUTO PEHAWAN GOTH,N,6,69,ZIP Carburetor PZ-22,Pack,1,0,2000,0,0,2000
623,2026-05-12,266,MADNI AUTO PEHALWAN GOTH,N,1,99,ZIP 1 MAGNET COIL RING CDI 70,Pack,10,0,1050,0,0,10500
623,2026-05-12,266,MADNI AUTO PEHALWAN GOTH,N,2,126,"CARBURETOR PZ 16""ZIP 1""",Pack,2,0,2000,0,0,4000
624,2026-05-12,267,HAFIZ AUTO PEHALWAN GOTH,N,1,99,ZIP 1 MAGNET COIL RING CDI 70,Pack,7,0,1050,0,0,7350
625,2026-05-12,213,YOUSUF AUTO GULLSHAN 13D,N,1,99,ZIP 1 MAGNET COIL RING CDI 70,Pack,5,0,1050,0,0,5250
625,2026-05-12,213,YOUSUF AUTO GULLSHAN 13D,N,2,140,SPARK PLUG NIN C7HSA,Pack,20,0,75,0,0,1500
626,2026-05-12,105,A.H AUTO ORANGI L BLOCK,N,1,50,ZIP Spoke 2.50-17,Pack,4,0,337.5,0,0,1350
626,2026-05-12,105,A.H AUTO ORANGI L BLOCK,N,2,51,ZIP Spoke 300-17 Long Nipple,Pack,4,0,400,0,0,1600
626,2026-05-12,105,A.H AUTO ORANGI L BLOCK,N,3,94, SPARK PLUG C7HSA CHINA,Pack,10,0,75,0,0,750
627,2026-05-12,25,AZAN AUTO BADIN,N,1,125,SILENCER BEST LIFE,Pack,36,0,1350,0,0,48600
628,2026-05-12,292,AL-REHMAN AUTO MALIR,N,1,99,ZIP 1 MAGNET COIL RING CDI 70,Pack,5,0,1050,0,0,5250
628,2026-05-12,292,AL-REHMAN AUTO MALIR,N,2,94, SPARK PLUG C7HSA CHINA,Pack,30,0,75,0,0,2250
628,2026-05-12,292,AL-REHMAN AUTO MALIR,N,3,135,CARBURETOR PZ27 CDI 125,Pack,2,0,2250,0,0,4500
629,2026-05-12,273,RIZWAN AUTO MALIR,N,1,69,ZIP Carburetor PZ-22,Pack,2,0,2050,0,0,4100
629,2026-05-12,273,RIZWAN AUTO MALIR,N,2,104,CYLINDER KIT 78CM ZIP 1,Pack,3,0,2600,0,0,7800
629,2026-05-12,273,RIZWAN AUTO MALIR,N,3,99,ZIP 1 MAGNET COIL RING CDI 70,Pack,2,0,1100,0,0,2200
629,2026-05-12,273,RIZWAN AUTO MALIR,N,4,102,MAGNET COMPLETE CDI-70 ZIP 1,Pack,1,0,3100,0,0,3100
629,2026-05-12,273,RIZWAN AUTO MALIR,N,5,46,ZIP 1 CHAIN KIT GOLD 38-15 CD-70,Pack,5,0,1450,0,0,7250
630,2026-05-12,293,SIDDIQUE AUTO LANDHI,N,1,126,"CARBURETOR PZ 16""ZIP 1""",Pack,1,0,1950,0,0,1950
630,2026-05-12,293,SIDDIQUE AUTO LANDHI,N,2,106,CYLINDER KIT 97CM ZIP 1,Pack,1,0,2800,0,0,2800
630,2026-05-12,293,SIDDIQUE AUTO LANDHI,N,3,104,CYLINDER KIT 78CM ZIP 1,Pack,1,0,2400,0,0,2400
630,2026-05-12,293,SIDDIQUE AUTO LANDHI,N,4,102,MAGNET COMPLETE CDI-70 ZIP 1,Pack,1,0,2900,0,0,2900
630,2026-05-12,293,SIDDIQUE AUTO LANDHI,N,5,99,ZIP 1 MAGNET COIL RING CDI 70,Pack,2,0,1000,0,0,2000
630,2026-05-12,293,SIDDIQUE AUTO LANDHI,N,6,125,SILENCER BEST LIFE,Pack,6,0,1250,0,0,7500
631,2026-05-13,115,HONDA KARACHI PAKISTAN CHOWK,N,1,51,ZIP Spoke 300-17 Long Nipple,Pack,40,0,370,0,0,14800
632,2026-05-13,68,ARIF AUTOS LANDHI,N,1,95,ZIP 1 PUSH LOCK,Pack,50,0,515,0,0,25750
633,2026-05-13,26,AZAN AUTOS JIMMY LANDHI,N,1,95,ZIP 1 PUSH LOCK,Pack,50,0,515,0,0,25750
634,2026-05-13,285,K.K AUTO RABIA CITY,N,1,95,ZIP 1 PUSH LOCK,Pack,20,0,515,0,0,10300
635,2026-05-14,178,B.S ALIYAN AUTO WATER PUMP,N,1,94, SPARK PLUG C7HSA CHINA,Pack,20,0,75,0,0,1500
635,2026-05-14,178,B.S ALIYAN AUTO WATER PUMP,N,2,114,REAR SHOCK JH90 BLK-ZIP 1,Pack,1,0,3050,0,0,3050
635,2026-05-14,178,B.S ALIYAN AUTO WATER PUMP,N,3,135,CARBURETOR PZ27 CDI 125,Pack,2,0,2250,0,0,4500
635,2026-05-14,178,B.S ALIYAN AUTO WATER PUMP,N,4,102,MAGNET COMPLETE CDI-70 ZIP 1,Pack,1,0,3100,0,0,3100
635,2026-05-14,178,B.S ALIYAN AUTO WATER PUMP,N,5,95,ZIP 1 PUSH LOCK,Pack,5,0,520,0,0,2600
636,2026-05-14,277,NASIR MAQBOOL MKT,N,1,106,CYLINDER KIT 97CM ZIP 1,Pack,3,0,1720,0,0,5160
637,2026-05-14,243,KAZIM AUTO BAG E KORANGI,N,1,104,CYLINDER KIT 78CM ZIP 1,Pack,2,0,2400,0,0,4800
637,2026-05-14,243,KAZIM AUTO BAG E KORANGI,N,2,98,ZIP 1 MAGNET COIL RING HERO,Pack,3,0,1050,0,0,3150
637,2026-05-14,243,KAZIM AUTO BAG E KORANGI,N,3,99,ZIP 1 MAGNET COIL RING CDI 70,Pack,10,0,1050,0,0,10500
637,2026-05-14,243,KAZIM AUTO BAG E KORANGI,N,4,60,CHAIN COVER 0.6MM ZIP 1,Pack,10,0,650,0,0,6500
637,2026-05-14,243,KAZIM AUTO BAG E KORANGI,N,5,95,ZIP 1 PUSH LOCK,Pack,10,0,520,0,0,5200
637,2026-05-14,243,KAZIM AUTO BAG E KORANGI,N,6,51,ZIP Spoke 300-17 Long Nipple,Pack,20,0,358.5,0,0,7170
637,2026-05-14,243,KAZIM AUTO BAG E KORANGI,N,7,50,ZIP Spoke 2.50-17,Pack,20,0,338.5,0,0,6770
637,2026-05-14,243,KAZIM AUTO BAG E KORANGI,N,8,100,ZIP 1 BRAKE SHOE FMC,Pack,60,0,260,0,0,15600
638,2026-05-14,294,KAZIM AUTO BAG E KORANGI W/RIM,N,1,130,WHEEL RIM FRONT,Pack,5,0,800,0,0,4000
638,2026-05-14,294,KAZIM AUTO BAG E KORANGI W/RIM,N,2,128,WHEEL RIM REAR,Pack,5,0,800,0,0,4000
638,2026-05-14,294,KAZIM AUTO BAG E KORANGI W/RIM,N,3,125,SILENCER BEST LIFE,Pack,3,0,1300,0,0,3900
639,2026-05-14,295,SIDDIQUE AUTO BILAL COLONY,N,1,104,CYLINDER KIT 78CM ZIP 1,Pack,2,0,2550,0,0,5100
639,2026-05-14,295,SIDDIQUE AUTO BILAL COLONY,N,2,95,ZIP 1 PUSH LOCK,Pack,10,0,520,0,0,5200
640,2026-05-14,116,ASIF SUPPLIER ZIP 1,N,1,114,REAR SHOCK JH90 BLK-ZIP 1,Pack,2,0,3100,0,0,6200
640,2026-05-14,116,ASIF SUPPLIER ZIP 1,N,2,99,ZIP 1 MAGNET COIL RING CDI 70,Pack,5,0,1150,0,0,5750
640,2026-05-14,116,ASIF SUPPLIER ZIP 1,N,3,51,ZIP Spoke 300-17 Long Nipple,Pack,12,0,375,0,0,4500
640,2026-05-14,116,ASIF SUPPLIER ZIP 1,N,4,60,CHAIN COVER 0.6MM ZIP 1,Pack,5,0,650,0,0,3250
640,2026-05-14,116,ASIF SUPPLIER ZIP 1,N,5,135,CARBURETOR PZ27 CDI 125,Pack,1,0,2400,0,0,2400
641,2026-05-14,236,QUETTA AUTO SHAHLATIF,N,1,100,ZIP 1 BRAKE SHOE FMC,Pack,240,0,260,0,0,62400
642,2026-05-14,164,STAR AUTO MAYMAR,N,1,100,ZIP 1 BRAKE SHOE FMC,Pack,180,0,265,0,0,47700
643,2026-05-14,266,MADNI AUTO PEHALWAN GOTH,N,1,100,ZIP 1 BRAKE SHOE FMC,Pack,20,0,265,0,0,5300
644,2026-05-14,213,YOUSUF AUTO GULLSHAN 13D,N,1,100,ZIP 1 BRAKE SHOE FMC,Pack,60,0,260,0,0,15600
645,2026-05-14,178,B.S ALIYAN AUTO WATER PUMP,N,1,100,ZIP 1 BRAKE SHOE FMC,Pack,60,0,260,0,0,15600
646,2026-05-14,187,NASEER AUTO VINDER,N,1,99,ZIP 1 MAGNET COIL RING CDI 70,Pack,5,0,1050,0,0,5250
646,2026-05-14,187,NASEER AUTO VINDER,N,2,98,ZIP 1 MAGNET COIL RING HERO,Pack,1,0,1050,0,0,1050
646,2026-05-14,187,NASEER AUTO VINDER,N,3,116,REAR SHOCK GENUINE TYPE RED-ZIP 1,Pack,2,0,2600,0,0,5200
647,2026-05-15,296,ARIF AUTO TALHAR,N,1,100,ZIP 1 BRAKE SHOE FMC,Pack,300,0,235,0,0,70500
647,2026-05-15,296,ARIF AUTO TALHAR,N,2,99,ZIP 1 MAGNET COIL RING CDI 70,Pack,24,0,1050,0,0,25200
648,2026-05-15,150,M UMER BADIN,N,2,142,REAR SHOCK JH90 RED RECO STAR,Pack,12,0,2400,0,0,28800
648,2026-05-15,150,M UMER BADIN,N,2,121,REAR SHOCK JH90 BLK RECO STAR,Pack,24,0,2400,0,0,57600
648,2026-05-15,150,M UMER BADIN,N,3,141,FRONT SHOCK ROD JH90 ZIP 1,Pack,24,0,1300,0,0,31200
648,2026-05-15,150,M UMER BADIN,N,4,124,FRONT SHOCK CDI125 RECO STAR,Pack,30,0,3500,0,0,105000
649,2026-05-15,115,HONDA KARACHI PAKISTAN CHOWK,N,1,100,ZIP 1 BRAKE SHOE FMC,Pack,60,0,265,0,0,15900
650,2026-05-15,174,FAROOQ AUTO SHAH FAISAL,N,1,114,REAR SHOCK JH90 BLK-ZIP 1,Pack,2,0,2950,0,0,5900
650,2026-05-15,174,FAROOQ AUTO SHAH FAISAL,N,2,104,CYLINDER KIT 78CM ZIP 1,Pack,2,0,2500,0,0,5000
650,2026-05-15,174,FAROOQ AUTO SHAH FAISAL,N,3,95,ZIP 1 PUSH LOCK,Pack,10,0,520,0,0,5200
650,2026-05-15,174,FAROOQ AUTO SHAH FAISAL,N,4,111,FRONT SHOCK  JH90 ZIP 1,Pack,1,0,4300,0,0,4300
651,2026-05-16,297,AWAMI AUTO FAQEERA GOTH,N,1,99,ZIP 1 MAGNET COIL RING CDI 70,Pack,3,0,1050,0,0,3150
651,2026-05-16,297,AWAMI AUTO FAQEERA GOTH,N,2,94, SPARK PLUG C7HSA CHINA,Pack,20,0,75,0,0,1500
651,2026-05-16,297,AWAMI AUTO FAQEERA GOTH,N,3,104,CYLINDER KIT 78CM ZIP 1,Pack,2,0,2500,0,0,5000
651,2026-05-16,297,AWAMI AUTO FAQEERA GOTH,N,4,46,ZIP 1 CHAIN KIT GOLD 38-15 CD-70,Pack,5,0,1450,0,0,7250
651,2026-05-16,297,AWAMI AUTO FAQEERA GOTH,N,5,119,FRONT SHOCK JH.90 RECO STAR,Pack,1,0,3500,0,0,3500
651,2026-05-16,297,AWAMI AUTO FAQEERA GOTH,N,6,120,FRONT SHOCK CDI.70 RECO STAR,Pack,1,0,3400,0,0,3400
651,2026-05-16,297,AWAMI AUTO FAQEERA GOTH,N,7,51,ZIP Spoke 300-17 Long Nipple,Pack,8,0,360,0,0,2880
651,2026-05-16,297,AWAMI AUTO FAQEERA GOTH,N,8,50,ZIP Spoke 2.50-17,Pack,8,0,340,0,0,2720
652,2026-05-16,298,IQBAL AUTO QAIDABAD,N,1,100,ZIP 1 BRAKE SHOE FMC,Pack,60,0,260,0,0,15600
652,2026-05-16,298,IQBAL AUTO QAIDABAD,N,2,95,ZIP 1 PUSH LOCK,Pack,10,0,520,0,0,5200
652,2026-05-16,298,IQBAL AUTO QAIDABAD,N,3,94, SPARK PLUG C7HSA CHINA,Pack,30,0,75,0,0,2250
652,2026-05-16,298,IQBAL AUTO QAIDABAD,N,4,51,ZIP Spoke 300-17 Long Nipple,Pack,4,0,358.5,0,0,1434
652,2026-05-16,298,IQBAL AUTO QAIDABAD,N,5,50,ZIP Spoke 2.50-17,Pack,4,0,338.5,0,0,1354
652,2026-05-16,298,IQBAL AUTO QAIDABAD,N,6,104,CYLINDER KIT 78CM ZIP 1,Pack,2,0,2500,0,0,5000
652,2026-05-16,298,IQBAL AUTO QAIDABAD,N,7,99,ZIP 1 MAGNET COIL RING CDI 70,Pack,5,0,1050,0,0,5250
652,2026-05-16,298,IQBAL AUTO QAIDABAD,N,8,98,ZIP 1 MAGNET COIL RING HERO,Pack,2,0,1050,0,0,2100
652,2026-05-16,298,IQBAL AUTO QAIDABAD,N,9,126,"CARBURETOR PZ 16""ZIP 1""",Pack,2,0,2050,0,0,4100
652,2026-05-16,298,IQBAL AUTO QAIDABAD,N,10,123,ONLY FRY WHEEL MAGNET ZIP 1,Pack,2,0,1450,0,0,2900
653,2026-05-16,269,M/S AUTO SACHAL,N,1,95,ZIP 1 PUSH LOCK,Pack,10,0,520,0,0,5200
654,2026-05-16,265,ARIF AUTO RAHIM YAR KHAN,N,1,99,ZIP 1 MAGNET COIL RING CDI 70,Pack,72,0,950,0,0,68400
655,2026-05-16,102,SALEEM MAMU,N,1,99,ZIP 1 MAGNET COIL RING CDI 70,Pack,5,0,1000,0,0,5000
656,2026-05-16,149,SHEIKH AUTO PEHALWAN GOTH,N,1,69,ZIP Carburetor PZ-22,Pack,3,0,2000,0,0,6000
657,2026-05-18,252,OKASHA MEHAR,N,1,99,ZIP 1 MAGNET COIL RING CDI 70,Pack,72,0,900,0,0,64800
658,2026-05-18,282,SALEEM AUTO MAYMAR,N,1,99,ZIP 1 MAGNET COIL RING CDI 70,Pack,5,0,1050,0,0,5250
658,2026-05-18,282,SALEEM AUTO MAYMAR,N,2,94, SPARK PLUG C7HSA CHINA,Pack,50,0,75,0,0,3750
658,2026-05-18,282,SALEEM AUTO MAYMAR,N,3,108,VALVE SEAL CHINA 70,Pack,60,0,10,0,0,600
658,2026-05-18,282,SALEEM AUTO MAYMAR,N,4,95,ZIP 1 PUSH LOCK,Pack,10,0,520,0,0,5200
658,2026-05-18,282,SALEEM AUTO MAYMAR,N,5,121,REAR SHOCK JH90 BLK RECO STAR,Pack,1,0,2500,0,0,2500
658,2026-05-18,282,SALEEM AUTO MAYMAR,N,6,122,REAR SHOCK CDI70 BLK(H)RECO STAR,Pack,1,0,2100,0,0,2100
659,2026-05-18,299,HASHTAG TRADERS LANDHI 6,N,1,130,WHEEL RIM FRONT,Pack,6,0,800,0,0,4800
659,2026-05-18,299,HASHTAG TRADERS LANDHI 6,N,2,128,WHEEL RIM REAR,Pack,6,0,800,0,0,4800
660,2026-05-18,251,KARACHI AUTO QUAIDABAD,N,1,126,"CARBURETOR PZ 16""ZIP 1""",Pack,5,0,2050,0,0,10250
660,2026-05-18,251,KARACHI AUTO QUAIDABAD,N,2,121,REAR SHOCK JH90 BLK RECO STAR,Pack,5,0,2400,0,0,12000
661,2026-05-18,289,GHAZI AUTO PEHALWAN GOTH,N,1,121,REAR SHOCK JH90 BLK RECO STAR,Pack,2,0,2500,0,0,5000
661,2026-05-18,289,GHAZI AUTO PEHALWAN GOTH,N,2,142,REAR SHOCK JH90 RED RECO STAR,Pack,1,0,2500,0,0,2500
661,2026-05-18,289,GHAZI AUTO PEHALWAN GOTH,N,3,114,REAR SHOCK JH90 BLK-ZIP 1,Pack,2,0,2900,0,0,5800
662,2026-05-18,231,STAR AUTO MALIR,N,1,99,ZIP 1 MAGNET COIL RING CDI 70,Pack,24,0,1050,0,0,25200
662,2026-05-18,231,STAR AUTO MALIR,N,2,121,REAR SHOCK JH90 BLK RECO STAR,Pack,1,0,2400,0,0,2400
662,2026-05-18,231,STAR AUTO MALIR,N,3,114,REAR SHOCK JH90 BLK-ZIP 1,Pack,1,0,2900,0,0,2900
663,2026-05-18,300,RAZA AUTO MALIR,N,1,99,ZIP 1 MAGNET COIL RING CDI 70,Pack,5,0,1100,0,0,5500
663,2026-05-18,300,RAZA AUTO MALIR,N,2,98,ZIP 1 MAGNET COIL RING HERO,Pack,5,0,1100,0,0,5500
663,2026-05-18,300,RAZA AUTO MALIR,N,3,126,"CARBURETOR PZ 16""ZIP 1""",Pack,1,0,2150,0,0,2150
663,2026-05-18,300,RAZA AUTO MALIR,N,4,94, SPARK PLUG C7HSA CHINA,Pack,50,0,75,0,0,3750
664,2026-05-18,181,MAKKA AUTO KORANGI 3 NUMBER,N,1,95,ZIP 1 PUSH LOCK,Pack,5,0,530,0,0,2650
664,2026-05-18,181,MAKKA AUTO KORANGI 3 NUMBER,N,2,60,CHAIN COVER 0.6MM ZIP 1,Pack,5,0,650,0,0,3250
665,2026-05-18,301,MAKKA KORANGI #3 W/R,N,1,125,SILENCER BEST LIFE,Pack,6,0,1420,0,0,8520
666,2026-05-18,270,SARWAR AUTO PEOPELS CHOWRANGI,N,1,100,ZIP 1 BRAKE SHOE FMC,Pack,10,0,260,0,0,2600
666,2026-05-18,270,SARWAR AUTO PEOPELS CHOWRANGI,N,2,51,ZIP Spoke 300-17 Long Nipple,Pack,10,0,360,0,0,3600
666,2026-05-18,270,SARWAR AUTO PEOPELS CHOWRANGI,N,3,99,ZIP 1 MAGNET COIL RING CDI 70,Pack,5,0,1050,0,0,5250
666,2026-05-18,270,SARWAR AUTO PEOPELS CHOWRANGI,N,4,98,ZIP 1 MAGNET COIL RING HERO,Pack,2,0,1050,0,0,2100
666,2026-05-18,270,SARWAR AUTO PEOPELS CHOWRANGI,N,5,126,"CARBURETOR PZ 16""ZIP 1""",Pack,2,0,1980,0,0,3960
666,2026-05-18,270,SARWAR AUTO PEOPELS CHOWRANGI,N,6,95,ZIP 1 PUSH LOCK,Pack,2,0,520,0,0,1040
666,2026-05-18,270,SARWAR AUTO PEOPELS CHOWRANGI,N,7,121,REAR SHOCK JH90 BLK RECO STAR,Pack,1,0,2500,0,0,2500
667,2026-05-18,302,SARWAR AUTO W/RIM,N,1,125,SILENCER BEST LIFE,Pack,3,0,1400,0,0,4200
669,2026-05-18,70,UNIQUE AUTOS LANDHI,N,1,95,ZIP 1 PUSH LOCK,Pack,20,0,520,0,0,10400
670,2026-05-18,303,UNIQUE AUTO LANDHI W/RIM,N,1,130,WHEEL RIM FRONT,Pack,45,0,800,0,0,36000
670,2026-05-18,303,UNIQUE AUTO LANDHI W/RIM,N,2,128,WHEEL RIM REAR,Pack,45,0,800,0,0,36000
671,2026-05-18,101,A.R AUTOS BAGH-E-KORANGI,N,1,114,REAR SHOCK JH90 BLK-ZIP 1,Pack,5,0,2900,0,0,14500
672,2026-05-18,304,A.R AUTO KORANGI W/RIM,N,1,125,SILENCER BEST LIFE,Pack,6,0,1400,0,0,8400
673,2026-05-18,233,SHAMIM AUTO KALA BOARD,N,1,126,"CARBURETOR PZ 16""ZIP 1""",Pack,3,0,2050,0,0,6150
673,2026-05-18,233,SHAMIM AUTO KALA BOARD,N,2,60,CHAIN COVER 0.6MM ZIP 1,Pack,15,0,630,0,0,9450
673,2026-05-18,233,SHAMIM AUTO KALA BOARD,N,3,94, SPARK PLUG C7HSA CHINA,Pack,30,0,75,0,0,2250
673,2026-05-18,233,SHAMIM AUTO KALA BOARD,N,4,104,CYLINDER KIT 78CM ZIP 1,Pack,1,0,2500,0,0,2500
673,2026-05-18,233,SHAMIM AUTO KALA BOARD,N,5,99,ZIP 1 MAGNET COIL RING CDI 70,Pack,3,0,1100,0,0,3300
674,2026-05-18,20,ALI AUTOS ISLAM CHOWK,N,1,51,ZIP Spoke 300-17 Long Nipple,Pack,80,0,372,0,0,29760
674,2026-05-18,20,ALI AUTOS ISLAM CHOWK,N,2,50,ZIP Spoke 2.50-17,Pack,40,0,325,0,0,13000
674,2026-05-18,20,ALI AUTOS ISLAM CHOWK,N,3,123,ONLY FRY WHEEL MAGNET ZIP 1,Pack,10,0,1450,0,0,14500
674,2026-05-18,20,ALI AUTOS ISLAM CHOWK,N,4,60,CHAIN COVER 0.6MM ZIP 1,Pack,100,0,620,0,0,62000
674,2026-05-18,20,ALI AUTOS ISLAM CHOWK,N,5,127,"CHAIN COVER""5MM"" ZIP 1",Pack,50,0,545,0,0,27250
675,2026-05-18,305,ALI AUTO ISLAM CHOWK W/RIM,N,1,130,WHEEL RIM FRONT,Pack,100,0,800,0,0,80000
675,2026-05-18,305,ALI AUTO ISLAM CHOWK W/RIM,N,2,128,WHEEL RIM REAR,Pack,100,0,800,0,0,80000
676,2026-05-19,71,HAMZA KHAN AUTOS ORANGI TOWN,N,1,95,ZIP 1 PUSH LOCK,Pack,20,0,520,0,0,10400
676,2026-05-19,71,HAMZA KHAN AUTOS ORANGI TOWN,N,2,119,FRONT SHOCK JH.90 RECO STAR,Pack,5,0,3480,0,0,17400
676,2026-05-19,71,HAMZA KHAN AUTOS ORANGI TOWN,N,3,120,FRONT SHOCK CDI.70 RECO STAR,Pack,3,0,3250,0,0,9750
676,2026-05-19,71,HAMZA KHAN AUTOS ORANGI TOWN,N,4,121,REAR SHOCK JH90 BLK RECO STAR,Pack,8,0,2350,0,0,18800
676,2026-05-19,71,HAMZA KHAN AUTOS ORANGI TOWN,N,5,142,REAR SHOCK JH90 RED RECO STAR,Pack,2,0,2350,0,0,4700
676,2026-05-19,71,HAMZA KHAN AUTOS ORANGI TOWN,N,6,99,ZIP 1 MAGNET COIL RING CDI 70,Pack,24,0,980,0,0,23520
676,2026-05-19,71,HAMZA KHAN AUTOS ORANGI TOWN,N,7,50,ZIP Spoke 2.50-17,Pack,40,0,325,0,0,13000
677,2026-05-20,197,ALI MEHMODABAD WHEEL RIM,N,1,125,SILENCER BEST LIFE,Pack,12,0,1300,0,0,15600
677,2026-05-20,197,ALI MEHMODABAD WHEEL RIM,N,2,130,WHEEL RIM FRONT,Pack,15,0,800,0,0,12000
677,2026-05-20,197,ALI MEHMODABAD WHEEL RIM,N,3,128,WHEEL RIM REAR,Pack,15,0,800,0,0,12000
678,2026-05-20,149,SHEIKH AUTO PEHALWAN GOTH,N,1,69,ZIP Carburetor PZ-22,Pack,10,0,2000,0,0,20000
679,2026-05-20,278,SHOAIB AUTO SACHAL,N,1,69,ZIP Carburetor PZ-22,Pack,10,0,2000,0,0,20000
680,2026-05-20,251,KARACHI AUTO QUAIDABAD,N,1,69,ZIP Carburetor PZ-22,Pack,10,0,2000,0,0,20000
681,2026-05-20,233,SHAMIM AUTO KALA BOARD,N,1,69,ZIP Carburetor PZ-22,Pack,3,0,2000,0,0,6000
682,2026-05-20,256,PARTS WALA AUTO LANDHI 6,N,1,95,ZIP 1 PUSH LOCK,Pack,20,0,520,0,0,10400
683,2026-05-20,238,IMRAN AUTO SHER PAO,N,1,69,ZIP Carburetor PZ-22,Pack,2,0,2050,0,0,4100
683,2026-05-20,238,IMRAN AUTO SHER PAO,N,2,114,REAR SHOCK JH90 BLK-ZIP 1,Pack,1,0,3100,0,0,3100
683,2026-05-20,238,IMRAN AUTO SHER PAO,N,3,99,ZIP 1 MAGNET COIL RING CDI 70,Pack,5,0,1050,0,0,5250
683,2026-05-20,238,IMRAN AUTO SHER PAO,N,4,104,CYLINDER KIT 78CM ZIP 1,Pack,2,0,2600,0,0,5200
683,2026-05-20,238,IMRAN AUTO SHER PAO,N,5,60,CHAIN COVER 0.6MM ZIP 1,Pack,5,0,650,0,0,3250
683,2026-05-20,238,IMRAN AUTO SHER PAO,N,6,51,ZIP Spoke 300-17 Long Nipple,Pack,4,0,370,0,0,1480
683,2026-05-20,238,IMRAN AUTO SHER PAO,N,7,50,ZIP Spoke 2.50-17,Pack,4,0,330,0,0,1320
684,2026-05-20,243,KAZIM AUTO BAG E KORANGI,N,1,69,ZIP Carburetor PZ-22,Pack,5,0,2000,0,0,10000
685,2026-05-21,36,HADIA K1 NORTH NAZIMABAD,N,1,100,ZIP 1 BRAKE SHOE FMC,Pack,20,0,265,0,0,5300
685,2026-05-21,36,HADIA K1 NORTH NAZIMABAD,N,2,95,ZIP 1 PUSH LOCK,Pack,5,0,520,0,0,2600
685,2026-05-21,36,HADIA K1 NORTH NAZIMABAD,N,3,99,ZIP 1 MAGNET COIL RING CDI 70,Pack,5,0,1050,0,0,5250
685,2026-05-21,36,HADIA K1 NORTH NAZIMABAD,N,4,98,ZIP 1 MAGNET COIL RING HERO,Pack,3,0,1050,0,0,3150
686,2026-05-21,104,HAMZA AUTO MOSMIYAT,N,1,95,ZIP 1 PUSH LOCK,Pack,72,0,515,0,0,37080
686,2026-05-21,104,HAMZA AUTO MOSMIYAT,N,2,69,ZIP Carburetor PZ-22,Pack,10,0,1875,0,0,18750
687,2026-05-21,25,AZAN AUTO BADIN,N,1,51,ZIP Spoke 300-17 Long Nipple,Pack,80,0,362.5,0,0,29000
687,2026-05-21,25,AZAN AUTO BADIN,N,2,106,CYLINDER KIT 97CM ZIP 1,Pack,16,0,2700,0,0,43200
688,2026-05-21,77,MALIK AUTO LINES AREA,N,1,51,ZIP Spoke 300-17 Long Nipple,Pack,40,0,372.5,0,0,14900
688,2026-05-21,77,MALIK AUTO LINES AREA,N,2,50,ZIP Spoke 2.50-17,Pack,40,0,322.5,0,0,12900
688,2026-05-21,77,MALIK AUTO LINES AREA,N,3,114,REAR SHOCK JH90 BLK-ZIP 1,Pack,2,0,2950,0,0,5900
688,2026-05-21,77,MALIK AUTO LINES AREA,N,4,104,CYLINDER KIT 78CM ZIP 1,Pack,2,0,2500,0,0,5000
688,2026-05-21,77,MALIK AUTO LINES AREA,N,5,120,FRONT SHOCK CDI.70 RECO STAR,Pack,2,0,3300,0,0,6600
688,2026-05-21,77,MALIK AUTO LINES AREA,N,6,119,FRONT SHOCK JH.90 RECO STAR,Pack,2,0,3450,0,0,6900
688,2026-05-21,77,MALIK AUTO LINES AREA,N,7,106,CYLINDER KIT 97CM ZIP 1,Pack,1,0,2800,0,0,2800
688,2026-05-21,77,MALIK AUTO LINES AREA,N,8,127,"CHAIN COVER""5MM"" ZIP 1",Pack,10,0,560,0,0,5600
689,2026-05-22,57,RANA AUTOS LANDHI,N,1,100,ZIP 1 BRAKE SHOE FMC,Pack,40,0,270,0,0,10800
689,2026-05-22,57,RANA AUTOS LANDHI,N,2,69,ZIP Carburetor PZ-22,Pack,20,0,1950,0,0,39000
689,2026-05-22,57,RANA AUTOS LANDHI,N,4,140,SPARK PLUG NIN C7HSA,Pack,400,40,67.5,0,0,27000
689,2026-05-22,57,RANA AUTOS LANDHI,N,5,111,FRONT SHOCK  JH90 ZIP 1,Pack,2,0,4400,0,0,8800
689,2026-05-22,57,RANA AUTOS LANDHI,N,6,119,FRONT SHOCK JH.90 RECO STAR,Pack,2,0,3400,0,0,6800
689,2026-05-22,57,RANA AUTOS LANDHI,N,7,64,Clutch presur plate set zip 1,Pack,20,0,280,0,0,5600
689,2026-05-22,57,RANA AUTOS LANDHI,N,8,46,ZIP 1 CHAIN KIT GOLD 38-15 CD-70,Pack,10,0,1400,0,0,14000
689,2026-05-22,57,RANA AUTOS LANDHI,N,9,99,ZIP 1 MAGNET COIL RING CDI 70,Pack,24,0,1000,0,0,24000
690,2026-05-22,114,TAJ AUTO MEHRAN TOWN 1,N,1,99,ZIP 1 MAGNET COIL RING CDI 70,Pack,10,0,1050,0,0,10500
690,2026-05-22,114,TAJ AUTO MEHRAN TOWN 1,N,2,95,ZIP 1 PUSH LOCK,Pack,15,0,515,0,0,7725
691,2026-05-22,173,B.S AUTO FARZAN BAK KORANGI,N,1,100,ZIP 1 BRAKE SHOE FMC,Pack,20,0,270,0,0,5400
691,2026-05-22,173,B.S AUTO FARZAN BAK KORANGI,N,2,64,Clutch presur plate set zip 1,Pack,10,0,280,0,0,2800
691,2026-05-22,173,B.S AUTO FARZAN BAK KORANGI,N,3,69,ZIP Carburetor PZ-22,Pack,2,0,2000,0,0,4000
691,2026-05-22,173,B.S AUTO FARZAN BAK KORANGI,N,4,99,ZIP 1 MAGNET COIL RING CDI 70,Pack,5,0,1050,0,0,5250
691,2026-05-22,173,B.S AUTO FARZAN BAK KORANGI,N,5,46,ZIP 1 CHAIN KIT GOLD 38-15 CD-70,Pack,3,0,1400,0,0,4200
691,2026-05-22,173,B.S AUTO FARZAN BAK KORANGI,N,6,94, SPARK PLUG C7HSA CHINA,Pack,20,0,75,0,0,1500
691,2026-05-22,173,B.S AUTO FARZAN BAK KORANGI,N,7,60,CHAIN COVER 0.6MM ZIP 1,Pack,3,0,650,0,0,1950
691,2026-05-22,173,B.S AUTO FARZAN BAK KORANGI,N,8,114,REAR SHOCK JH90 BLK-ZIP 1,Pack,2,0,3100,0,0,6200
691,2026-05-22,173,B.S AUTO FARZAN BAK KORANGI,N,9,125,SILENCER BEST LIFE,Pack,2,0,1500,0,0,3000
692,2026-05-22,236,QUETTA AUTO SHAHLATIF,N,1,64,Clutch presur plate set zip 1,Pack,100,0,270,0,0,27000
693,2026-05-23,133,YOUSUF AUTO SATO MAIL,N,1,60,CHAIN COVER 0.6MM ZIP 1,Pack,5,0,650,0,0,3250
693,2026-05-23,133,YOUSUF AUTO SATO MAIL,N,2,127,"CHAIN COVER""5MM"" ZIP 1",Pack,5,0,550,0,0,2750
693,2026-05-23,133,YOUSUF AUTO SATO MAIL,N,3,51,ZIP Spoke 300-17 Long Nipple,Pack,8,0,370,0,0,2960
693,2026-05-23,133,YOUSUF AUTO SATO MAIL,N,4,123,ONLY FRY WHEEL MAGNET ZIP 1,Pack,2,0,1500,0,0,3000
693,2026-05-23,133,YOUSUF AUTO SATO MAIL,N,5,125,SILENCER BEST LIFE,Pack,6,0,1500,0,0,9000
693,2026-05-23,133,YOUSUF AUTO SATO MAIL,N,6,130,WHEEL RIM FRONT,Pack,5,0,850,0,0,4250
693,2026-05-23,133,YOUSUF AUTO SATO MAIL,N,7,128,WHEEL RIM REAR,Pack,5,0,850,0,0,4250
694,2026-05-23,264,NOOR AUTO JHUDDO,N,1,125,SILENCER BEST LIFE,Pack,36,0,1250,0,0,45000
695,2026-05-23,103,GHOUSIA AUTO JHUDDO,N,1,125,SILENCER BEST LIFE,Pack,18,0,1300,0,0,23400
696,2026-05-23,150,M UMER BADIN,N,1,64,Clutch presur plate set zip 1,Pack,200,0,265,0,0,53000
697,2026-05-25,132,ADNAN AUTO FAST,N,1,50,ZIP Spoke 2.50-17,Pack,80,0,312.5,0,0,25000
697,2026-05-25,132,ADNAN AUTO FAST,N,2,102,MAGNET COMPLETE CDI-70 ZIP 1,Pack,5,0,2950,0,0,14750
698,2026-05-25,253,IZZAT AGA AUTO RABIA CITY,N,1,119,FRONT SHOCK JH.90 RECO STAR,Pack,1,0,3600,0,0,3600
698,2026-05-25,253,IZZAT AGA AUTO RABIA CITY,N,2,121,REAR SHOCK JH90 BLK RECO STAR,Pack,2,0,2450,0,0,4900
698,2026-05-25,253,IZZAT AGA AUTO RABIA CITY,N,3,104,CYLINDER KIT 78CM ZIP 1,Pack,3,0,2500,0,0,7500
698,2026-05-25,253,IZZAT AGA AUTO RABIA CITY,N,4,69,ZIP Carburetor PZ-22,Pack,4,0,2050,0,0,8200
698,2026-05-25,253,IZZAT AGA AUTO RABIA CITY,N,5,126,"CARBURETOR PZ 16""ZIP 1""",Pack,1,0,2100,0,0,2100
698,2026-05-25,253,IZZAT AGA AUTO RABIA CITY,N,6,94, SPARK PLUG C7HSA CHINA,Pack,20,0,75,0,0,1500
698,2026-05-25,253,IZZAT AGA AUTO RABIA CITY,N,7,95,ZIP 1 PUSH LOCK,Pack,10,0,520,0,0,5200
698,2026-05-25,253,IZZAT AGA AUTO RABIA CITY,N,8,64,Clutch presur plate set zip 1,Pack,10,0,270,0,0,2700
699,2026-05-25,280,MINHAJ AUTO MAYMAR,N,1,104,CYLINDER KIT 78CM ZIP 1,Pack,1,0,2350,0,0,2350
699,2026-05-25,280,MINHAJ AUTO MAYMAR,N,2,99,ZIP 1 MAGNET COIL RING CDI 70,Pack,24,0,1000,0,0,24000
699,2026-05-25,280,MINHAJ AUTO MAYMAR,N,3,126,"CARBURETOR PZ 16""ZIP 1""",Pack,1,0,2050,0,0,2050
699,2026-05-25,280,MINHAJ AUTO MAYMAR,N,4,102,MAGNET COMPLETE CDI-70 ZIP 1,Pack,1,0,3000,0,0,3000
700,2026-05-25,217,BISMILLAH AUTO WATER PUMP,N,1,69,ZIP Carburetor PZ-22,Pack,3,0,2050,0,0,6150
700,2026-05-25,217,BISMILLAH AUTO WATER PUMP,N,2,99,ZIP 1 MAGNET COIL RING CDI 70,Pack,5,0,1100,0,0,5500
700,2026-05-25,217,BISMILLAH AUTO WATER PUMP,N,3,119,FRONT SHOCK JH.90 RECO STAR,Pack,1,0,3800,0,0,3800
700,2026-05-25,217,BISMILLAH AUTO WATER PUMP,N,4,120,FRONT SHOCK CDI.70 RECO STAR,Pack,1,0,3600,0,0,3600
701,2026-05-25,192,SUBHAN AUTO GULSHAN 13D,N,1,94, SPARK PLUG C7HSA CHINA,Pack,30,0,75,0,0,2250
701,2026-05-25,192,SUBHAN AUTO GULSHAN 13D,N,2,69,ZIP Carburetor PZ-22,Pack,5,0,2000,0,0,10000
701,2026-05-25,192,SUBHAN AUTO GULSHAN 13D,N,3,95,ZIP 1 PUSH LOCK,Pack,5,0,520,0,0,2600
701,2026-05-25,192,SUBHAN AUTO GULSHAN 13D,N,4,64,Clutch presur plate set zip 1,Pack,10,0,280,0,0,2800
702,2026-05-25,307,SUBHAN AUTO 13D W/RIM,N,1,125,SILENCER BEST LIFE,Pack,6,0,1350,0,0,8100
703,2026-05-25,216,M/S AUTO 13D W/RIM,N,1,130,WHEEL RIM FRONT,Pack,5,0,840,0,0,4200
703,2026-05-25,216,M/S AUTO 13D W/RIM,N,2,128,WHEEL RIM REAR,Pack,5,0,840,0,0,4200
704,2026-05-25,215,M/S AUTO GULLSHAN 13D,N,1,121,REAR SHOCK JH90 BLK RECO STAR,Pack,2,0,2550,0,0,5100
705,2026-05-25,267,HAFIZ AUTO PEHALWAN GOTH,N,1,99,ZIP 1 MAGNET COIL RING CDI 70,Pack,7,0,1050,0,0,7350
705,2026-05-25,267,HAFIZ AUTO PEHALWAN GOTH,N,2,64,Clutch presur plate set zip 1,Pack,5,0,275,0,0,1375
705,2026-05-25,267,HAFIZ AUTO PEHALWAN GOTH,N,3,69,ZIP Carburetor PZ-22,Pack,2,0,2000,0,0,4000
706,2026-05-25,287,HAFEEZ AUTO GHAZI GOTH,N,1,99,ZIP 1 MAGNET COIL RING CDI 70,Pack,7,0,1050,0,0,7350
707,2026-05-25,220,SHAFI AUTO MEMON GOTH,N,1,64,Clutch presur plate set zip 1,Pack,25,0,270,0,0,6750
708,2026-05-26,149,SHEIKH AUTO PEHALWAN GOTH,N,1,102,MAGNET COMPLETE CDI-70 ZIP 1,Pack,5,0,2900,0,0,14500
708,2026-05-26,149,SHEIKH AUTO PEHALWAN GOTH,N,2,69,ZIP Carburetor PZ-22,Pack,10,0,2000,0,0,20000
708,2026-05-26,149,SHEIKH AUTO PEHALWAN GOTH,N,3,99,ZIP 1 MAGNET COIL RING CDI 70,Pack,24,0,1000,0,0,24000
709,2026-05-26,231,STAR AUTO MALIR,N,1,126,"CARBURETOR PZ 16""ZIP 1""",Pack,5,0,2000,0,0,10000
709,2026-05-26,231,STAR AUTO MALIR,N,2,69,ZIP Carburetor PZ-22,Pack,5,0,2000,0,0,10000
710,2026-05-26,246,NASIR AUTO PEOPELS CHORANGI,N,1,46,ZIP 1 CHAIN KIT GOLD 38-15 CD-70,Pack,11,0,1450,0,0,15950
711,2026-05-26,217,BISMILLAH AUTO WATER PUMP,N,1,99,ZIP 1 MAGNET COIL RING CDI 70,Pack,4,0,1050,0,0,4200
712,2026-05-26,308,SHAN AUTO MALIR,N,1,99,ZIP 1 MAGNET COIL RING CDI 70,Pack,9,0,1050,0,0,9450
712,2026-05-26,308,SHAN AUTO MALIR,N,2,64,Clutch presur plate set zip 1,Pack,8,0,265,0,0,2120
713,2026-06-01,112,RAJPUT AUTO SABRI CHOWK ORANGI,N,1,126,"CARBURETOR PZ 16""ZIP 1""",Pack,5,0,1900,0,0,9500
713,2026-06-01,112,RAJPUT AUTO SABRI CHOWK ORANGI,N,2,60,CHAIN COVER 0.6MM ZIP 1,Pack,20,0,610,0,0,12200
713,2026-06-01,112,RAJPUT AUTO SABRI CHOWK ORANGI,N,3,140,SPARK PLUG NIN C7HSA,Pack,400,40,67.5,0,0,27000
713,2026-06-01,112,RAJPUT AUTO SABRI CHOWK ORANGI,N,4,99,ZIP 1 MAGNET COIL RING CDI 70,Pack,24,0,1000,0,0,24000
714,2026-06-01,130,ALVI AUTO BALDIA 4 NUMBER,N,1,51,ZIP Spoke 300-17 Long Nipple,Pack,40,0,355,0,0,14200
714,2026-06-01,130,ALVI AUTO BALDIA 4 NUMBER,N,2,120,FRONT SHOCK CDI.70 RECO STAR,Pack,2,0,3300,0,0,6600
714,2026-06-01,130,ALVI AUTO BALDIA 4 NUMBER,N,3,126,"CARBURETOR PZ 16""ZIP 1""",Pack,2,0,1950,0,0,3900
715,2026-06-02,17,AHMED RAZA AUTOS REHMANIA MOR,N,1,104,CYLINDER KIT 78CM ZIP 1,Pack,2,0,2480,0,0,4960
715,2026-06-02,17,AHMED RAZA AUTOS REHMANIA MOR,N,2,119,FRONT SHOCK JH.90 RECO STAR,Pack,2,0,3500,0,0,7000
715,2026-06-02,17,AHMED RAZA AUTOS REHMANIA MOR,N,3,122,REAR SHOCK CDI70 BLK(H)RECO STAR,Pack,1,0,2000,0,0,2000
715,2026-06-02,17,AHMED RAZA AUTOS REHMANIA MOR,N,4,121,REAR SHOCK JH90 BLK RECO STAR,Pack,2,0,2450,0,0,4900
715,2026-06-02,17,AHMED RAZA AUTOS REHMANIA MOR,N,5,69,ZIP Carburetor PZ-22,Pack,1,0,2000,0,0,2000
716,2026-06-02,309,AHMED RAZA REHMANIA W/RIM,N,1,130,WHEEL RIM FRONT,Pack,15,0,850,0,0,12750
716,2026-06-02,309,AHMED RAZA REHMANIA W/RIM,N,2,128,WHEEL RIM REAR,Pack,15,0,880,0,0,13200
717,2026-06-02,36,HADIA K1 NORTH NAZIMABAD,N,1,122,REAR SHOCK CDI70 BLK(H)RECO STAR,Pack,2,0,2000,0,0,4000
717,2026-06-02,36,HADIA K1 NORTH NAZIMABAD,N,2,99,ZIP 1 MAGNET COIL RING CDI 70,Pack,5,0,1050,0,0,5250
717,2026-06-02,36,HADIA K1 NORTH NAZIMABAD,N,3,98,ZIP 1 MAGNET COIL RING HERO,Pack,5,0,1050,0,0,5250
718,2026-06-02,71,HAMZA KHAN AUTOS ORANGI TOWN,N,1,95,ZIP 1 PUSH LOCK,Pack,50,0,520,0,0,26000
719,2026-06-02,254,WARSI AUTO NAZIMABAD,N,1,94, SPARK PLUG C7HSA CHINA,Pack,10,0,75,0,0,750
719,2026-06-02,254,WARSI AUTO NAZIMABAD,N,2,64,Clutch presur plate set zip 1,Pack,10,0,280,0,0,2800
719,2026-06-02,254,WARSI AUTO NAZIMABAD,N,3,126,"CARBURETOR PZ 16""ZIP 1""",Pack,2,0,2000,0,0,4000
719,2026-06-02,254,WARSI AUTO NAZIMABAD,N,4,99,ZIP 1 MAGNET COIL RING CDI 70,Pack,2,0,1050,0,0,2100
720,2026-06-02,159,WAQAS AUTO BUFFER ZONE,N,1,50,ZIP Spoke 2.50-17,Pack,10,0,330,0,0,3300
720,2026-06-02,159,WAQAS AUTO BUFFER ZONE,N,2,113,FRONT SHOCK CDI125-ZIP 1,Pack,1,0,5000,0,0,5000
720,2026-06-02,159,WAQAS AUTO BUFFER ZONE,N,3,118,REAR SHOCK CDI-125 ZIP 1,Pack,2,0,3200,0,0,6400
720,2026-06-02,159,WAQAS AUTO BUFFER ZONE,N,4,95,ZIP 1 PUSH LOCK,Pack,5,0,520,0,0,2600
720,2026-06-02,159,WAQAS AUTO BUFFER ZONE,N,5,94, SPARK PLUG C7HSA CHINA,Pack,20,0,75,0,0,1500
721,2026-06-02,83,SINDH KOHLI SAMARO,N,1,98,ZIP 1 MAGNET COIL RING HERO,Pack,5,0,1050,0,0,5250
721,2026-06-02,83,SINDH KOHLI SAMARO,N,2,142,REAR SHOCK JH90 RED RECO STAR,Pack,2,0,2500,0,0,5000
721,2026-06-02,83,SINDH KOHLI SAMARO,N,3,121,REAR SHOCK JH90 BLK RECO STAR,Pack,2,0,2500,0,0,5000
721,2026-06-02,83,SINDH KOHLI SAMARO,N,4,122,REAR SHOCK CDI70 BLK(H)RECO STAR,Pack,2,0,2000,0,0,4000
721,2026-06-02,83,SINDH KOHLI SAMARO,N,5,125,SILENCER BEST LIFE,Pack,6,0,1500,0,0,9000
722,2026-06-02,296,ARIF AUTO TALHAR,N,1,99,ZIP 1 MAGNET COIL RING CDI 70,Pack,72,0,1000,0,0,72000
722,2026-06-02,296,ARIF AUTO TALHAR,N,2,64,Clutch presur plate set zip 1,Pack,100,0,265,0,0,26500
723,2026-06-02,116,ASIF SUPPLIER ZIP 1,N,1,126,"CARBURETOR PZ 16""ZIP 1""",Pack,1,0,2100,0,0,2100
723,2026-06-02,116,ASIF SUPPLIER ZIP 1,N,2,51,ZIP Spoke 300-17 Long Nipple,Pack,5,0,375,0,0,1875
723,2026-06-02,116,ASIF SUPPLIER ZIP 1,N,3,46,ZIP 1 CHAIN KIT GOLD 38-15 CD-70,Pack,5,0,1450,0,0,7250
723,2026-06-02,116,ASIF SUPPLIER ZIP 1,N,4,125,SILENCER BEST LIFE,Pack,3,0,1500,0,0,4500
723,2026-06-02,116,ASIF SUPPLIER ZIP 1,N,5,130,WHEEL RIM FRONT,Pack,3,0,850,0,0,2550
723,2026-06-02,116,ASIF SUPPLIER ZIP 1,N,6,128,WHEEL RIM REAR,Pack,3,0,850,0,0,2550
724,2026-06-02,132,ADNAN AUTO FAST,N,1,51,ZIP Spoke 300-17 Long Nipple,Pack,80,0,356.25,0,0,28500
724,2026-06-02,132,ADNAN AUTO FAST,N,2,130,WHEEL RIM FRONT,Pack,50,0,820,0,0,41000
724,2026-06-02,132,ADNAN AUTO FAST,N,3,128,WHEEL RIM REAR,Pack,50,0,830,0,0,41500
725,2026-06-03,194,HAMZA KHAN WHEEL RIM,N,1,130,WHEEL RIM FRONT,Pack,60,0,750,0,0,45000
726,2026-06-03,226,QISMAT AUTO TANDO GHULAM ALI,N,1,112,FRONT SHOCK CDI70-ZIP 1,Pack,3,0,4600,0,0,13800
726,2026-06-03,226,QISMAT AUTO TANDO GHULAM ALI,N,2,60,CHAIN COVER 0.6MM ZIP 1,Pack,10,0,650,0,0,6500
726,2026-06-03,226,QISMAT AUTO TANDO GHULAM ALI,N,3,125,SILENCER BEST LIFE,Pack,6,0,1500,0,0,9000
727,2026-06-03,176,ANSARI AUTO DASTAGIR,N,1,60,CHAIN COVER 0.6MM ZIP 1,Pack,5,0,650,0,0,3250
727,2026-06-03,176,ANSARI AUTO DASTAGIR,N,2,117,REAR SHOCK GENUINE TYPE BLK-ZIP 1,Pack,1,0,2600,0,0,2600
727,2026-06-03,176,ANSARI AUTO DASTAGIR,N,3,122,REAR SHOCK CDI70 BLK(H)RECO STAR,Pack,1,0,2000,0,0,2000
727,2026-06-03,176,ANSARI AUTO DASTAGIR,N,4,125,SILENCER BEST LIFE,Pack,3,0,1400,0,0,4200
728,2026-06-03,213,YOUSUF AUTO GULLSHAN 13D,N,1,64,Clutch presur plate set zip 1,Pack,10,0,275,0,0,2750
728,2026-06-03,213,YOUSUF AUTO GULLSHAN 13D,N,2,95,ZIP 1 PUSH LOCK,Pack,6,0,520,0,0,3120
728,2026-06-03,213,YOUSUF AUTO GULLSHAN 13D,N,3,104,CYLINDER KIT 78CM ZIP 1,Pack,1,0,2500,0,0,2500
729,2026-06-03,221,WAJAHAT SUPPLIER MARKET,N,1,127,"CHAIN COVER""5MM"" ZIP 1",Pack,100,0,460,0,0,46000
730,2026-06-04,144,TAJ AUTO MEHRAN TOWN 2,N,1,99,ZIP 1 MAGNET COIL RING CDI 70,Pack,10,0,1050,0,0,10500
730,2026-06-04,144,TAJ AUTO MEHRAN TOWN 2,N,2,95,ZIP 1 PUSH LOCK,Pack,10,0,520,0,0,5200
731,2026-06-04,220,SHAFI AUTO MEMON GOTH,N,2,115,REAR SHOCK JH90 RED-ZIP 1,Pack,1,0,3000,0,0,3000
731,2026-06-04,220,SHAFI AUTO MEMON GOTH,N,3,50,ZIP Spoke 2.50-17,Pack,20,0,318,0,0,6360
731,2026-06-04,220,SHAFI AUTO MEMON GOTH,N,4,51,ZIP Spoke 300-17 Long Nipple,Pack,20,0,380,0,0,7600
731,2026-06-04,220,SHAFI AUTO MEMON GOTH,N,5,94, SPARK PLUG C7HSA CHINA,Pack,100,0,75,0,0,7500
731,2026-06-04,220,SHAFI AUTO MEMON GOTH,N,6,118,REAR SHOCK CDI-125 ZIP 1,Pack,1,0,3000,0,0,3000
731,2026-06-04,220,SHAFI AUTO MEMON GOTH,N,7,112,FRONT SHOCK CDI70-ZIP 1,Pack,2,0,4300,0,0,8600
731,2026-06-04,220,SHAFI AUTO MEMON GOTH,N,8,141,FRONT SHOCK ROD JH90 ZIP 1,Pack,3,0,1400,0,0,4200
731,2026-06-04,220,SHAFI AUTO MEMON GOTH,N,9,126,"CARBURETOR PZ 16""ZIP 1""",Pack,3,0,2050,0,0,6150
731,2026-06-04,220,SHAFI AUTO MEMON GOTH,N,10,116,REAR SHOCK GENUINE TYPE RED-ZIP 1,Pack,1,0,2500,0,0,2500
731,2026-06-04,220,SHAFI AUTO MEMON GOTH,N,11,117,REAR SHOCK GENUINE TYPE BLK-ZIP 1,Pack,1,0,2500,0,0,2500
732,2026-06-08,116,ASIF SUPPLIER ZIP 1,N,1,98,ZIP 1 MAGNET COIL RING HERO,Pack,2,0,1150,0,0,2300
732,2026-06-08,116,ASIF SUPPLIER ZIP 1,N,2,46,ZIP 1 CHAIN KIT GOLD 38-15 CD-70,Pack,5,0,1450,0,0,7250
732,2026-06-08,116,ASIF SUPPLIER ZIP 1,N,3,102,MAGNET COMPLETE CDI-70 ZIP 1,Pack,1,0,3100,0,0,3100
732,2026-06-08,116,ASIF SUPPLIER ZIP 1,N,4,95,ZIP 1 PUSH LOCK,Pack,3,0,520,0,0,1560
732,2026-06-08,116,ASIF SUPPLIER ZIP 1,N,5,60,CHAIN COVER 0.6MM ZIP 1,Pack,2,0,650,0,0,1300
732,2026-06-08,116,ASIF SUPPLIER ZIP 1,N,6,127,"CHAIN COVER""5MM"" ZIP 1",Pack,3,0,550,0,0,1650
733,2026-06-08,115,HONDA KARACHI PAKISTAN CHOWK,N,1,99,ZIP 1 MAGNET COIL RING CDI 70,Pack,24,0,1100,0,0,26400
734,2026-06-08,92,OSAMA ISLAM CHOWK,N,1,141,FRONT SHOCK ROD JH90 ZIP 1,Pack,5,0,1450,0,0,7250
734,2026-06-08,92,OSAMA ISLAM CHOWK,N,2,102,MAGNET COMPLETE CDI-70 ZIP 1,Pack,2,0,3100,0,0,6200
734,2026-06-08,92,OSAMA ISLAM CHOWK,N,3,126,"CARBURETOR PZ 16""ZIP 1""",Pack,5,0,2050,0,0,10250
734,2026-06-08,92,OSAMA ISLAM CHOWK,N,4,99,ZIP 1 MAGNET COIL RING CDI 70,Pack,5,0,1050,0,0,5250
734,2026-06-08,92,OSAMA ISLAM CHOWK,N,5,98,ZIP 1 MAGNET COIL RING HERO,Pack,5,0,1050,0,0,5250
734,2026-06-08,92,OSAMA ISLAM CHOWK,N,6,104,CYLINDER KIT 78CM ZIP 1,Pack,5,0,2500,0,0,12500
734,2026-06-08,92,OSAMA ISLAM CHOWK,N,7,69,ZIP Carburetor PZ-22,Pack,5,0,2000,0,0,10000
735,2026-06-08,223,ABID AUTO LUCKY STAR,N,1,46,ZIP 1 CHAIN KIT GOLD 38-15 CD-70,Pack,10,0,1470,0,0,14700
736,2026-06-08,310,TIGER AUTO LUCKY STAR,N,1,46,ZIP 1 CHAIN KIT GOLD 38-15 CD-70,Pack,10,0,1470,0,0,14700
737,2026-06-08,68,ARIF AUTOS LANDHI,N,1,86,ZIP 1 GOLD CHAIN KIT CG-125,Pack,30,0,1700,0,0,51000
738,2026-06-08,311,INSAF AUTO LIYARI 36,N,1,46,ZIP 1 CHAIN KIT GOLD 38-15 CD-70,Pack,10,0,1430,0,0,14300
738,2026-06-08,311,INSAF AUTO LIYARI 36,N,2,104,CYLINDER KIT 78CM ZIP 1,Pack,5,0,2500,0,0,12500
738,2026-06-08,311,INSAF AUTO LIYARI 36,N,3,99,ZIP 1 MAGNET COIL RING CDI 70,Pack,3,0,1050,0,0,3150
738,2026-06-08,311,INSAF AUTO LIYARI 36,N,4,98,ZIP 1 MAGNET COIL RING HERO,Pack,3,0,1050,0,0,3150
738,2026-06-08,311,INSAF AUTO LIYARI 36,N,5,86,ZIP 1 GOLD CHAIN KIT CG-125,Pack,5,0,1700,0,0,8500
738,2026-06-08,311,INSAF AUTO LIYARI 36,N,6,50,ZIP Spoke 2.50-17,Pack,4,0,325,0,0,1300
738,2026-06-08,311,INSAF AUTO LIYARI 36,N,7,51,ZIP Spoke 300-17 Long Nipple,Pack,4,0,375,0,0,1500
738,2026-06-08,311,INSAF AUTO LIYARI 36,N,8,111,FRONT SHOCK  JH90 ZIP 1,Pack,1,0,4500,0,0,4500
738,2026-06-08,311,INSAF AUTO LIYARI 36,N,9,113,FRONT SHOCK CDI125-ZIP 1,Pack,1,0,4800,0,0,4800
738,2026-06-08,311,INSAF AUTO LIYARI 36,N,10,119,FRONT SHOCK JH.90 RECO STAR,Pack,1,0,3500,0,0,3500
738,2026-06-08,311,INSAF AUTO LIYARI 36,N,11,120,FRONT SHOCK CDI.70 RECO STAR,Pack,1,0,3400,0,0,3400
738,2026-06-08,311,INSAF AUTO LIYARI 36,N,13,126,"CARBURETOR PZ 16""ZIP 1""",Pack,1,0,1930,0,0,1930
738,2026-06-08,311,INSAF AUTO LIYARI 36,N,14,69,ZIP Carburetor PZ-22,Pack,1,0,1980,0,0,1980
738,2026-06-08,311,INSAF AUTO LIYARI 36,N,15,95,ZIP 1 PUSH LOCK,Pack,5,0,520,0,0,2600
738,2026-06-08,311,INSAF AUTO LIYARI 36,N,16,60,CHAIN COVER 0.6MM ZIP 1,Pack,3,0,640,0,0,1920
738,2026-06-08,311,INSAF AUTO LIYARI 36,N,17,127,"CHAIN COVER""5MM"" ZIP 1",Pack,3,0,550,0,0,1650
738,2026-06-08,311,INSAF AUTO LIYARI 36,N,18,64,Clutch presur plate set zip 1,Pack,5,0,275,0,0,1375
738,2026-06-08,311,INSAF AUTO LIYARI 36,N,18,121,REAR SHOCK JH90 BLK RECO STAR,Pack,1,0,2500,0,0,2500
739,2026-06-08,312,OSAMA ISLAM CHOWK W/RIM,N,1,125,SILENCER BEST LIFE,Pack,6,0,1450,0,0,8700
740,2026-06-08,313,INSAF LIYARI 36 W/RIM,N,1,125,SILENCER BEST LIFE,Pack,6,0,1400,0,0,8400
740,2026-06-08,313,INSAF LIYARI 36 W/RIM,N,2,130,WHEEL RIM FRONT,Pack,15,0,825,0,0,12375
740,2026-06-08,313,INSAF LIYARI 36 W/RIM,N,3,128,WHEEL RIM REAR,Pack,15,0,825,0,0,12375
741,2026-06-08,314,DANIYAL AUTO AZAM BASTI,N,1,46,ZIP 1 CHAIN KIT GOLD 38-15 CD-70,Pack,20,0,1470,0,0,29400
742,2026-06-08,188,ARSALAN IRSHAD LHR,N,1,125,SILENCER BEST LIFE,Pack,1,0,1150,0,0,1150
742,2026-06-08,188,ARSALAN IRSHAD LHR,N,2,130,WHEEL RIM FRONT,Pack,1,0,725,0,0,725
742,2026-06-08,188,ARSALAN IRSHAD LHR,N,3,128,WHEEL RIM REAR,Pack,1,0,725,0,0,725
743,2026-06-08,161,SHAYAN AUTO U.P,N,1,46,ZIP 1 CHAIN KIT GOLD 38-15 CD-70,Pack,10,0,1430,0,0,14300
743,2026-06-08,161,SHAYAN AUTO U.P,N,2,51,ZIP Spoke 300-17 Long Nipple,Pack,20,0,375,0,0,7500
743,2026-06-08,161,SHAYAN AUTO U.P,N,3,140,SPARK PLUG NIN C7HSA,Pack,200,15,69.375,0,0,13875
743,2026-06-08,161,SHAYAN AUTO U.P,N,4,126,"CARBURETOR PZ 16""ZIP 1""",Pack,2,0,1980,0,0,3960
743,2026-06-08,161,SHAYAN AUTO U.P,N,5,95,ZIP 1 PUSH LOCK,Pack,10,0,520,0,0,5200
743,2026-06-08,161,SHAYAN AUTO U.P,N,6,127,"CHAIN COVER""5MM"" ZIP 1",Pack,7,0,550,0,0,3850
744,2026-06-08,315,SHAYAN AUTO UP W/RIM,N,1,125,SILENCER BEST LIFE,Pack,18,0,1400,0,0,25200
744,2026-06-08,315,SHAYAN AUTO UP W/RIM,N,2,130,WHEEL RIM FRONT,Pack,8,0,835,0,0,6680
744,2026-06-08,315,SHAYAN AUTO UP W/RIM,N,3,128,WHEEL RIM REAR,Pack,8,0,835,0,0,6680
745,2026-06-08,266,MADNI AUTO PEHALWAN GOTH,N,1,105,CYLINDER KIT 72CM ZIP 1,Pack,2,0,2600,0,0,5200
745,2026-06-08,266,MADNI AUTO PEHALWAN GOTH,N,2,125,SILENCER BEST LIFE,Pack,2,0,1450,0,0,2900
745,2026-06-08,266,MADNI AUTO PEHALWAN GOTH,N,3,69,ZIP Carburetor PZ-22,Pack,3,0,2050,0,0,6150
745,2026-06-08,266,MADNI AUTO PEHALWAN GOTH,N,4,64,Clutch presur plate set zip 1,Pack,10,0,275,0,0,2750
745,2026-06-08,266,MADNI AUTO PEHALWAN GOTH,N,5,104,CYLINDER KIT 78CM ZIP 1,Pack,2,0,2550,0,0,5100
745,2026-06-08,266,MADNI AUTO PEHALWAN GOTH,N,6,140,SPARK PLUG NIN C7HSA,Pack,30,0,75,0,0,2250
746,2026-06-09,316,ASLAM AUTO MAJEED COLONY,N,1,99,ZIP 1 MAGNET COIL RING CDI 70,Pack,5,0,1050,0,0,5250
746,2026-06-09,316,ASLAM AUTO MAJEED COLONY,N,2,98,ZIP 1 MAGNET COIL RING HERO,Pack,3,0,1050,0,0,3150
746,2026-06-09,316,ASLAM AUTO MAJEED COLONY,N,3,94, SPARK PLUG C7HSA CHINA,Pack,50,0,75,0,0,3750
747,2026-06-09,274,A.M AUTO MALIR,N,1,99,ZIP 1 MAGNET COIL RING CDI 70,Pack,10,0,1050,0,0,10500
747,2026-06-09,274,A.M AUTO MALIR,N,2,100,ZIP 1 BRAKE SHOE FMC,Pack,6,0,260,0,0,1560
748,2026-06-09,231,STAR AUTO MALIR,N,1,99,ZIP 1 MAGNET COIL RING CDI 70,Pack,24,0,1050,0,0,25200
749,2026-06-09,232,UNIQUE TRADERS KALA BOARD,N,1,104,CYLINDER KIT 78CM ZIP 1,Pack,8,0,2350,0,0,18800
750,2026-06-09,286,QUETTA AUTO BAKRA PIRI MALIR,N,1,60,CHAIN COVER 0.6MM ZIP 1,Pack,10,0,650,0,0,6500
751,2026-06-09,157,ASGHER AUTO UP,N,1,69,ZIP Carburetor PZ-22,Pack,20,0,1900,0,0,38000
752,2026-06-09,213,YOUSUF AUTO GULLSHAN 13D,N,1,46,ZIP 1 CHAIN KIT GOLD 38-15 CD-70,Pack,5,0,1430,0,0,7150
752,2026-06-09,213,YOUSUF AUTO GULLSHAN 13D,N,2,69,ZIP Carburetor PZ-22,Pack,4,0,2000,0,0,8000
752,2026-06-09,213,YOUSUF AUTO GULLSHAN 13D,N,3,121,REAR SHOCK JH90 BLK RECO STAR,Pack,2,0,2400,0,0,4800
752,2026-06-09,213,YOUSUF AUTO GULLSHAN 13D,N,4,94, SPARK PLUG C7HSA CHINA,Pack,20,0,75,0,0,1500
753,2026-06-10,317,MAST QALANDAR AUTO MATLI,N,1,100,ZIP 1 BRAKE SHOE FMC,Pack,20,0,275,0,0,5500
753,2026-06-10,317,MAST QALANDAR AUTO MATLI,N,2,99,ZIP 1 MAGNET COIL RING CDI 70,Pack,2,0,1100,0,0,2200
753,2026-06-10,317,MAST QALANDAR AUTO MATLI,N,3,46,ZIP 1 CHAIN KIT GOLD 38-15 CD-70,Pack,5,0,1470,0,0,7350
754,2026-06-10,295,SIDDIQUE AUTO BILAL COLONY,N,1,95,ZIP 1 PUSH LOCK,Pack,20,0,520,0,0,10400
754,2026-06-10,295,SIDDIQUE AUTO BILAL COLONY,N,2,99,ZIP 1 MAGNET COIL RING CDI 70,Pack,2,0,1050,0,0,2100
754,2026-06-10,295,SIDDIQUE AUTO BILAL COLONY,N,3,98,ZIP 1 MAGNET COIL RING HERO,Pack,3,0,1050,0,0,3150
755,2026-06-10,311,INSAF AUTO LIYARI 36,N,1,100,ZIP 1 BRAKE SHOE FMC,Pack,10,0,285,0,0,2850
756,2026-06-10,223,ABID AUTO LUCKY STAR,N,1,100,ZIP 1 BRAKE SHOE FMC,Pack,30,0,295,0,0,8850
757,2026-06-10,310,TIGER AUTO LUCKY STAR,N,1,100,ZIP 1 BRAKE SHOE FMC,Pack,30,0,295,0,0,8850
758,2026-06-10,266,MADNI AUTO PEHALWAN GOTH,N,1,100,ZIP 1 BRAKE SHOE FMC,Pack,20,0,270,0,0,5400
759,2026-06-10,286,QUETTA AUTO BAKRA PIRI MALIR,N,1,100,ZIP 1 BRAKE SHOE FMC,Pack,60,0,260,0,0,15600
760,2026-06-10,232,UNIQUE TRADERS KALA BOARD,N,1,100,ZIP 1 BRAKE SHOE FMC,Pack,10,0,260,0,0,2600
761,2026-06-10,274,A.M AUTO MALIR,N,1,100,ZIP 1 BRAKE SHOE FMC,Pack,10,0,260,0,0,2600
762,2026-06-10,316,ASLAM AUTO MAJEED COLONY,N,1,100,ZIP 1 BRAKE SHOE FMC,Pack,60,0,260,0,0,15600
763,2026-06-10,25,AZAN AUTO BADIN,N,1,100,ZIP 1 BRAKE SHOE FMC,Pack,180,0,260,0,0,46800
764,2026-06-10,25,AZAN AUTO BADIN,N,1,145,CHAIN KIT 41/14 KIXX,Pack,30,0,1000,0,0,30000
765,2026-06-10,157,ASGHER AUTO UP,N,1,96,ZIP 1HEAD COMPLETE EURO,Pack,2,0,4800,0,0,9600
765,2026-06-10,157,ASGHER AUTO UP,N,2,46,ZIP 1 CHAIN KIT GOLD 38-15 CD-70,Pack,10,0,1450,0,0,14500
765,2026-06-10,157,ASGHER AUTO UP,N,3,100,ZIP 1 BRAKE SHOE FMC,Pack,30,0,260,0,0,7800
765,2026-06-10,157,ASGHER AUTO UP,N,4,99,ZIP 1 MAGNET COIL RING CDI 70,Pack,6,0,1000,0,0,6000
765,2026-06-10,157,ASGHER AUTO UP,N,5,50,ZIP Spoke 2.50-17,Pack,40,0,325,0,0,13000
765,2026-06-10,157,ASGHER AUTO UP,N,6,51,ZIP Spoke 300-17 Long Nipple,Pack,40,0,375,0,0,15000
765,2026-06-10,157,ASGHER AUTO UP,N,7,146,CHAIN KIT 38/15 KIXX,Pack,10,0,1000,0,0,10000
766,2026-06-10,82,JUNAID AUTO AGRA TAJ,N,1,104,CYLINDER KIT 78CM ZIP 1,Pack,8,0,2500,0,0,20000
767,2026-06-10,102,SALEEM MAMU,N,1,143,CARBURETOR PZ22 ZIP 1,Pack,10,0,1900,0,0,19000
768,2026-06-10,157,ASGHER AUTO UP,N,1,64,Clutch presur plate set zip 1,Pack,20,0,270,0,0,5400
769,2026-06-10,67,JAMEEL AUTOS LEE MARKET,N,1,104,CYLINDER KIT 78CM ZIP 1,Pack,8,0,2500,0,0,20000
770,2026-06-10,181,MAKKA AUTO KORANGI 3 NUMBER,N,1,144,C.D.I GUTKA COIL CDI 70 ZIP1,Pack,20,0,300,0,0,6000
770,2026-06-10,181,MAKKA AUTO KORANGI 3 NUMBER,N,2,143,CARBURETOR PZ22 ZIP 1,Pack,5,0,2000,0,0,10000
771,2026-06-11,318,B.S AUTO VINDER,N,1,99,ZIP 1 MAGNET COIL RING CDI 70,Pack,5,0,1050,0,0,5250
771,2026-06-11,318,B.S AUTO VINDER,N,2,100,ZIP 1 BRAKE SHOE FMC,Pack,10,0,270,0,0,2700
771,2026-06-11,318,B.S AUTO VINDER,N,3,60,CHAIN COVER 0.6MM ZIP 1,Pack,5,0,650,0,0,3250
771,2026-06-11,318,B.S AUTO VINDER,N,4,144,C.D.I GUTKA COIL CDI 70 ZIP1,Pack,10,0,310,0,0,3100
772,2026-06-12,70,UNIQUE AUTOS LANDHI,N,1,100,ZIP 1 BRAKE SHOE FMC,Pack,600,0,295,0,0,177000
773,2026-06-12,28,SHOAIB AHMED ZIP 1,N,1,146,CHAIN KIT 38/15 KIXX,Pack,10,0,950,0,0,9500
774,2026-06-12,97,BHITTAI AUTOS SAMARO,N,1,145,CHAIN KIT 41/14 KIXX,Pack,20,0,1000,0,0,20000
774,2026-06-12,97,BHITTAI AUTOS SAMARO,N,2,146,CHAIN KIT 38/15 KIXX,Pack,10,0,1000,0,0,10000
774,2026-06-12,97,BHITTAI AUTOS SAMARO,N,3,48,ZIP 1 CHAIN KIT RED 41-14 CD-70,Pack,30,0,1350,0,0,40500
775,2026-06-12,138,ASIM BROTHERS MARKET,N,1,99,ZIP 1 MAGNET COIL RING CDI 70,Pack,24,0,950,0,0,22800
776,2026-06-13,227,HASNAIN AUTO KORANGI 51 A,N,1,104,CYLINDER KIT 78CM ZIP 1,Pack,1,0,2600,0,0,2600
776,2026-06-13,227,HASNAIN AUTO KORANGI 51 A,N,2,94, SPARK PLUG C7HSA CHINA,Pack,20,0,75,0,0,1500
776,2026-06-13,227,HASNAIN AUTO KORANGI 51 A,N,3,143,CARBURETOR PZ22 ZIP 1,Pack,2,0,2050,0,0,4100
776,2026-06-13,227,HASNAIN AUTO KORANGI 51 A,N,4,100,ZIP 1 BRAKE SHOE FMC,Pack,20,0,275,0,0,5500
776,2026-06-13,227,HASNAIN AUTO KORANGI 51 A,N,5,144,C.D.I GUTKA COIL CDI 70 ZIP1,Pack,10,0,310,0,0,3100
776,2026-06-13,227,HASNAIN AUTO KORANGI 51 A,N,6,146,CHAIN KIT 38/15 KIXX,Pack,5,0,1100,0,0,5500
776,2026-06-13,227,HASNAIN AUTO KORANGI 51 A,N,7,64,Clutch presur plate set zip 1,Pack,10,0,280,0,0,2800
776,2026-06-13,227,HASNAIN AUTO KORANGI 51 A,N,8,102,MAGNET COMPLETE CDI-70 ZIP 1,Pack,1,0,3100,0,0,3100
776,2026-06-13,227,HASNAIN AUTO KORANGI 51 A,N,9,125,SILENCER BEST LIFE,Pack,2,0,1500,0,0,3000
777,2026-06-13,319,BILAL JAN AUTO GAWADAR,N,1,104,CYLINDER KIT 78CM ZIP 1,Pack,8,0,2470,5,130,19760
777,2026-06-13,319,BILAL JAN AUTO GAWADAR,N,2,99,ZIP 1 MAGNET COIL RING CDI 70,Pack,24,0,1045,5,55,25080
778,2026-06-13,320,SHAHZAD AUTO GAWADAR,N,1,147,PLUG COIL STAR,Pack,61,0,352.75,15,62.25,21517.75
779,2026-06-13,320,SHAHZAD AUTO GAWADAR,N,1,104,CYLINDER KIT 78CM ZIP 1,Pack,16,0,2470,5,130,39520
779,2026-06-13,320,SHAHZAD AUTO GAWADAR,N,2,121,REAR SHOCK JH90 BLK RECO STAR,Pack,12,0,2470,5,130,29640
780,2026-06-13,321,NASEER AUTO LIYARI 36,N,1,99,ZIP 1 MAGNET COIL RING CDI 70,Pack,10,0,1050,0,0,10500
780,2026-06-13,321,NASEER AUTO LIYARI 36,N,2,126,"CARBURETOR PZ 16""ZIP 1""",Pack,5,0,1950,0,0,9750
780,2026-06-13,321,NASEER AUTO LIYARI 36,N,3,143,CARBURETOR PZ22 ZIP 1,Pack,5,0,2000,0,0,10000
780,2026-06-13,321,NASEER AUTO LIYARI 36,N,4,64,Clutch presur plate set zip 1,Pack,30,0,275,0,0,8250
780,2026-06-13,321,NASEER AUTO LIYARI 36,N,5,95,ZIP 1 PUSH LOCK,Pack,5,0,520,0,0,2600
780,2026-06-13,321,NASEER AUTO LIYARI 36,N,6,146,CHAIN KIT 38/15 KIXX,Pack,10,0,1000,0,0,10000
780,2026-06-13,321,NASEER AUTO LIYARI 36,N,7,46,ZIP 1 CHAIN KIT GOLD 38-15 CD-70,Pack,10,0,1400,0,0,14000
780,2026-06-13,321,NASEER AUTO LIYARI 36,N,8,60,CHAIN COVER 0.6MM ZIP 1,Pack,10,0,620,0,0,6200
780,2026-06-13,321,NASEER AUTO LIYARI 36,N,9,125,SILENCER BEST LIFE,Pack,6,0,1400,0,0,8400
781,2026-06-13,276,REHAN AUTO SHAH FAISAL,N,1,95,ZIP 1 PUSH LOCK,Pack,20,0,520,0,0,10400
783,2026-06-15,322,MIRAJ AUTO M.KHAN GOTH,N,1,99,ZIP 1 MAGNET COIL RING CDI 70,Pack,5,0,1050,0,0,5250
783,2026-06-15,322,MIRAJ AUTO M.KHAN GOTH,N,2,146,CHAIN KIT 38/15 KIXX,Pack,5,0,1050,0,0,5250
783,2026-06-15,322,MIRAJ AUTO M.KHAN GOTH,N,3,95,ZIP 1 PUSH LOCK,Pack,5,0,520,0,0,2600
783,2026-06-15,322,MIRAJ AUTO M.KHAN GOTH,N,4,60,CHAIN COVER 0.6MM ZIP 1,Pack,5,0,650,0,0,3250
783,2026-06-15,322,MIRAJ AUTO M.KHAN GOTH,N,5,100,ZIP 1 BRAKE SHOE FMC,Pack,10,0,260,0,0,2600
783,2026-06-15,322,MIRAJ AUTO M.KHAN GOTH,N,6,51,ZIP Spoke 300-17 Long Nipple,Pack,5,0,360,0,0,1800
783,2026-06-15,322,MIRAJ AUTO M.KHAN GOTH,N,7,50,ZIP Spoke 2.50-17,Pack,5,0,340,0,0,1700
784,2026-06-15,211,ZAFAR AUTO SABZI MANDI,N,1,104,CYLINDER KIT 78CM ZIP 1,Pack,1,0,2550,0,0,2550
784,2026-06-15,211,ZAFAR AUTO SABZI MANDI,N,2,99,ZIP 1 MAGNET COIL RING CDI 70,Pack,2,0,1050,0,0,2100
784,2026-06-15,211,ZAFAR AUTO SABZI MANDI,N,3,98,ZIP 1 MAGNET COIL RING HERO,Pack,1,0,1050,0,0,1050
784,2026-06-15,211,ZAFAR AUTO SABZI MANDI,N,4,143,CARBURETOR PZ22 ZIP 1,Pack,2,0,2050,0,0,4100
784,2026-06-15,211,ZAFAR AUTO SABZI MANDI,N,5,144,C.D.I GUTKA COIL CDI 70 ZIP1,Pack,5,0,310,0,0,1550
784,2026-06-15,211,ZAFAR AUTO SABZI MANDI,N,6,95,ZIP 1 PUSH LOCK,Pack,3,0,530,0,0,1590
785,2026-06-15,253,IZZAT AGA AUTO RABIA CITY,N,1,50,ZIP Spoke 2.50-17,Pack,5,0,340,0,0,1700
785,2026-06-15,253,IZZAT AGA AUTO RABIA CITY,N,2,51,ZIP Spoke 300-17 Long Nipple,Pack,5,0,360,0,0,1800
785,2026-06-15,253,IZZAT AGA AUTO RABIA CITY,N,3,95,ZIP 1 PUSH LOCK,Pack,5,0,520,0,0,2600
785,2026-06-15,253,IZZAT AGA AUTO RABIA CITY,N,4,144,C.D.I GUTKA COIL CDI 70 ZIP1,Pack,20,0,300,0,0,6000
785,2026-06-15,253,IZZAT AGA AUTO RABIA CITY,N,5,99,ZIP 1 MAGNET COIL RING CDI 70,Pack,5,0,1050,0,0,5250
785,2026-06-15,253,IZZAT AGA AUTO RABIA CITY,N,6,100,ZIP 1 BRAKE SHOE FMC,Pack,60,0,260,0,0,15600
786,2026-06-15,101,A.R AUTOS BAGH-E-KORANGI,N,1,143,CARBURETOR PZ22 ZIP 1,Pack,3,0,2050,0,0,6150
786,2026-06-15,101,A.R AUTOS BAGH-E-KORANGI,N,2,126,"CARBURETOR PZ 16""ZIP 1""",Pack,3,0,2000,0,0,6000
786,2026-06-15,101,A.R AUTOS BAGH-E-KORANGI,N,3,121,REAR SHOCK JH90 BLK RECO STAR,Pack,4,0,2350,0,0,9400
787,2026-06-15,115,HONDA KARACHI PAKISTAN CHOWK,N,1,125,SILENCER BEST LIFE,Pack,6,0,1550,0,0,9300
788,2026-06-15,116,ASIF SUPPLIER ZIP 1,N,1,99,ZIP 1 MAGNET COIL RING CDI 70,Pack,4,0,1150,0,0,4600
788,2026-06-15,116,ASIF SUPPLIER ZIP 1,N,2,51,ZIP Spoke 300-17 Long Nipple,Pack,12,0,375,0,0,4500
788,2026-06-15,116,ASIF SUPPLIER ZIP 1,N,3,143,CARBURETOR PZ22 ZIP 1,Pack,1,0,2200,0,0,2200
788,2026-06-15,116,ASIF SUPPLIER ZIP 1,N,4,126,"CARBURETOR PZ 16""ZIP 1""",Pack,1,0,2100,0,0,2100
788,2026-06-15,116,ASIF SUPPLIER ZIP 1,N,5,121,REAR SHOCK JH90 BLK RECO STAR,Pack,1,0,2400,0,0,2400
789,2026-06-15,323,MAKRAN AUTO TURBAT,N,1,104,CYLINDER KIT 78CM ZIP 1,Pack,16,0,2470,5,130,39520
789,2026-06-15,323,MAKRAN AUTO TURBAT,N,2,99,ZIP 1 MAGNET COIL RING CDI 70,Pack,72,0,1045,5,55,75240
790,2026-06-15,324,DODA AUTO TURBAT,N,1,91,Chimta Bush CD-70,Pack,250,22,104.652,15,20.25,26163
791,2026-06-15,324,DODA AUTO TURBAT,N,1,99,ZIP 1 MAGNET COIL RING CDI 70,Pack,72,0,1045,5,55,75240
792,2026-06-16,96,GHAZI AUTOS GOLARCHI,N,1,99,ZIP 1 MAGNET COIL RING CDI 70,Pack,24,0,1100,0,0,26400
793,2026-06-16,53,NOORANI AUTOS BADIN,N,1,99,ZIP 1 MAGNET COIL RING CDI 70,Pack,72,0,950,0,0,68400
794,2026-06-16,325,ARYAN AUTO SUJAWAL,N,1,111,FRONT SHOCK  JH90 ZIP 1,Pack,5,0,4600,0,0,23000
794,2026-06-16,325,ARYAN AUTO SUJAWAL,N,2,112,FRONT SHOCK CDI70-ZIP 1,Pack,5,0,4400,0,0,22000
795,2026-06-16,132,ADNAN AUTO FAST,N,1,60,CHAIN COVER 0.6MM ZIP 1,Pack,30,0,600,0,0,18000
795,2026-06-16,132,ADNAN AUTO FAST,N,2,95,ZIP 1 PUSH LOCK,Pack,100,0,510,0,0,51000
796,2026-06-16,324,DODA AUTO TURBAT,N,1,130,WHEEL RIM FRONT,Pack,20,0,825,0,0,16500
796,2026-06-16,324,DODA AUTO TURBAT,N,2,128,WHEEL RIM REAR,Pack,20,0,825,0,0,16500
797,2026-06-17,158,PAKISTAN AUTO QUAIDABAD,N,1,46,ZIP 1 CHAIN KIT GOLD 38-15 CD-70,Pack,10,0,1450,0,0,14500
797,2026-06-17,158,PAKISTAN AUTO QUAIDABAD,N,2,143,CARBURETOR PZ22 ZIP 1,Pack,2,0,2000,0,0,4000
798,2026-06-17,189,UBAID AUTO GULLSHAN 13D,N,1,104,CYLINDER KIT 78CM ZIP 1,Pack,1,0,2550,0,0,2550
798,2026-06-17,189,UBAID AUTO GULLSHAN 13D,N,2,106,CYLINDER KIT 97CM ZIP 1,Pack,1,0,2900,0,0,2900
798,2026-06-17,189,UBAID AUTO GULLSHAN 13D,N,3,144,C.D.I GUTKA COIL CDI 70 ZIP1,Pack,10,0,305,0,0,3050
798,2026-06-17,189,UBAID AUTO GULLSHAN 13D,N,4,120,FRONT SHOCK CDI.70 RECO STAR,Pack,2,0,3400,0,0,6800
798,2026-06-17,189,UBAID AUTO GULLSHAN 13D,N,5,119,FRONT SHOCK JH.90 RECO STAR,Pack,2,0,3600,0,0,7200
798,2026-06-17,189,UBAID AUTO GULLSHAN 13D,N,6,123,ONLY FRY WHEEL MAGNET ZIP 1,Pack,1,0,1500,0,0,1500
799,2026-06-17,109,BABU AUTO SINDHI HOTEL,N,1,143,CARBURETOR PZ22 ZIP 1,Pack,5,0,2000,0,0,10000
799,2026-06-17,109,BABU AUTO SINDHI HOTEL,N,2,95,ZIP 1 PUSH LOCK,Pack,5,0,520,0,0,2600
799,2026-06-17,109,BABU AUTO SINDHI HOTEL,N,3,140,SPARK PLUG NIN C7HSA,Pack,400,40,67.5,0,0,27000
800,2026-06-17,327,AJMERI AUTO SINDHI HOTEL,N,1,95,ZIP 1 PUSH LOCK,Pack,5,0,530,0,0,2650
800,2026-06-17,327,AJMERI AUTO SINDHI HOTEL,N,2,99,ZIP 1 MAGNET COIL RING CDI 70,Pack,2,0,1050,0,0,2100
800,2026-06-17,327,AJMERI AUTO SINDHI HOTEL,N,3,46,ZIP 1 CHAIN KIT GOLD 38-15 CD-70,Pack,5,0,1450,0,0,7250
800,2026-06-17,327,AJMERI AUTO SINDHI HOTEL,N,4,86,ZIP 1 GOLD CHAIN KIT CG-125,Pack,2,0,1750,0,0,3500
800,2026-06-17,327,AJMERI AUTO SINDHI HOTEL,N,5,51,ZIP Spoke 300-17 Long Nipple,Pack,4,0,375,0,0,1500
800,2026-06-17,327,AJMERI AUTO SINDHI HOTEL,N,6,94, SPARK PLUG C7HSA CHINA,Pack,10,0,75,0,0,750
800,2026-06-17,327,AJMERI AUTO SINDHI HOTEL,N,7,100,ZIP 1 BRAKE SHOE FMC,Pack,5,0,275,0,0,1375
801,2026-06-18,298,IQBAL AUTO QAIDABAD,N,1,50,ZIP Spoke 2.50-17,Pack,4,0,360,0,0,1440
801,2026-06-18,298,IQBAL AUTO QAIDABAD,N,2,51,ZIP Spoke 300-17 Long Nipple,Pack,4,0,380,0,0,1520
801,2026-06-18,298,IQBAL AUTO QAIDABAD,N,3,143,CARBURETOR PZ22 ZIP 1,Pack,2,0,2050,0,0,4100
802,2026-06-18,330,MADINA AUTO QUAIDABAD,N,1,60,CHAIN COVER 0.6MM ZIP 1,Pack,10,0,650,0,0,6500
802,2026-06-18,330,MADINA AUTO QUAIDABAD,N,2,95,ZIP 1 PUSH LOCK,Pack,5,0,520,0,0,2600
802,2026-06-18,330,MADINA AUTO QUAIDABAD,N,3,99,ZIP 1 MAGNET COIL RING CDI 70,Pack,5,0,1080,0,0,5400
802,2026-06-18,330,MADINA AUTO QUAIDABAD,N,4,98,ZIP 1 MAGNET COIL RING HERO,Pack,1,0,1080,0,0,1080
802,2026-06-18,330,MADINA AUTO QUAIDABAD,N,5,104,CYLINDER KIT 78CM ZIP 1,Pack,2,0,2450,0,0,4900
802,2026-06-18,330,MADINA AUTO QUAIDABAD,N,6,143,CARBURETOR PZ22 ZIP 1,Pack,2,0,2050,0,0,4100
802,2026-06-18,330,MADINA AUTO QUAIDABAD,N,7,94, SPARK PLUG C7HSA CHINA,Pack,20,0,75,0,0,1500
803,2026-06-18,129,B.S AUTO AZIZABAD,N,1,98,ZIP 1 MAGNET COIL RING HERO,Pack,5,0,1000,0,0,5000
803,2026-06-18,129,B.S AUTO AZIZABAD,N,2,50,ZIP Spoke 2.50-17,Pack,40,0,300,0,0,12000
803,2026-06-18,129,B.S AUTO AZIZABAD,N,3,51,ZIP Spoke 300-17 Long Nipple,Pack,40,0,355,0,0,14200
804,2026-06-18,331,M.UMAR AUTO NASIR JUMP KORANGI,N,1,99,ZIP 1 MAGNET COIL RING CDI 70,Pack,10,0,1050,0,0,10500
804,2026-06-18,331,M.UMAR AUTO NASIR JUMP KORANGI,N,2,95,ZIP 1 PUSH LOCK,Pack,20,0,520,0,0,10400
804,2026-06-18,331,M.UMAR AUTO NASIR JUMP KORANGI,N,3,140,SPARK PLUG NIN C7HSA,Pack,400,40,67.5,0,0,27000
805,2026-06-18,144,TAJ AUTO MEHRAN TOWN 2,N,1,95,ZIP 1 PUSH LOCK,Pack,10,0,520,0,0,5200
805,2026-06-18,144,TAJ AUTO MEHRAN TOWN 2,N,2,140,SPARK PLUG NIN C7HSA,Pack,200,15,69.375,0,0,13875
805,2026-06-18,144,TAJ AUTO MEHRAN TOWN 2,N,3,60,CHAIN COVER 0.6MM ZIP 1,Pack,3,0,650,0,0,1950
805,2026-06-18,144,TAJ AUTO MEHRAN TOWN 2,N,4,100,ZIP 1 BRAKE SHOE FMC,Pack,60,0,265,0,0,15900
806,2026-06-18,199,SUFI BILAL COLONY KORANGI,N,1,99,ZIP 1 MAGNET COIL RING CDI 70,Pack,10,0,1050,0,0,10500
806,2026-06-18,199,SUFI BILAL COLONY KORANGI,N,2,123,ONLY FRY WHEEL MAGNET ZIP 1,Pack,2,0,1500,0,0,3000
806,2026-06-18,199,SUFI BILAL COLONY KORANGI,N,3,140,SPARK PLUG NIN C7HSA,Pack,400,40,67.5,0,0,27000
806,2026-06-18,199,SUFI BILAL COLONY KORANGI,N,4,122,REAR SHOCK CDI70 BLK(H)RECO STAR,Pack,1,0,2000,0,0,2000
806,2026-06-18,199,SUFI BILAL COLONY KORANGI,N,5,95,ZIP 1 PUSH LOCK,Pack,10,0,520,0,0,5200
806,2026-06-18,199,SUFI BILAL COLONY KORANGI,N,6,60,CHAIN COVER 0.6MM ZIP 1,Pack,5,0,630,0,0,3150
807,2026-06-18,215,M/S AUTO GULLSHAN 13D,N,1,94, SPARK PLUG C7HSA CHINA,Pack,20,0,75,0,0,1500
807,2026-06-18,215,M/S AUTO GULLSHAN 13D,N,2,119,FRONT SHOCK JH.90 RECO STAR,Pack,1,0,3650,0,0,3650
807,2026-06-18,215,M/S AUTO GULLSHAN 13D,N,3,120,FRONT SHOCK CDI.70 RECO STAR,Pack,1,0,3450,0,0,3450
807,2026-06-18,215,M/S AUTO GULLSHAN 13D,N,4,121,REAR SHOCK JH90 BLK RECO STAR,Pack,2,0,2550,0,0,5100
807,2026-06-18,215,M/S AUTO GULLSHAN 13D,N,5,60,CHAIN COVER 0.6MM ZIP 1,Pack,5,0,650,0,0,3250
807,2026-06-18,215,M/S AUTO GULLSHAN 13D,N,6,100,ZIP 1 BRAKE SHOE FMC,Pack,20,0,270,0,0,5400
807,2026-06-18,215,M/S AUTO GULLSHAN 13D,N,7,146,CHAIN KIT 38/15 KIXX,Pack,10,0,1050,0,0,10500
807,2026-06-18,215,M/S AUTO GULLSHAN 13D,N,8,99,ZIP 1 MAGNET COIL RING CDI 70,Pack,4,0,1050,0,0,4200
807,2026-06-18,215,M/S AUTO GULLSHAN 13D,N,9,51,ZIP Spoke 300-17 Long Nipple,Pack,40,0,360,0,0,14400
808,2026-06-18,216,M/S AUTO 13D W/RIM,N,1,125,SILENCER BEST LIFE,Pack,6,0,1350,0,0,8100
808,2026-06-18,216,M/S AUTO 13D W/RIM,N,2,130,WHEEL RIM FRONT,Pack,3,0,840,0,0,2520
809,2026-06-18,154,HAFEEZ AUTO KHAN BELA,N,1,123,ONLY FRY WHEEL MAGNET ZIP 1,Pack,44,0,1400,0,0,61600
809,2026-06-18,154,HAFEEZ AUTO KHAN BELA,N,2,126,"CARBURETOR PZ 16""ZIP 1""",Pack,40,0,1735,0,0,69400
810,2026-06-18,248,FAISAL AUTO AZEEM PURA,N,1,104,CYLINDER KIT 78CM ZIP 1,Pack,4,0,2450,0,0,9800
810,2026-06-18,248,FAISAL AUTO AZEEM PURA,N,2,146,CHAIN KIT 38/15 KIXX,Pack,10,0,1050,0,0,10500
811,2026-06-18,332,ALTAF HAIR DRESER,N,1,125,SILENCER BEST LIFE,Pack,1,0,1550,0,0,1550
811,2026-06-18,332,ALTAF HAIR DRESER,N,2,120,FRONT SHOCK CDI.70 RECO STAR,Pack,1,0,3500,0,0,3500
811,2026-06-18,332,ALTAF HAIR DRESER,N,3,122,REAR SHOCK CDI70 BLK(H)RECO STAR,Pack,1,0,2200,0,0,2200
811,2026-06-18,332,ALTAF HAIR DRESER,N,4,130,WHEEL RIM FRONT,Pack,1,0,900,0,0,900
811,2026-06-18,332,ALTAF HAIR DRESER,N,5,50,ZIP Spoke 2.50-17,Pack,1,0,400,0,0,400
811,2026-06-18,332,ALTAF HAIR DRESER,N,6,51,ZIP Spoke 300-17 Long Nipple,Pack,1,0,450,0,0,450
811,2026-06-18,332,ALTAF HAIR DRESER,N,7,60,CHAIN COVER 0.6MM ZIP 1,Pack,1,0,650,0,0,650
812,2026-06-19,59,RIDER AUTO PARTS,N,1,104,CYLINDER KIT 78CM ZIP 1,Pack,16,0,2400,0,0,38400
812,2026-06-19,59,RIDER AUTO PARTS,N,2,106,CYLINDER KIT 97CM ZIP 1,Pack,2,0,2750,0,0,5500
812,2026-06-19,59,RIDER AUTO PARTS,N,3,99,ZIP 1 MAGNET COIL RING CDI 70,Pack,48,0,900,0,0,43200
812,2026-06-19,59,RIDER AUTO PARTS,N,4,98,ZIP 1 MAGNET COIL RING HERO,Pack,24,0,900,0,0,21600
812,2026-06-19,59,RIDER AUTO PARTS,N,5,46,ZIP 1 CHAIN KIT GOLD 38-15 CD-70,Pack,20,0,1300,0,0,26000
812,2026-06-19,59,RIDER AUTO PARTS,N,6,86,ZIP 1 GOLD CHAIN KIT CG-125,Pack,20,0,1600,0,0,32000
812,2026-06-19,59,RIDER AUTO PARTS,N,7,50,ZIP Spoke 2.50-17,Pack,200,0,300,0,0,60000
812,2026-06-19,59,RIDER AUTO PARTS,N,8,51,ZIP Spoke 300-17 Long Nipple,Pack,200,0,350,0,0,70000
812,2026-06-19,59,RIDER AUTO PARTS,N,9,111,FRONT SHOCK  JH90 ZIP 1,Pack,5,0,4350,0,0,21750
812,2026-06-19,59,RIDER AUTO PARTS,N,10,112,FRONT SHOCK CDI70-ZIP 1,Pack,5,0,4200,0,0,21000
812,2026-06-19,59,RIDER AUTO PARTS,N,11,95,ZIP 1 PUSH LOCK,Pack,50,0,490,0,0,24500
812,2026-06-19,59,RIDER AUTO PARTS,N,12,121,REAR SHOCK JH90 BLK RECO STAR,Pack,10,0,2200,0,0,22000
812,2026-06-19,59,RIDER AUTO PARTS,N,13,120,FRONT SHOCK CDI.70 RECO STAR,Pack,5,0,3200,0,0,16000
812,2026-06-19,59,RIDER AUTO PARTS,N,14,60,CHAIN COVER 0.6MM ZIP 1,Pack,30,0,590,0,0,17700
812,2026-06-19,59,RIDER AUTO PARTS,N,15,100,ZIP 1 BRAKE SHOE FMC,Pack,240,0,240,0,0,57600
812,2026-06-19,59,RIDER AUTO PARTS,N,16,125,SILENCER BEST LIFE,Pack,6,0,1300,0,0,7800
812,2026-06-19,59,RIDER AUTO PARTS,N,17,127,"CHAIN COVER""5MM"" ZIP 1",Pack,30,0,500,0,0,15000
812,2026-06-19,59,RIDER AUTO PARTS,N,18,102,MAGNET COMPLETE CDI-70 ZIP 1,Pack,5,0,2800,0,0,14000
812,2026-06-19,59,RIDER AUTO PARTS,N,19,123,ONLY FRY WHEEL MAGNET ZIP 1,Pack,5,0,1400,0,0,7000
812,2026-06-19,59,RIDER AUTO PARTS,N,20,134,COIL PLATE COMPLETE CDI70 ZIP 1,Pack,5,0,1400,0,0,7000
813,2026-06-20,42,KHATAOMAL PANGRIO,N,1,100,ZIP 1 BRAKE SHOE FMC,Pack,150,0,250,0,0,37500
813,2026-06-20,42,KHATAOMAL PANGRIO,N,2,123,ONLY FRY WHEEL MAGNET ZIP 1,Pack,10,0,1400,0,0,14000
814,2026-06-20,333,A-ONE AUTO NUKOT,N,1,99,ZIP 1 MAGNET COIL RING CDI 70,Pack,24,0,1100,0,0,26400
814,2026-06-20,333,A-ONE AUTO NUKOT,N,2,100,ZIP 1 BRAKE SHOE FMC,Pack,60,0,255,0,0,15300
814,2026-06-20,333,A-ONE AUTO NUKOT,N,3,146,CHAIN KIT 38/15 KIXX,Pack,10,0,1000,0,0,10000
814,2026-06-20,333,A-ONE AUTO NUKOT,N,4,48,ZIP 1 CHAIN KIT RED 41-14 CD-70,Pack,10,0,1350,0,0,13500
815,2026-06-20,221,WAJAHAT SUPPLIER MARKET,N,1,65,Clutch plate FCC CD-70 Set,Pack,5,0,250,0,0,1250
816,2026-06-22,297,AWAMI AUTO FAQEERA GOTH,N,1,144,C.D.I GUTKA COIL CDI 70 ZIP1,Pack,10,0,310,0,0,3100
816,2026-06-22,297,AWAMI AUTO FAQEERA GOTH,N,2,143,CARBURETOR PZ22 ZIP 1,Pack,2,0,2050,0,0,4100
816,2026-06-22,297,AWAMI AUTO FAQEERA GOTH,N,3,100,ZIP 1 BRAKE SHOE FMC,Pack,10,0,270,0,0,2700
816,2026-06-22,297,AWAMI AUTO FAQEERA GOTH,N,4,146,CHAIN KIT 38/15 KIXX,Pack,10,0,1050,0,0,10500
816,2026-06-22,297,AWAMI AUTO FAQEERA GOTH,N,5,65,Clutch plate FCC CD-70 Set,Pack,5,0,230,0,0,1150
817,2026-06-22,229,IMRAN AUTO FAQEERA GOTH,N,1,99,ZIP 1 MAGNET COIL RING CDI 70,Pack,38,0,1000,0,0,38000
817,2026-06-22,229,IMRAN AUTO FAQEERA GOTH,N,2,98,ZIP 1 MAGNET COIL RING HERO,Pack,10,0,1000,0,0,10000
817,2026-06-22,229,IMRAN AUTO FAQEERA GOTH,N,3,95,ZIP 1 PUSH LOCK,Pack,20,0,520,0,0,10400
818,2026-06-22,25,AZAN AUTO BADIN,N,1,99,ZIP 1 MAGNET COIL RING CDI 70,Pack,48,0,900,0,0,43200
818,2026-06-22,25,AZAN AUTO BADIN,N,2,112,FRONT SHOCK CDI70-ZIP 1,Pack,5,0,4000,0,0,20000
818,2026-06-22,25,AZAN AUTO BADIN,N,3,123,ONLY FRY WHEEL MAGNET ZIP 1,Pack,10,0,1400,0,0,14000
818,2026-06-22,25,AZAN AUTO BADIN,N,4,102,MAGNET COMPLETE CDI-70 ZIP 1,Pack,10,0,2900,0,0,29000
818,2026-06-22,25,AZAN AUTO BADIN,N,5,48,ZIP 1 CHAIN KIT RED 41-14 CD-70,Pack,30,0,1300,0,0,39000
818,2026-06-22,25,AZAN AUTO BADIN,N,6,50,ZIP Spoke 2.50-17,Pack,80,0,300,0,0,24000
819,2026-06-22,60,RIZWAN SUPPLIER KORANGI,N,2,143,CARBURETOR PZ22 ZIP 1,Pack,10,0,1950,0,0,19500
819,2026-06-22,60,RIZWAN SUPPLIER KORANGI,N,3,126,"CARBURETOR PZ 16""ZIP 1""",Pack,10,0,1900,0,0,19000
820,2026-06-22,222,M.A AUTO UP,N,1,95,ZIP 1 PUSH LOCK,Pack,72,0,515,0,0,37080
821,2026-06-22,285,K.K AUTO RABIA CITY,N,1,95,ZIP 1 PUSH LOCK,Pack,30,0,520,0,0,15600
821,2026-06-22,285,K.K AUTO RABIA CITY,N,2,121,REAR SHOCK JH90 BLK RECO STAR,Pack,5,0,2400,0,0,12000
821,2026-06-22,285,K.K AUTO RABIA CITY,N,3,122,REAR SHOCK CDI70 BLK(H)RECO STAR,Pack,5,0,1980,0,0,9900
821,2026-06-22,285,K.K AUTO RABIA CITY,N,4,108,VALVE SEAL CHINA 70,Pack,200,0,9,0,0,1800
822,2026-06-22,273,RIZWAN AUTO MALIR,N,1,143,CARBURETOR PZ22 ZIP 1,Pack,3,0,2050,0,0,6150
822,2026-06-22,273,RIZWAN AUTO MALIR,N,2,146,CHAIN KIT 38/15 KIXX,Pack,20,0,1050,0,0,21000
822,2026-06-22,273,RIZWAN AUTO MALIR,N,3,51,ZIP Spoke 300-17 Long Nipple,Pack,4,0,380,0,0,1520
823,2026-06-22,231,STAR AUTO MALIR,N,1,99,ZIP 1 MAGNET COIL RING CDI 70,Pack,24,0,1050,0,0,25200
823,2026-06-22,231,STAR AUTO MALIR,N,2,143,CARBURETOR PZ22 ZIP 1,Pack,5,0,2000,0,0,10000
823,2026-06-22,231,STAR AUTO MALIR,N,3,126,"CARBURETOR PZ 16""ZIP 1""",Pack,5,0,2000,0,0,10000
823,2026-06-22,231,STAR AUTO MALIR,N,4,102,MAGNET COMPLETE CDI-70 ZIP 1,Pack,2,0,2900,0,0,5800
823,2026-06-22,231,STAR AUTO MALIR,N,5,60,CHAIN COVER 0.6MM ZIP 1,Pack,10,0,630,0,0,6300
824,2026-06-23,116,ASIF SUPPLIER ZIP 1,N,1,95,ZIP 1 PUSH LOCK,Pack,5,0,520,0,0,2600
824,2026-06-23,116,ASIF SUPPLIER ZIP 1,N,2,143,CARBURETOR PZ22 ZIP 1,Pack,1,0,2200,0,0,2200
824,2026-06-23,116,ASIF SUPPLIER ZIP 1,N,3,121,REAR SHOCK JH90 BLK RECO STAR,Pack,1,0,2400,0,0,2400
824,2026-06-23,116,ASIF SUPPLIER ZIP 1,N,4,51,ZIP Spoke 300-17 Long Nipple,Pack,4,0,375,0,0,1500
825,2026-06-23,36,HADIA K1 NORTH NAZIMABAD,N,1,143,CARBURETOR PZ22 ZIP 1,Pack,3,0,2050,0,0,6150
825,2026-06-23,36,HADIA K1 NORTH NAZIMABAD,N,2,113,FRONT SHOCK CDI125-ZIP 1,Pack,2,0,4600,0,0,9200
825,2026-06-23,36,HADIA K1 NORTH NAZIMABAD,N,3,95,ZIP 1 PUSH LOCK,Pack,5,0,520,0,0,2600
825,2026-06-23,36,HADIA K1 NORTH NAZIMABAD,N,4,60,CHAIN COVER 0.6MM ZIP 1,Pack,3,0,650,0,0,1950
826,2026-06-27,187,NASEER AUTO VINDER,N,1,121,REAR SHOCK JH90 BLK RECO STAR,Pack,1,0,2400,0,0,2400
826,2026-06-27,187,NASEER AUTO VINDER,N,3,117,REAR SHOCK GENUINE TYPE BLK-ZIP 1,Pack,1,0,2600,0,0,2600
826,2026-06-27,187,NASEER AUTO VINDER,N,3,116,REAR SHOCK GENUINE TYPE RED-ZIP 1,Pack,1,0,2600,0,0,2600
826,2026-06-27,187,NASEER AUTO VINDER,N,4,144,C.D.I GUTKA COIL CDI 70 ZIP1,Pack,20,0,310,0,0,6200
826,2026-06-27,187,NASEER AUTO VINDER,N,5,50,ZIP Spoke 2.50-17,Pack,4,0,330,0,0,1320
826,2026-06-27,187,NASEER AUTO VINDER,N,6,51,ZIP Spoke 300-17 Long Nipple,Pack,4,0,360,0,0,1440
826,2026-06-27,187,NASEER AUTO VINDER,N,7,104,CYLINDER KIT 78CM ZIP 1,Pack,2,0,2500,0,0,5000
826,2026-06-27,187,NASEER AUTO VINDER,N,8,146,CHAIN KIT 38/15 KIXX,Pack,10,0,1000,0,0,10000
827,2026-06-27,335,MAHROOF AUTO SHAH FAISAL,N,1,100,ZIP 1 BRAKE SHOE FMC,Pack,20,0,260,0,0,5200
827,2026-06-27,335,MAHROOF AUTO SHAH FAISAL,N,2,111,FRONT SHOCK  JH90 ZIP 1,Pack,2,0,4600,0,0,9200
827,2026-06-27,335,MAHROOF AUTO SHAH FAISAL,N,3,146,CHAIN KIT 38/15 KIXX,Pack,10,0,1050,0,0,10500
827,2026-06-27,335,MAHROOF AUTO SHAH FAISAL,N,4,95,ZIP 1 PUSH LOCK,Pack,5,0,530,0,0,2650
828,2026-06-27,336,DEEWAN AUTO SHAH FAISAL,N,1,126,"CARBURETOR PZ 16""ZIP 1""",Pack,2,0,2000,0,0,4000
828,2026-06-27,336,DEEWAN AUTO SHAH FAISAL,N,2,99,ZIP 1 MAGNET COIL RING CDI 70,Pack,2,0,1050,0,0,2100
828,2026-06-27,336,DEEWAN AUTO SHAH FAISAL,N,3,144,C.D.I GUTKA COIL CDI 70 ZIP1,Pack,10,0,310,0,0,3100
828,2026-06-27,336,DEEWAN AUTO SHAH FAISAL,N,4,95,ZIP 1 PUSH LOCK,Pack,2,0,520,0,0,1040
828,2026-06-27,336,DEEWAN AUTO SHAH FAISAL,N,5,60,CHAIN COVER 0.6MM ZIP 1,Pack,2,0,650,0,0,1300
828,2026-06-27,336,DEEWAN AUTO SHAH FAISAL,N,6,100,ZIP 1 BRAKE SHOE FMC,Pack,10,0,260,0,0,2600
829,2026-06-27,276,REHAN AUTO SHAH FAISAL,N,1,121,REAR SHOCK JH90 BLK RECO STAR,Pack,2,0,2450,0,0,4900
829,2026-06-27,276,REHAN AUTO SHAH FAISAL,N,2,122,REAR SHOCK CDI70 BLK(H)RECO STAR,Pack,3,0,1900,0,0,5700
829,2026-06-27,276,REHAN AUTO SHAH FAISAL,N,3,98,ZIP 1 MAGNET COIL RING HERO,Pack,5,0,1050,0,0,5250
829,2026-06-27,276,REHAN AUTO SHAH FAISAL,N,4,104,CYLINDER KIT 78CM ZIP 1,Pack,2,0,2400,0,0,4800
830,2026-06-27,123,LUCKY AUTO WATER PUMP,N,1,95,ZIP 1 PUSH LOCK,Pack,50,0,520,0,0,26000
831,2026-06-27,263,AL-MADINA AUTO WATER PUMP,N,1,95,ZIP 1 PUSH LOCK,Pack,50,0,520,0,0,26000
832,2026-06-27,68,ARIF AUTOS LANDHI,N,1,86,ZIP 1 GOLD CHAIN KIT CG-125,Pack,30,0,1700,0,0,51000
833,2026-06-27,192,SUBHAN AUTO GULSHAN 13D,N,1,104,CYLINDER KIT 78CM ZIP 1,Pack,1,0,2550,0,0,2550
833,2026-06-27,192,SUBHAN AUTO GULSHAN 13D,N,2,146,CHAIN KIT 38/15 KIXX,Pack,10,0,1000,0,0,10000
833,2026-06-27,192,SUBHAN AUTO GULSHAN 13D,N,3,143,CARBURETOR PZ22 ZIP 1,Pack,3,0,2000,0,0,6000
833,2026-06-27,192,SUBHAN AUTO GULSHAN 13D,N,4,50,ZIP Spoke 2.50-17,Pack,5,0,330,0,0,1650
833,2026-06-27,192,SUBHAN AUTO GULSHAN 13D,N,5,51,ZIP Spoke 300-17 Long Nipple,Pack,5,0,360,0,0,1800
833,2026-06-27,192,SUBHAN AUTO GULSHAN 13D,N,6,140,SPARK PLUG NIN C7HSA,Pack,50,0,75,0,0,3750
834,2026-06-27,213,YOUSUF AUTO GULLSHAN 13D,N,1,143,CARBURETOR PZ22 ZIP 1,Pack,4,0,1980,0,0,7920
834,2026-06-27,213,YOUSUF AUTO GULLSHAN 13D,N,2,64,Clutch presur plate set zip 1,Pack,10,0,275,0,0,2750
834,2026-06-27,213,YOUSUF AUTO GULLSHAN 13D,N,3,144,C.D.I GUTKA COIL CDI 70 ZIP1,Pack,10,0,310,0,0,3100
835,2026-06-27,109,BABU AUTO SINDHI HOTEL,N,1,146,CHAIN KIT 38/15 KIXX,Pack,30,0,950,0,0,28500
836,2026-06-27,178,B.S ALIYAN AUTO WATER PUMP,N,1,100,ZIP 1 BRAKE SHOE FMC,Pack,60,0,270,0,0,16200
836,2026-06-27,178,B.S ALIYAN AUTO WATER PUMP,N,2,60,CHAIN COVER 0.6MM ZIP 1,Pack,5,0,650,0,0,3250
836,2026-06-27,178,B.S ALIYAN AUTO WATER PUMP,N,3,120,FRONT SHOCK CDI.70 RECO STAR,Pack,1,0,3500,0,0,3500
836,2026-06-27,178,B.S ALIYAN AUTO WATER PUMP,N,4,143,CARBURETOR PZ22 ZIP 1,Pack,3,0,2000,0,0,6000
837,2026-06-27,218,B.S ALIYAN WATER PUMP W/RIM,N,1,125,SILENCER BEST LIFE,Pack,6,0,1350,0,0,8100
838,2026-06-27,217,BISMILLAH AUTO WATER PUMP,N,1,120,FRONT SHOCK CDI.70 RECO STAR,Pack,1,0,3600,0,0,3600
838,2026-06-27,217,BISMILLAH AUTO WATER PUMP,N,3,143,CARBURETOR PZ22 ZIP 1,Pack,3,0,2100,0,0,6300
838,2026-06-27,217,BISMILLAH AUTO WATER PUMP,N,3,99,ZIP 1 MAGNET COIL RING CDI 70,Pack,2,0,1050,0,0,2100
839,2026-06-27,246,NASIR AUTO PEOPELS CHORANGI,N,1,143,CARBURETOR PZ22 ZIP 1,Pack,2,0,2000,0,0,4000
839,2026-06-27,246,NASIR AUTO PEOPELS CHORANGI,N,2,94, SPARK PLUG C7HSA CHINA,Pack,100,0,75,0,0,7500
839,2026-06-27,246,NASIR AUTO PEOPELS CHORANGI,N,3,46,ZIP 1 CHAIN KIT GOLD 38-15 CD-70,Pack,10,0,1450,0,0,14500
840,2026-06-27,36,HADIA K1 NORTH NAZIMABAD,N,1,121,REAR SHOCK JH90 BLK RECO STAR,Pack,2,0,2400,0,0,4800
840,2026-06-27,36,HADIA K1 NORTH NAZIMABAD,N,2,122,REAR SHOCK CDI70 BLK(H)RECO STAR,Pack,1,0,2000,0,0,2000
841,2026-06-27,337,NOORANI AUTO SAFORA,N,1,104,CYLINDER KIT 78CM ZIP 1,Pack,2,0,2400,0,0,4800
841,2026-06-27,337,NOORANI AUTO SAFORA,N,2,105,CYLINDER KIT 72CM ZIP 1,Pack,1,0,2400,0,0,2400
841,2026-06-27,337,NOORANI AUTO SAFORA,N,3,99,ZIP 1 MAGNET COIL RING CDI 70,Pack,10,0,1050,0,0,10500
841,2026-06-27,337,NOORANI AUTO SAFORA,N,4,98,ZIP 1 MAGNET COIL RING HERO,Pack,2,0,1050,0,0,2100
841,2026-06-27,337,NOORANI AUTO SAFORA,N,5,94, SPARK PLUG C7HSA CHINA,Pack,50,0,75,0,0,3750
841,2026-06-27,337,NOORANI AUTO SAFORA,N,6,108,VALVE SEAL CHINA 70,Pack,100,0,9,0,0,900
841,2026-06-27,337,NOORANI AUTO SAFORA,N,7,113,FRONT SHOCK CDI125-ZIP 1,Pack,1,0,4700,0,0,4700
841,2026-06-27,337,NOORANI AUTO SAFORA,N,8,111,FRONT SHOCK  JH90 ZIP 1,Pack,1,0,4500,0,0,4500
841,2026-06-27,337,NOORANI AUTO SAFORA,N,9,122,REAR SHOCK CDI70 BLK(H)RECO STAR,Pack,1,0,1900,0,0,1900
841,2026-06-27,337,NOORANI AUTO SAFORA,N,10,143,CARBURETOR PZ22 ZIP 1,Pack,5,0,2000,0,0,10000
841,2026-06-27,337,NOORANI AUTO SAFORA,N,11,95,ZIP 1 PUSH LOCK,Pack,5,0,520,0,0,2600
841,2026-06-27,337,NOORANI AUTO SAFORA,N,12,100,ZIP 1 BRAKE SHOE FMC,Pack,120,0,260,0,0,31200
841,2026-06-27,337,NOORANI AUTO SAFORA,N,13,141,FRONT SHOCK ROD JH90 ZIP 1,Pack,1,0,1500,0,0,1500
841,2026-06-27,337,NOORANI AUTO SAFORA,N,14,144,C.D.I GUTKA COIL CDI 70 ZIP1,Pack,20,0,310,0,0,6200
841,2026-06-27,337,NOORANI AUTO SAFORA,N,15,46,ZIP 1 CHAIN KIT GOLD 38-15 CD-70,Pack,10,0,1430,0,0,14300
842,2026-06-27,281,SUBHAN ALLAH AUTO SACHAL,N,1,104,CYLINDER KIT 78CM ZIP 1,Pack,5,0,2500,0,0,12500
843,2026-06-29,270,SARWAR AUTO PEOPELS CHOWRANGI,N,1,143,CARBURETOR PZ22 ZIP 1,Pack,2,0,2000,0,0,4000
843,2026-06-29,270,SARWAR AUTO PEOPELS CHOWRANGI,N,2,126,"CARBURETOR PZ 16""ZIP 1""",Pack,2,0,2000,0,0,4000
843,2026-06-29,270,SARWAR AUTO PEOPELS CHOWRANGI,N,3,99,ZIP 1 MAGNET COIL RING CDI 70,Pack,5,0,1050,0,0,5250
843,2026-06-29,270,SARWAR AUTO PEOPELS CHOWRANGI,N,4,98,ZIP 1 MAGNET COIL RING HERO,Pack,2,0,1050,0,0,2100
843,2026-06-29,270,SARWAR AUTO PEOPELS CHOWRANGI,N,5,104,CYLINDER KIT 78CM ZIP 1,Pack,1,0,2600,0,0,2600
843,2026-06-29,270,SARWAR AUTO PEOPELS CHOWRANGI,N,6,51,ZIP Spoke 300-17 Long Nipple,Pack,10,0,360,0,0,3600
843,2026-06-29,270,SARWAR AUTO PEOPELS CHOWRANGI,N,7,95,ZIP 1 PUSH LOCK,Pack,2,0,530,0,0,1060
843,2026-06-29,270,SARWAR AUTO PEOPELS CHOWRANGI,N,8,100,ZIP 1 BRAKE SHOE FMC,Pack,10,0,275,0,0,2750
844,2026-06-29,267,HAFIZ AUTO PEHALWAN GOTH,N,1,102,MAGNET COMPLETE CDI-70 ZIP 1,Pack,1,0,3100,0,0,3100
844,2026-06-29,267,HAFIZ AUTO PEHALWAN GOTH,N,2,123,ONLY FRY WHEEL MAGNET ZIP 1,Pack,2,0,1500,0,0,3000
844,2026-06-29,267,HAFIZ AUTO PEHALWAN GOTH,N,3,141,FRONT SHOCK ROD JH90 ZIP 1,Pack,2,0,1350,0,0,2700
845,2026-06-29,192,SUBHAN AUTO GULSHAN 13D,N,1,99,ZIP 1 MAGNET COIL RING CDI 70,Pack,5,0,1050,0,0,5250
846,2026-06-29,297,AWAMI AUTO FAQEERA GOTH,N,1,50,ZIP Spoke 2.50-17,Pack,10,0,340,0,0,3400
846,2026-06-29,297,AWAMI AUTO FAQEERA GOTH,N,2,51,ZIP Spoke 300-17 Long Nipple,Pack,10,0,360,0,0,3600
847,2026-06-29,280,MINHAJ AUTO MAYMAR,N,1,99,ZIP 1 MAGNET COIL RING CDI 70,Pack,24,0,1000,0,0,24000
848,2026-06-29,282,SALEEM AUTO MAYMAR,N,1,102,MAGNET COMPLETE CDI-70 ZIP 1,Pack,2,0,3000,0,0,6000
848,2026-06-29,282,SALEEM AUTO MAYMAR,N,2,104,CYLINDER KIT 78CM ZIP 1,Pack,2,0,2500,0,0,5000
849,2026-06-29,338,REHMAN AUTO JANJAL GOTH,N,1,99,ZIP 1 MAGNET COIL RING CDI 70,Pack,10,0,1100,0,0,11000
849,2026-06-29,338,REHMAN AUTO JANJAL GOTH,N,2,50,ZIP Spoke 2.50-17,Pack,10,0,340,0,0,3400
849,2026-06-29,338,REHMAN AUTO JANJAL GOTH,N,3,51,ZIP Spoke 300-17 Long Nipple,Pack,10,0,360,0,0,3600
849,2026-06-29,338,REHMAN AUTO JANJAL GOTH,N,4,121,REAR SHOCK JH90 BLK RECO STAR,Pack,1,0,2500,0,0,2500
849,2026-06-29,338,REHMAN AUTO JANJAL GOTH,N,5,120,FRONT SHOCK CDI.70 RECO STAR,Pack,2,0,3400,0,0,6800
849,2026-06-29,338,REHMAN AUTO JANJAL GOTH,N,6,118,REAR SHOCK CDI-125 ZIP 1,Pack,2,0,3000,0,0,6000
849,2026-06-29,338,REHMAN AUTO JANJAL GOTH,N,7,113,FRONT SHOCK CDI125-ZIP 1,Pack,1,0,5000,0,0,5000
849,2026-06-29,338,REHMAN AUTO JANJAL GOTH,N,8,86,ZIP 1 GOLD CHAIN KIT CG-125,Pack,3,0,1750,0,0,5250
849,2026-06-29,338,REHMAN AUTO JANJAL GOTH,N,9,143,CARBURETOR PZ22 ZIP 1,Pack,10,0,2050,0,0,20500
849,2026-06-29,338,REHMAN AUTO JANJAL GOTH,N,10,60,CHAIN COVER 0.6MM ZIP 1,Pack,10,0,650,0,0,6500
849,2026-06-29,338,REHMAN AUTO JANJAL GOTH,N,11,104,CYLINDER KIT 78CM ZIP 1,Pack,1,0,2500,0,0,2500
849,2026-06-29,338,REHMAN AUTO JANJAL GOTH,N,12,106,CYLINDER KIT 97CM ZIP 1,Pack,1,0,2750,0,0,2750
850,2026-06-29,25,AZAN AUTO BADIN,N,1,119,FRONT SHOCK JH.90 RECO STAR,Pack,1,0,1,0,0,1
851,2026-06-29,158,PAKISTAN AUTO QUAIDABAD,N,1,99,ZIP 1 MAGNET COIL RING CDI 70,Pack,9,0,1050,0,0,9450
852,2026-06-30,166,M.A AUTO VINDER,N,1,142,REAR SHOCK JH90 RED RECO STAR,Pack,1,0,2400,0,0,2400
852,2026-06-30,166,M.A AUTO VINDER,N,2,121,REAR SHOCK JH90 BLK RECO STAR,Pack,1,0,2400,0,0,2400
852,2026-06-30,166,M.A AUTO VINDER,N,3,100,ZIP 1 BRAKE SHOE FMC,Pack,20,0,260,0,0,5200
852,2026-06-30,166,M.A AUTO VINDER,N,4,99,ZIP 1 MAGNET COIL RING CDI 70,Pack,4,0,1050,0,0,4200
853,2026-06-30,25,AZAN AUTO BADIN,N,1,141,FRONT SHOCK ROD JH90 ZIP 1,Pack,10,0,1280,0,0,12800
853,2026-06-30,25,AZAN AUTO BADIN,N,2,149,FRONT SHOCK ROD CDI125 ZIP 1,Pack,3,0,1280,0,0,3840
853,2026-06-30,25,AZAN AUTO BADIN,N,3,148,FRONT SHOCK ROD CDI70 ZIP 1,Pack,2,0,1280,0,0,2560
853,2026-06-30,25,AZAN AUTO BADIN,N,4,48,ZIP 1 CHAIN KIT RED 41-14 CD-70,Pack,30,0,1300,0,0,39000
854,2026-06-30,116,ASIF SUPPLIER ZIP 1,N,1,95,ZIP 1 PUSH LOCK,Pack,2,0,520,0,0,1040
854,2026-06-30,116,ASIF SUPPLIER ZIP 1,N,2,130,WHEEL RIM FRONT,Pack,2,0,850,0,0,1700
854,2026-06-30,116,ASIF SUPPLIER ZIP 1,N,3,125,SILENCER BEST LIFE,Pack,2,0,1500,0,0,3000
854,2026-06-30,116,ASIF SUPPLIER ZIP 1,N,4,122,REAR SHOCK CDI70 BLK(H)RECO STAR,Pack,1,0,2000,0,0,2000
855,2026-06-30,340,HAJI AUTO JAMALI PULL,N,1,99,ZIP 1 MAGNET COIL RING CDI 70,Pack,10,0,1050,0,0,10500
855,2026-06-30,340,HAJI AUTO JAMALI PULL,N,2,104,CYLINDER KIT 78CM ZIP 1,Pack,5,0,2450,0,0,12250
855,2026-06-30,340,HAJI AUTO JAMALI PULL,N,3,119,FRONT SHOCK JH.90 RECO STAR,Pack,2,0,3400,0,0,6800
855,2026-06-30,340,HAJI AUTO JAMALI PULL,N,5,144,C.D.I GUTKA COIL CDI 70 ZIP1,Pack,30,0,300,0,0,9000
855,2026-06-30,340,HAJI AUTO JAMALI PULL,N,6,95,ZIP 1 PUSH LOCK,Pack,10,0,520,0,0,5200
855,2026-06-30,340,HAJI AUTO JAMALI PULL,N,7,143,CARBURETOR PZ22 ZIP 1,Pack,6,0,2050,0,0,12300
855,2026-06-30,340,HAJI AUTO JAMALI PULL,N,8,100,ZIP 1 BRAKE SHOE FMC,Pack,30,0,260,0,0,7800
855,2026-06-30,340,HAJI AUTO JAMALI PULL,N,9,50,ZIP Spoke 2.50-17,Pack,20,0,340,0,0,6800
855,2026-06-30,340,HAJI AUTO JAMALI PULL,N,10,51,ZIP Spoke 300-17 Long Nipple,Pack,20,0,360,0,0,7200
855,2026-06-30,340,HAJI AUTO JAMALI PULL,N,11,102,MAGNET COMPLETE CDI-70 ZIP 1,Pack,3,0,2900,0,0,8700
855,2026-06-30,340,HAJI AUTO JAMALI PULL,N,12,123,ONLY FRY WHEEL MAGNET ZIP 1,Pack,3,0,1450,0,0,4350
855,2026-06-30,340,HAJI AUTO JAMALI PULL,N,13,121,REAR SHOCK JH90 BLK RECO STAR,Pack,2,0,2400,0,0,4800
855,2026-06-30,340,HAJI AUTO JAMALI PULL,N,14,142,REAR SHOCK JH90 RED RECO STAR,Pack,2,0,2400,0,0,4800
855,2026-06-30,340,HAJI AUTO JAMALI PULL,N,15,122,REAR SHOCK CDI70 BLK(H)RECO STAR,Pack,1,0,1950,0,0,1950
855,2026-06-30,340,HAJI AUTO JAMALI PULL,N,16,46,ZIP 1 CHAIN KIT GOLD 38-15 CD-70,Pack,10,0,1420,0,0,14200
855,2026-06-30,340,HAJI AUTO JAMALI PULL,N,16,118,REAR SHOCK CDI-125 ZIP 1,Pack,2,0,2950,0,0,5900
856,2026-06-30,101,A.R AUTOS BAGH-E-KORANGI,N,1,143,CARBURETOR PZ22 ZIP 1,Pack,5,0,2000,0,0,10000
856,2026-06-30,101,A.R AUTOS BAGH-E-KORANGI,N,2,100,ZIP 1 BRAKE SHOE FMC,Pack,10,0,255,0,0,2550
856,2026-06-30,101,A.R AUTOS BAGH-E-KORANGI,N,3,99,ZIP 1 MAGNET COIL RING CDI 70,Pack,5,0,1000,0,0,5000
856,2026-06-30,101,A.R AUTOS BAGH-E-KORANGI,N,4,144,C.D.I GUTKA COIL CDI 70 ZIP1,Pack,5,0,310,0,0,1550
856,2026-06-30,101,A.R AUTOS BAGH-E-KORANGI,N,5,46,ZIP 1 CHAIN KIT GOLD 38-15 CD-70,Pack,10,0,1400,0,0,14000
857,2026-06-30,341,OWAIS AUTO U.P,N,1,99,ZIP 1 MAGNET COIL RING CDI 70,Pack,10,0,1000,0,0,10000
858,2026-06-30,342,AWAMI AUTO W/RIM,N,1,130,WHEEL RIM FRONT,Pack,10,0,850,0,0,8500
858,2026-06-30,342,AWAMI AUTO W/RIM,N,2,128,WHEEL RIM REAR,Pack,10,0,850,0,0,8500
859,2026-07-01,168,B.S AUTO QUAIDABAD,N,1,104,CYLINDER KIT 78CM ZIP 1,Pack,10,0,2350,0,0,23500
859,2026-07-01,168,B.S AUTO QUAIDABAD,N,2,99,ZIP 1 MAGNET COIL RING CDI 70,Pack,24,0,950,0,0,22800
859,2026-07-01,168,B.S AUTO QUAIDABAD,N,3,143,CARBURETOR PZ22 ZIP 1,Pack,10,0,1950,0,0,19500
859,2026-07-01,168,B.S AUTO QUAIDABAD,N,4,123,ONLY FRY WHEEL MAGNET ZIP 1,Pack,5,0,1450,0,0,7250
859,2026-07-01,168,B.S AUTO QUAIDABAD,N,5,102,MAGNET COMPLETE CDI-70 ZIP 1,Pack,5,0,2900,0,0,14500
859,2026-07-01,168,B.S AUTO QUAIDABAD,N,6,141,FRONT SHOCK ROD JH90 ZIP 1,Pack,3,0,1500,0,0,4500
859,2026-07-01,168,B.S AUTO QUAIDABAD,N,7,148,FRONT SHOCK ROD CDI70 ZIP 1,Pack,1,0,1450,0,0,1450
859,2026-07-01,168,B.S AUTO QUAIDABAD,N,8,118,REAR SHOCK CDI-125 ZIP 1,Pack,2,0,2750,0,0,5500
860,2026-07-01,337,NOORANI AUTO SAFORA,N,1,65,Clutch plate FCC CD-70 Set,Pack,10,0,250,0,0,2500
861,2026-07-01,206,AKBER SUZUKI,N,1,143,CARBURETOR PZ22 ZIP 1,Pack,1,0,2000,0,0,2000
862,2026-07-02,81,TAYYABA AUTO SURJANI,N,1,46,ZIP 1 CHAIN KIT GOLD 38-15 CD-70,Pack,10,0,1400,0,0,14000
862,2026-07-02,81,TAYYABA AUTO SURJANI,N,2,140,SPARK PLUG NIN C7HSA,Pack,20,0,75,0,0,1500
862,2026-07-02,81,TAYYABA AUTO SURJANI,N,3,121,REAR SHOCK JH90 BLK RECO STAR,Pack,1,0,2400,0,0,2400
862,2026-07-02,81,TAYYABA AUTO SURJANI,N,4,122,REAR SHOCK CDI70 BLK(H)RECO STAR,Pack,3,0,2000,0,0,6000
862,2026-07-02,81,TAYYABA AUTO SURJANI,N,5,111,FRONT SHOCK  JH90 ZIP 1,Pack,3,0,4500,0,0,13500
862,2026-07-02,81,TAYYABA AUTO SURJANI,N,6,143,CARBURETOR PZ22 ZIP 1,Pack,3,0,2050,0,0,6150
862,2026-07-02,81,TAYYABA AUTO SURJANI,N,7,126,"CARBURETOR PZ 16""ZIP 1""",Pack,3,0,2000,0,0,6000
862,2026-07-02,81,TAYYABA AUTO SURJANI,N,8,95,ZIP 1 PUSH LOCK,Pack,5,0,520,0,0,2600
862,2026-07-02,81,TAYYABA AUTO SURJANI,N,9,60,CHAIN COVER 0.6MM ZIP 1,Pack,5,0,650,0,0,3250
862,2026-07-02,81,TAYYABA AUTO SURJANI,N,10,100,ZIP 1 BRAKE SHOE FMC,Pack,30,0,260,0,0,7800
862,2026-07-02,81,TAYYABA AUTO SURJANI,N,11,141,FRONT SHOCK ROD JH90 ZIP 1,Pack,5,0,1500,0,0,7500
863,2026-07-02,247,RIZWAN AUTO AZEEM PURA,N,1,99,ZIP 1 MAGNET COIL RING CDI 70,Pack,10,0,1050,0,0,10500
864,2026-07-04,148,IRFAN AUTO SHAH FAISAL,N,1,99,ZIP 1 MAGNET COIL RING CDI 70,Pack,10,0,1050,0,0,10500
864,2026-07-04,148,IRFAN AUTO SHAH FAISAL,N,2,123,ONLY FRY WHEEL MAGNET ZIP 1,Pack,5,0,1450,0,0,7250
864,2026-07-04,148,IRFAN AUTO SHAH FAISAL,N,3,95,ZIP 1 PUSH LOCK,Pack,20,0,520,0,0,10400
864,2026-07-04,148,IRFAN AUTO SHAH FAISAL,N,4,100,ZIP 1 BRAKE SHOE FMC,Pack,60,0,260,0,0,15600
865,2026-07-06,115,HONDA KARACHI PAKISTAN CHOWK,N,1,100,ZIP 1 BRAKE SHOE FMC,Pack,60,0,265,0,0,15900
866,2026-07-06,267,HAFIZ AUTO PEHALWAN GOTH,N,2,140,SPARK PLUG NIN C7HSA,Pack,40,0,75,0,0,3000
866,2026-07-06,267,HAFIZ AUTO PEHALWAN GOTH,N,2,143,CARBURETOR PZ22 ZIP 1,Pack,2,0,2000,0,0,4000
867,2026-07-06,68,ARIF AUTOS LANDHI,N,1,60,CHAIN COVER 0.6MM ZIP 1,Pack,50,0,620,0,0,31000
867,2026-07-06,68,ARIF AUTOS LANDHI,N,2,142,REAR SHOCK JH90 RED RECO STAR,Pack,3,0,2460,0,0,7380
868,2026-07-06,80,HUSSAIN AUTO AJMEER NAGRI,N,1,99,ZIP 1 MAGNET COIL RING CDI 70,Pack,5,0,1050,0,0,5250
868,2026-07-06,80,HUSSAIN AUTO AJMEER NAGRI,N,2,98,ZIP 1 MAGNET COIL RING HERO,Pack,5,0,1050,0,0,5250
868,2026-07-06,80,HUSSAIN AUTO AJMEER NAGRI,N,3,123,ONLY FRY WHEEL MAGNET ZIP 1,Pack,2,0,1450,0,0,2900
868,2026-07-06,80,HUSSAIN AUTO AJMEER NAGRI,N,4,50,ZIP Spoke 2.50-17,Pack,12,0,340,0,0,4080
868,2026-07-06,80,HUSSAIN AUTO AJMEER NAGRI,N,5,51,ZIP Spoke 300-17 Long Nipple,Pack,12,0,360,0,0,4320
868,2026-07-06,80,HUSSAIN AUTO AJMEER NAGRI,N,6,140,SPARK PLUG NIN C7HSA,Pack,200,15,69.375,0,0,13875
868,2026-07-06,80,HUSSAIN AUTO AJMEER NAGRI,N,7,111,FRONT SHOCK  JH90 ZIP 1,Pack,1,0,4600,0,0,4600
868,2026-07-06,80,HUSSAIN AUTO AJMEER NAGRI,N,8,112,FRONT SHOCK CDI70-ZIP 1,Pack,1,0,4400,0,0,4400
868,2026-07-06,80,HUSSAIN AUTO AJMEER NAGRI,N,9,122,REAR SHOCK CDI70 BLK(H)RECO STAR,Pack,2,0,2000,0,0,4000
868,2026-07-06,80,HUSSAIN AUTO AJMEER NAGRI,N,10,143,CARBURETOR PZ22 ZIP 1,Pack,3,0,2050,0,0,6150
868,2026-07-06,80,HUSSAIN AUTO AJMEER NAGRI,N,11,126,"CARBURETOR PZ 16""ZIP 1""",Pack,3,0,2000,0,0,6000
869,2026-07-06,125,MADINA AUTO SAFORA,N,1,50,ZIP Spoke 2.50-17,Pack,6,0,340,0,0,2040
869,2026-07-06,125,MADINA AUTO SAFORA,N,2,51,ZIP Spoke 300-17 Long Nipple,Pack,6,0,360,0,0,2160
869,2026-07-06,125,MADINA AUTO SAFORA,N,3,100,ZIP 1 BRAKE SHOE FMC,Pack,5,0,260,0,0,1300
869,2026-07-06,125,MADINA AUTO SAFORA,N,4,99,ZIP 1 MAGNET COIL RING CDI 70,Pack,2,0,1050,0,0,2100
869,2026-07-06,125,MADINA AUTO SAFORA,N,5,121,REAR SHOCK JH90 BLK RECO STAR,Pack,1,0,2500,0,0,2500
869,2026-07-06,125,MADINA AUTO SAFORA,N,6,94, SPARK PLUG C7HSA CHINA,Pack,10,0,75,0,0,750
869,2026-07-06,125,MADINA AUTO SAFORA,N,7,125,SILENCER BEST LIFE,Pack,1,0,1450,0,0,1450
870,2026-07-06,289,GHAZI AUTO PEHALWAN GOTH,N,1,143,CARBURETOR PZ22 ZIP 1,Pack,4,0,2000,0,0,8000
870,2026-07-06,289,GHAZI AUTO PEHALWAN GOTH,N,2,111,FRONT SHOCK  JH90 ZIP 1,Pack,2,0,4500,0,0,9000
871,2026-07-06,204,MADINA AUTO AL-ASIF SQUARE,N,1,127,"CHAIN COVER""5MM"" ZIP 1",Pack,300,0,450,0,0,135000
873,2026-07-07,220,SHAFI AUTO MEMON GOTH,N,1,119,FRONT SHOCK JH.90 RECO STAR,Pack,3,0,3400,0,0,10200
873,2026-07-07,220,SHAFI AUTO MEMON GOTH,N,2,144,C.D.I GUTKA COIL CDI 70 ZIP1,Pack,50,0,310,0,0,15500
873,2026-07-07,220,SHAFI AUTO MEMON GOTH,N,3,96,ZIP 1HEAD COMPLETE EURO,Pack,2,0,5000,0,0,10000
873,2026-07-07,220,SHAFI AUTO MEMON GOTH,N,4,143,CARBURETOR PZ22 ZIP 1,Pack,5,0,2000,0,0,10000
873,2026-07-07,220,SHAFI AUTO MEMON GOTH,N,5,65,Clutch plate FCC CD-70 Set,Pack,30,0,250,0,0,7500
873,2026-07-07,220,SHAFI AUTO MEMON GOTH,N,6,118,REAR SHOCK CDI-125 ZIP 1,Pack,2,0,3000,0,0,6000
874,2026-07-07,344,KARACHI AUTO MALIR JINNAH SQUA,N,1,99,ZIP 1 MAGNET COIL RING CDI 70,Pack,5,0,1050,0,0,5250
875,2026-07-07,345,SAMI AUTO MALIR KALA BOARD,N,1,126,"CARBURETOR PZ 16""ZIP 1""",Pack,3,0,2050,0,0,6150
875,2026-07-07,345,SAMI AUTO MALIR KALA BOARD,N,2,112,FRONT SHOCK CDI70-ZIP 1,Pack,1,0,4400,0,0,4400
875,2026-07-07,345,SAMI AUTO MALIR KALA BOARD,N,3,127,"CHAIN COVER""5MM"" ZIP 1",Pack,5,0,550,0,0,2750
876,2026-07-07,292,AL-REHMAN AUTO MALIR,N,1,99,ZIP 1 MAGNET COIL RING CDI 70,Pack,5,0,1050,0,0,5250
876,2026-07-07,292,AL-REHMAN AUTO MALIR,N,2,126,"CARBURETOR PZ 16""ZIP 1""",Pack,3,0,2050,0,0,6150
876,2026-07-07,292,AL-REHMAN AUTO MALIR,N,3,104,CYLINDER KIT 78CM ZIP 1,Pack,1,0,2450,0,0,2450
876,2026-07-07,292,AL-REHMAN AUTO MALIR,N,4,94, SPARK PLUG C7HSA CHINA,Pack,20,0,75,0,0,1500
876,2026-07-07,292,AL-REHMAN AUTO MALIR,N,5,123,ONLY FRY WHEEL MAGNET ZIP 1,Pack,2,0,1450,0,0,2900
876,2026-07-07,292,AL-REHMAN AUTO MALIR,N,6,60,CHAIN COVER 0.6MM ZIP 1,Pack,5,0,650,0,0,3250
877,2026-07-07,132,ADNAN AUTO FAST,N,1,127,"CHAIN COVER""5MM"" ZIP 1",Pack,50,0,490,0,0,24500
877,2026-07-07,132,ADNAN AUTO FAST,N,2,51,ZIP Spoke 300-17 Long Nipple,Pack,80,0,356.25,0,0,28500
877,2026-07-07,132,ADNAN AUTO FAST,N,3,98,ZIP 1 MAGNET COIL RING HERO,Pack,24,0,950,0,0,22800
878,2026-07-07,116,ASIF SUPPLIER ZIP 1,N,1,100,ZIP 1 BRAKE SHOE FMC,Pack,20,0,260,0,0,5200
878,2026-07-07,116,ASIF SUPPLIER ZIP 1,N,2,99,ZIP 1 MAGNET COIL RING CDI 70,Pack,3,0,1150,0,0,3450
878,2026-07-07,116,ASIF SUPPLIER ZIP 1,N,3,46,ZIP 1 CHAIN KIT GOLD 38-15 CD-70,Pack,3,0,1450,0,0,4350
878,2026-07-07,116,ASIF SUPPLIER ZIP 1,N,4,127,"CHAIN COVER""5MM"" ZIP 1",Pack,6,0,550,0,0,3300
878,2026-07-07,116,ASIF SUPPLIER ZIP 1,N,5,51,ZIP Spoke 300-17 Long Nipple,Pack,5,0,375,0,0,1875
879,2026-07-07,70,UNIQUE AUTOS LANDHI,N,1,100,ZIP 1 BRAKE SHOE FMC,Pack,600,0,285,0,0,171000
880,2026-07-07,238,IMRAN AUTO SHER PAO,N,1,119,FRONT SHOCK JH.90 RECO STAR,Pack,2,0,3500,0,0,7000
880,2026-07-07,238,IMRAN AUTO SHER PAO,N,2,113,FRONT SHOCK CDI125-ZIP 1,Pack,1,0,4700,0,0,4700
880,2026-07-07,238,IMRAN AUTO SHER PAO,N,3,99,ZIP 1 MAGNET COIL RING CDI 70,Pack,5,0,1050,0,0,5250
880,2026-07-07,238,IMRAN AUTO SHER PAO,N,4,143,CARBURETOR PZ22 ZIP 1,Pack,5,0,2050,0,0,10250
880,2026-07-07,238,IMRAN AUTO SHER PAO,N,5,94, SPARK PLUG C7HSA CHINA,Pack,50,0,75,0,0,3750
880,2026-07-07,238,IMRAN AUTO SHER PAO,N,6,141,FRONT SHOCK ROD JH90 ZIP 1,Pack,2,0,1450,0,0,2900
880,2026-07-07,238,IMRAN AUTO SHER PAO,N,7,123,ONLY FRY WHEEL MAGNET ZIP 1,Pack,1,0,1450,0,0,1450
880,2026-07-07,238,IMRAN AUTO SHER PAO,N,8,122,REAR SHOCK CDI70 BLK(H)RECO STAR,Pack,1,0,1900,0,0,1900
881,2026-07-07,234,QUETTA AUTO SHERPAO,N,1,100,ZIP 1 BRAKE SHOE FMC,Pack,60,0,260,0,0,15600
882,2026-07-07,342,AWAMI AUTO W/RIM,N,1,130,WHEEL RIM FRONT,Pack,10,0,850,0,0,8500
882,2026-07-07,342,AWAMI AUTO W/RIM,N,2,128,WHEEL RIM REAR,Pack,10,0,850,0,0,8500
883,2026-07-07,239,AL-HAJ AUTO MANSERA COLONY,N,1,104,CYLINDER KIT 78CM ZIP 1,Pack,2,0,2400,0,0,4800
883,2026-07-07,239,AL-HAJ AUTO MANSERA COLONY,N,2,100,ZIP 1 BRAKE SHOE FMC,Pack,50,0,260,0,0,13000
884,2026-07-08,298,IQBAL AUTO QAIDABAD,N,1,126,"CARBURETOR PZ 16""ZIP 1""",Pack,2,0,2050,0,0,4100
885,2026-07-08,245,IMRAN AUTO MALIR,N,1,99,ZIP 1 MAGNET COIL RING CDI 70,Pack,24,0,1000,0,0,24000
886,2026-07-08,215,M/S AUTO GULLSHAN 13D,N,1,144,C.D.I GUTKA COIL CDI 70 ZIP1,Pack,10,0,310,0,0,3100
886,2026-07-08,215,M/S AUTO GULLSHAN 13D,N,2,119,FRONT SHOCK JH.90 RECO STAR,Pack,2,0,3700,0,0,7400
886,2026-07-08,215,M/S AUTO GULLSHAN 13D,N,3,122,REAR SHOCK CDI70 BLK(H)RECO STAR,Pack,1,0,2000,0,0,2000
886,2026-07-08,215,M/S AUTO GULLSHAN 13D,N,4,60,CHAIN COVER 0.6MM ZIP 1,Pack,3,0,650,0,0,1950
887,2026-07-08,216,M/S AUTO 13D W/RIM,N,1,130,WHEEL RIM FRONT,Pack,5,0,840,0,0,4200
887,2026-07-08,216,M/S AUTO 13D W/RIM,N,2,128,WHEEL RIM REAR,Pack,5,0,840,0,0,4200
888,2026-07-08,231,STAR AUTO MALIR,N,1,143,CARBURETOR PZ22 ZIP 1,Pack,5,0,2000,0,0,10000
888,2026-07-08,231,STAR AUTO MALIR,N,2,126,"CARBURETOR PZ 16""ZIP 1""",Pack,5,0,2000,0,0,10000
888,2026-07-08,231,STAR AUTO MALIR,N,3,102,MAGNET COMPLETE CDI-70 ZIP 1,Pack,3,0,2900,0,0,8700
888,2026-07-08,231,STAR AUTO MALIR,N,4,106,CYLINDER KIT 97CM ZIP 1,Pack,1,0,2900,0,0,2900
888,2026-07-08,231,STAR AUTO MALIR,N,5,135,CARBURETOR PZ27 CDI 125,Pack,5,0,2300,0,0,11500
889,2026-07-09,299,HASHTAG TRADERS LANDHI 6,N,1,104,CYLINDER KIT 78CM ZIP 1,Pack,5,0,2350,0,0,11750
889,2026-07-09,299,HASHTAG TRADERS LANDHI 6,N,2,108,VALVE SEAL CHINA 70,Pack,100,0,9,0,0,900
889,2026-07-09,299,HASHTAG TRADERS LANDHI 6,N,3,140,SPARK PLUG NIN C7HSA,Pack,200,15,69.375,0,0,13875
889,2026-07-09,299,HASHTAG TRADERS LANDHI 6,N,4,99,ZIP 1 MAGNET COIL RING CDI 70,Pack,5,0,1000,0,0,5000
890,2026-07-09,192,SUBHAN AUTO GULSHAN 13D,N,1,119,FRONT SHOCK JH.90 RECO STAR,Pack,2,0,3800,0,0,7600
891,2026-07-09,213,YOUSUF AUTO GULLSHAN 13D,N,1,94, SPARK PLUG C7HSA CHINA,Pack,20,0,75,0,0,1500
891,2026-07-09,213,YOUSUF AUTO GULLSHAN 13D,N,2,95,ZIP 1 PUSH LOCK,Pack,4,0,530,0,0,2120
892,2026-07-09,82,JUNAID AUTO AGRA TAJ,N,1,104,CYLINDER KIT 78CM ZIP 1,Pack,8,0,2500,0,0,20000
892,2026-07-09,82,JUNAID AUTO AGRA TAJ,N,2,99,ZIP 1 MAGNET COIL RING CDI 70,Pack,24,0,1000,0,0,24000
892,2026-07-09,82,JUNAID AUTO AGRA TAJ,N,3,102,MAGNET COMPLETE CDI-70 ZIP 1,Pack,3,0,3000,0,0,9000
892,2026-07-09,82,JUNAID AUTO AGRA TAJ,N,4,154,CARBURETOR PZ18 EURO2,Pack,5,0,2050,0,0,10250
893,2026-07-09,132,ADNAN AUTO FAST,N,1,99,ZIP 1 MAGNET COIL RING CDI 70,Pack,24,0,950,0,0,22800
894,2026-07-10,167,QADRI AUTO SHAH FAISAL,N,1,143,CARBURETOR PZ22 ZIP 1,Pack,4,0,2000,0,0,8000
894,2026-07-10,167,QADRI AUTO SHAH FAISAL,N,2,104,CYLINDER KIT 78CM ZIP 1,Pack,2,0,2500,0,0,5000
894,2026-07-10,167,QADRI AUTO SHAH FAISAL,N,3,102,MAGNET COMPLETE CDI-70 ZIP 1,Pack,2,0,3000,0,0,6000
894,2026-07-10,167,QADRI AUTO SHAH FAISAL,N,4,123,ONLY FRY WHEEL MAGNET ZIP 1,Pack,2,0,1450,0,0,2900
894,2026-07-10,167,QADRI AUTO SHAH FAISAL,N,5,140,SPARK PLUG NIN C7HSA,Pack,200,15,69.375,0,0,13875
895,2026-07-10,69,WAQAS AUTOS ISLAM CHOWK,N,1,143,CARBURETOR PZ22 ZIP 1,Pack,30,0,1940,3,60,58200
895,2026-07-10,69,WAQAS AUTOS ISLAM CHOWK,N,2,46,ZIP 1 CHAIN KIT GOLD 38-15 CD-70,Pack,50,0,1406.5,3,43.5,70325
895,2026-07-10,69,WAQAS AUTOS ISLAM CHOWK,N,3,104,CYLINDER KIT 78CM ZIP 1,Pack,10,0,2522,3,78,25220
895,2026-07-10,69,WAQAS AUTOS ISLAM CHOWK,N,4,119,FRONT SHOCK JH.90 RECO STAR,Pack,5,0,3492,3,108,17460
895,2026-07-10,69,WAQAS AUTOS ISLAM CHOWK,N,5,140,SPARK PLUG NIN C7HSA,Pack,400,40,65.475,3,2.25,26190
895,2026-07-10,69,WAQAS AUTOS ISLAM CHOWK,N,6,60,CHAIN COVER 0.6MM ZIP 1,Pack,30,0,635.35,3,19.65,19060.5
895,2026-07-10,69,WAQAS AUTOS ISLAM CHOWK,N,7,102,MAGNET COMPLETE CDI-70 ZIP 1,Pack,3,0,2958.5,3,91.5,8875.5
895,2026-07-10,69,WAQAS AUTOS ISLAM CHOWK,N,8,123,ONLY FRY WHEEL MAGNET ZIP 1,Pack,3,0,1503.5,3,46.5,4510.5
896,2026-07-10,153,JUNAID AUTO SHAHFAISAL,N,1,135,CARBURETOR PZ27 CDI 125,Pack,5,0,2037,3,63,10185
896,2026-07-10,153,JUNAID AUTO SHAHFAISAL,N,2,104,CYLINDER KIT 78CM ZIP 1,Pack,4,0,2522,3,78,10088
897,2026-07-10,57,RANA AUTOS LANDHI,N,1,46,ZIP 1 CHAIN KIT GOLD 38-15 CD-70,Pack,50,0,1406.5,3,43.5,70325
898,2026-07-10,287,HAFEEZ AUTO GHAZI GOTH,N,1,144,C.D.I GUTKA COIL CDI 70 ZIP1,Pack,30,0,310,0,0,9300
898,2026-07-10,287,HAFEEZ AUTO GHAZI GOTH,N,2,51,ZIP Spoke 300-17 Long Nipple,Pack,120,0,360,0,0,43200
898,2026-07-10,287,HAFEEZ AUTO GHAZI GOTH,N,3,135,CARBURETOR PZ27 CDI 125,Pack,10,0,2250,0,0,22500
899,2026-07-10,336,DEEWAN AUTO SHAH FAISAL,N,1,144,C.D.I GUTKA COIL CDI 70 ZIP1,Pack,10,0,310,0,0,3100
899,2026-07-10,336,DEEWAN AUTO SHAH FAISAL,N,2,104,CYLINDER KIT 78CM ZIP 1,Pack,1,0,2500,0,0,2500
899,2026-07-10,336,DEEWAN AUTO SHAH FAISAL,N,3,94, SPARK PLUG C7HSA CHINA,Pack,20,0,75,0,0,1500
900,2026-07-10,293,SIDDIQUE AUTO LANDHI,N,1,105,CYLINDER KIT 72CM ZIP 1,Pack,1,0,2550,0,0,2550
900,2026-07-10,293,SIDDIQUE AUTO LANDHI,N,2,126,"CARBURETOR PZ 16""ZIP 1""",Pack,1,0,1950,0,0,1950
900,2026-07-10,293,SIDDIQUE AUTO LANDHI,N,3,100,ZIP 1 BRAKE SHOE FMC,Pack,7,0,260,0,0,1820
901,2026-07-11,47,MASHOOD SUPPLIER,N,1,127,"CHAIN COVER""5MM"" ZIP 1",Pack,1,0,420,0,0,420
901,2026-07-11,47,MASHOOD SUPPLIER,N,2,125,SILENCER BEST LIFE,Pack,1,0,1150,0,0,1150
901,2026-07-11,47,MASHOOD SUPPLIER,N,3,104,CYLINDER KIT 78CM ZIP 1,Pack,1,0,2000,0,0,2000
901,2026-07-11,47,MASHOOD SUPPLIER,N,4,64,Clutch presur plate set zip 1,Pack,1,0,230,0,0,230
902,2026-07-11,60,RIZWAN SUPPLIER KORANGI,N,1,100,ZIP 1 BRAKE SHOE FMC,Pack,180,0,276.45,3,8.55,49761
903,2026-07-11,57,RANA AUTOS LANDHI,N,1,100,ZIP 1 BRAKE SHOE FMC,Pack,120,0,276.45,3,8.55,33174
904,2026-07-11,287,HAFEEZ AUTO GHAZI GOTH,N,1,100,ZIP 1 BRAKE SHOE FMC,Pack,60,0,260,0,0,15600
905,2026-07-11,336,DEEWAN AUTO SHAH FAISAL,N,1,100,ZIP 1 BRAKE SHOE FMC,Pack,10,0,265,0,0,2650
906,2026-07-11,204,MADINA AUTO AL-ASIF SQUARE,N,1,126,"CARBURETOR PZ 16""ZIP 1""",Pack,10,0,1880,0,0,18800
906,2026-07-11,204,MADINA AUTO AL-ASIF SQUARE,N,2,51,ZIP Spoke 300-17 Long Nipple,Pack,200,0,315,0,0,63000
906,2026-07-11,204,MADINA AUTO AL-ASIF SQUARE,N,3,99,ZIP 1 MAGNET COIL RING CDI 70,Pack,48,0,880,0,0,42240
906,2026-07-11,204,MADINA AUTO AL-ASIF SQUARE,N,4,98,ZIP 1 MAGNET COIL RING HERO,Pack,5,0,880,0,0,4400
907,2026-07-11,192,SUBHAN AUTO GULSHAN 13D,N,1,104,CYLINDER KIT 78CM ZIP 1,Pack,2,0,2600,0,0,5200
908,2026-07-13,347,S.K AUTO PEHALWAN GOTH,N,1,46,ZIP 1 CHAIN KIT GOLD 38-15 CD-70,Pack,2,0,1450,0,0,2900
908,2026-07-13,347,S.K AUTO PEHALWAN GOTH,N,2,57,ZIP 1 CHAIN KIT Gold 41-14 CD-70,Pack,2,0,1450,0,0,2900
909,2026-07-13,348,MUKHTAR AUTO KAMRAN CHORANGI,N,1,143,CARBURETOR PZ22 ZIP 1,Pack,3,0,2050,0,0,6150
909,2026-07-13,348,MUKHTAR AUTO KAMRAN CHORANGI,N,2,154,CARBURETOR PZ18 EURO2,Pack,2,0,2050,0,0,4100
909,2026-07-13,348,MUKHTAR AUTO KAMRAN CHORANGI,N,3,119,FRONT SHOCK JH.90 RECO STAR,Pack,2,0,3500,0,0,7000
909,2026-07-13,348,MUKHTAR AUTO KAMRAN CHORANGI,N,4,120,FRONT SHOCK CDI.70 RECO STAR,Pack,1,0,3400,0,0,3400
910,2026-07-13,36,HADIA K1 NORTH NAZIMABAD,N,1,99,ZIP 1 MAGNET COIL RING CDI 70,Pack,5,0,1050,0,0,5250
911,2026-07-13,58,RAZA AUTOS KORANGI,N,1,119,FRONT SHOCK JH.90 RECO STAR,Pack,3,0,3400,0,0,10200
911,2026-07-13,58,RAZA AUTOS KORANGI,N,2,141,FRONT SHOCK ROD JH90 ZIP 1,Pack,2,0,1450,0,0,2900
912,2026-07-13,222,M.A AUTO UP,N,1,99,ZIP 1 MAGNET COIL RING CDI 70,Pack,24,0,1067,3,33,25608
912,2026-07-13,222,M.A AUTO UP,N,2,98,ZIP 1 MAGNET COIL RING HERO,Pack,24,0,1067,3,33,25608
912,2026-07-13,222,M.A AUTO UP,N,3,106,CYLINDER KIT 97CM ZIP 1,Pack,8,0,2910,3,90,23280
912,2026-07-13,222,M.A AUTO UP,N,4,123,ONLY FRY WHEEL MAGNET ZIP 1,Pack,10,0,1503.5,3,46.5,15035
912,2026-07-13,222,M.A AUTO UP,N,5,46,ZIP 1 CHAIN KIT GOLD 38-15 CD-70,Pack,25,0,1406.5,3,43.5,35162.5
912,2026-07-13,222,M.A AUTO UP,N,6,143,CARBURETOR PZ22 ZIP 1,Pack,40,0,1940,3,60,77600
912,2026-07-13,222,M.A AUTO UP,N,7,127,"CHAIN COVER""5MM"" ZIP 1",Pack,100,0,527.25,5,27.75,52725
912,2026-07-13,222,M.A AUTO UP,N,8,60,CHAIN COVER 0.6MM ZIP 1,Pack,50,0,622.25,5,32.75,31112.5
912,2026-07-13,222,M.A AUTO UP,N,9,65,Clutch plate FCC CD-70 Set,Pack,45,0,242.5,3,7.5,10912.5
913,2026-07-13,153,JUNAID AUTO SHAHFAISAL,N,1,119,FRONT SHOCK JH.90 RECO STAR,Pack,5,0,3492,3,108,17460
913,2026-07-13,153,JUNAID AUTO SHAHFAISAL,N,2,140,SPARK PLUG NIN C7HSA,Pack,400,40,65.475,3,2.25,26190
914,2026-07-13,68,ARIF AUTOS LANDHI,N,1,104,CYLINDER KIT 78CM ZIP 1,Pack,5,0,2522,3,78,12610
914,2026-07-13,68,ARIF AUTOS LANDHI,N,2,99,ZIP 1 MAGNET COIL RING CDI 70,Pack,24,0,1067,3,33,25608
914,2026-07-13,68,ARIF AUTOS LANDHI,N,3,140,SPARK PLUG NIN C7HSA,Pack,400,40,65.475,3,2.25,26190
914,2026-07-13,68,ARIF AUTOS LANDHI,N,4,135,CARBURETOR PZ27 CDI 125,Pack,10,0,2016,4,84,20160
914,2026-07-13,68,ARIF AUTOS LANDHI,N,5,141,FRONT SHOCK ROD JH90 ZIP 1,Pack,3,0,1261,3,39,3783
915,2026-07-13,321,NASEER AUTO LIYARI 36,N,1,99,ZIP 1 MAGNET COIL RING CDI 70,Pack,5,0,1067,3,33,5335
915,2026-07-13,321,NASEER AUTO LIYARI 36,N,2,98,ZIP 1 MAGNET COIL RING HERO,Pack,5,0,1067,3,33,5335
915,2026-07-13,321,NASEER AUTO LIYARI 36,N,3,94, SPARK PLUG C7HSA CHINA,Pack,50,0,72.75,3,2.25,3637.5
915,2026-07-13,321,NASEER AUTO LIYARI 36,N,4,46,ZIP 1 CHAIN KIT GOLD 38-15 CD-70,Pack,10,0,1406.5,3,43.5,14065
915,2026-07-13,321,NASEER AUTO LIYARI 36,N,5,142,REAR SHOCK JH90 RED RECO STAR,Pack,1,0,2328,3,72,2328
915,2026-07-13,321,NASEER AUTO LIYARI 36,N,6,119,FRONT SHOCK JH.90 RECO STAR,Pack,1,0,3492,3,108,3492
915,2026-07-13,321,NASEER AUTO LIYARI 36,N,7,143,CARBURETOR PZ22 ZIP 1,Pack,5,0,1940,3,60,9700
915,2026-07-13,321,NASEER AUTO LIYARI 36,N,8,100,ZIP 1 BRAKE SHOE FMC,Pack,30,0,276.45,3,8.55,8293.5
915,2026-07-13,321,NASEER AUTO LIYARI 36,N,9,125,SILENCER BEST LIFE,Pack,6,0,1358,3,42,8148
915,2026-07-13,321,NASEER AUTO LIYARI 36,N,10,126,"CARBURETOR PZ 16""ZIP 1""",Pack,5,0,1940,3,60,9700
916,2026-07-14,164,STAR AUTO MAYMAR,N,1,126,"CARBURETOR PZ 16""ZIP 1""",Pack,1,0,2000,0,0,2000
916,2026-07-14,164,STAR AUTO MAYMAR,N,2,99,ZIP 1 MAGNET COIL RING CDI 70,Pack,20,0,1050,0,0,21000
916,2026-07-14,164,STAR AUTO MAYMAR,N,3,98,ZIP 1 MAGNET COIL RING HERO,Pack,2,0,1050,0,0,2100
916,2026-07-14,164,STAR AUTO MAYMAR,N,4,104,CYLINDER KIT 78CM ZIP 1,Pack,4,0,2450,0,0,9800
916,2026-07-14,164,STAR AUTO MAYMAR,N,5,105,CYLINDER KIT 72CM ZIP 1,Pack,2,0,2450,0,0,4900
916,2026-07-14,164,STAR AUTO MAYMAR,N,6,140,SPARK PLUG NIN C7HSA,Pack,200,15,69.375,0,0,13875
916,2026-07-14,164,STAR AUTO MAYMAR,N,7,60,CHAIN COVER 0.6MM ZIP 1,Pack,20,0,630,0,0,12600
917,2026-07-14,281,SUBHAN ALLAH AUTO SACHAL,N,1,104,CYLINDER KIT 78CM ZIP 1,Pack,5,0,2500,0,0,12500
917,2026-07-14,281,SUBHAN ALLAH AUTO SACHAL,N,2,105,CYLINDER KIT 72CM ZIP 1,Pack,2,0,2500,0,0,5000
917,2026-07-14,281,SUBHAN ALLAH AUTO SACHAL,N,3,123,ONLY FRY WHEEL MAGNET ZIP 1,Pack,5,0,1450,0,0,7250
917,2026-07-14,281,SUBHAN ALLAH AUTO SACHAL,N,4,102,MAGNET COMPLETE CDI-70 ZIP 1,Pack,5,0,2950,0,0,14750
917,2026-07-14,281,SUBHAN ALLAH AUTO SACHAL,N,5,99,ZIP 1 MAGNET COIL RING CDI 70,Pack,10,0,1050,0,0,10500
918,2026-07-14,349,SALEEM AUTO HASNABAD,N,1,99,ZIP 1 MAGNET COIL RING CDI 70,Pack,10,0,1050,0,0,10500
918,2026-07-14,349,SALEEM AUTO HASNABAD,N,2,98,ZIP 1 MAGNET COIL RING HERO,Pack,3,0,1050,0,0,3150
918,2026-07-14,349,SALEEM AUTO HASNABAD,N,3,104,CYLINDER KIT 78CM ZIP 1,Pack,1,0,2450,0,0,2450
918,2026-07-14,349,SALEEM AUTO HASNABAD,N,4,105,CYLINDER KIT 72CM ZIP 1,Pack,1,0,2450,0,0,2450
918,2026-07-14,349,SALEEM AUTO HASNABAD,N,5,94, SPARK PLUG C7HSA CHINA,Pack,30,0,75,0,0,2250
918,2026-07-14,349,SALEEM AUTO HASNABAD,N,6,102,MAGNET COMPLETE CDI-70 ZIP 1,Pack,1,0,2900,0,0,2900
919,2026-07-14,308,SHAN AUTO MALIR,N,1,104,CYLINDER KIT 78CM ZIP 1,Pack,1,0,2450,0,0,2450
919,2026-07-14,308,SHAN AUTO MALIR,N,2,101,PRESURE PLATE SET-ZIP 1,Pack,10,0,125,0,0,1250
919,2026-07-14,308,SHAN AUTO MALIR,N,3,127,"CHAIN COVER""5MM"" ZIP 1",Pack,5,0,550,0,0,2750
919,2026-07-14,308,SHAN AUTO MALIR,N,4,60,CHAIN COVER 0.6MM ZIP 1,Pack,5,0,650,0,0,3250
919,2026-07-14,308,SHAN AUTO MALIR,N,5,125,SILENCER BEST LIFE,Pack,1,0,1450,0,0,1450
919,2026-07-14,308,SHAN AUTO MALIR,N,6,50,ZIP Spoke 2.50-17,Pack,2,0,340,0,0,680
919,2026-07-14,308,SHAN AUTO MALIR,N,7,51,ZIP Spoke 300-17 Long Nipple,Pack,2,0,360,0,0,720
920,2026-07-14,116,ASIF SUPPLIER ZIP 1,N,1,143,CARBURETOR PZ22 ZIP 1,Pack,2,0,2200,0,0,4400
920,2026-07-14,116,ASIF SUPPLIER ZIP 1,N,2,99,ZIP 1 MAGNET COIL RING CDI 70,Pack,2,0,1150,0,0,2300
920,2026-07-14,116,ASIF SUPPLIER ZIP 1,N,3,51,ZIP Spoke 300-17 Long Nipple,Pack,12,0,375,0,0,4500
921,2026-07-14,153,JUNAID AUTO SHAHFAISAL,N,1,104,CYLINDER KIT 78CM ZIP 1,Pack,8,0,2522,3,78,20176
922,2026-07-15,71,HAMZA KHAN AUTOS ORANGI TOWN,N,1,102,MAGNET COMPLETE CDI-70 ZIP 1,Pack,5,0,2958.5,3,91.5,14792.5
922,2026-07-15,71,HAMZA KHAN AUTOS ORANGI TOWN,N,2,123,ONLY FRY WHEEL MAGNET ZIP 1,Pack,5,0,1503.5,3,46.5,7517.5
922,2026-07-15,71,HAMZA KHAN AUTOS ORANGI TOWN,N,3,155,SPOKE 2X50X17 ZIP 1,Pack,80,0,315.25,3,9.75,25220
922,2026-07-15,71,HAMZA KHAN AUTOS ORANGI TOWN,N,4,51,ZIP Spoke 300-17 Long Nipple,Pack,80,0,363.75,3,11.25,29100
922,2026-07-15,71,HAMZA KHAN AUTOS ORANGI TOWN,N,5,140,SPARK PLUG NIN C7HSA,Pack,400,40,65.475,3,2.25,26190
922,2026-07-15,71,HAMZA KHAN AUTOS ORANGI TOWN,N,6,143,CARBURETOR PZ22 ZIP 1,Pack,5,0,1940,3,60,9700
922,2026-07-15,71,HAMZA KHAN AUTOS ORANGI TOWN,N,8,95,ZIP 1 PUSH LOCK,Pack,50,0,523.8,3,16.2,26190
923,2026-07-15,150,M UMER BADIN,N,1,57,ZIP 1 CHAIN KIT Gold 41-14 CD-70,Pack,90,0,1400,0,0,126000
923,2026-07-15,150,M UMER BADIN,N,2,95,ZIP 1 PUSH LOCK,Pack,72,0,530,0,0,38160
923,2026-07-15,150,M UMER BADIN,N,3,100,ZIP 1 BRAKE SHOE FMC,Pack,720,0,265,0,0,190800
924,2026-07-15,68,ARIF AUTOS LANDHI,N,1,95,ZIP 1 PUSH LOCK,Pack,50,0,523.8,3,16.2,26190
925,2026-07-15,153,JUNAID AUTO SHAHFAISAL,N,1,95,ZIP 1 PUSH LOCK,Pack,50,0,523.8,3,16.2,26190
926,2026-07-15,222,M.A AUTO UP,N,1,95,ZIP 1 PUSH LOCK,Pack,50,0,523.8,3,16.2,26190
927,2026-07-15,69,WAQAS AUTOS ISLAM CHOWK,N,1,95,ZIP 1 PUSH LOCK,Pack,50,0,523.8,3,16.2,26190
928,2026-07-15,82,JUNAID AUTO AGRA TAJ,N,1,95,ZIP 1 PUSH LOCK,Pack,50,0,523.8,3,16.2,26190
929,2026-07-15,70,UNIQUE AUTOS LANDHI,N,1,95,ZIP 1 PUSH LOCK,Pack,50,0,523.8,3,16.2,26190
930,2026-07-15,132,ADNAN AUTO FAST,N,1,155,SPOKE 2X50X17 ZIP 1,Pack,80,0,312.5,0,0,25000
931,2026-07-15,231,STAR AUTO MALIR,N,1,99,ZIP 1 MAGNET COIL RING CDI 70,Pack,24,0,1050,0,0,25200
931,2026-07-15,231,STAR AUTO MALIR,N,2,98,ZIP 1 MAGNET COIL RING HERO,Pack,5,0,1050,0,0,5250
932,2026-07-15,287,HAFEEZ AUTO GHAZI GOTH,N,1,155,SPOKE 2X50X17 ZIP 1,Pack,120,0,300,0,0,36000
933,2026-07-15,243,KAZIM AUTO BAG E KORANGI,N,1,99,ZIP 1 MAGNET COIL RING CDI 70,Pack,24,0,1067,3,33,25608
933,2026-07-15,243,KAZIM AUTO BAG E KORANGI,N,2,98,ZIP 1 MAGNET COIL RING HERO,Pack,5,0,1067,3,33,5335
933,2026-07-15,243,KAZIM AUTO BAG E KORANGI,N,3,140,SPARK PLUG NIN C7HSA,Pack,200,15,67.29375,3,2.25,13458.75
933,2026-07-15,243,KAZIM AUTO BAG E KORANGI,N,4,104,CYLINDER KIT 78CM ZIP 1,Pack,4,0,2522,3,78,10088
933,2026-07-15,243,KAZIM AUTO BAG E KORANGI,N,5,143,CARBURETOR PZ22 ZIP 1,Pack,4,0,1940,3,60,7760
933,2026-07-15,243,KAZIM AUTO BAG E KORANGI,N,6,127,"CHAIN COVER""5MM"" ZIP 1",Pack,10,0,538.35,3,16.65,5383.5
933,2026-07-15,243,KAZIM AUTO BAG E KORANGI,N,7,60,CHAIN COVER 0.6MM ZIP 1,Pack,10,0,635.35,3,19.65,6353.5
933,2026-07-15,243,KAZIM AUTO BAG E KORANGI,N,8,125,SILENCER BEST LIFE,Pack,6,0,1358,3,42,8148
933,2026-07-15,243,KAZIM AUTO BAG E KORANGI,N,9,95,ZIP 1 PUSH LOCK,Pack,10,0,523.8,3,16.2,5238
933,2026-07-15,243,KAZIM AUTO BAG E KORANGI,N,10,119,FRONT SHOCK JH.90 RECO STAR,Pack,2,0,3492,3,108,6984
933,2026-07-15,243,KAZIM AUTO BAG E KORANGI,N,11,120,FRONT SHOCK CDI.70 RECO STAR,Pack,1,0,3298,3,102,3298
933,2026-07-15,243,KAZIM AUTO BAG E KORANGI,N,12,122,REAR SHOCK CDI70 BLK(H)RECO STAR,Pack,1,0,1891.5,3,58.5,1891.5
934,2026-07-15,350,HUZAIFA AUTO KORANGI 5/1,N,1,123,ONLY FRY WHEEL MAGNET ZIP 1,Pack,2,0,1450,0,0,2900
934,2026-07-15,350,HUZAIFA AUTO KORANGI 5/1,N,2,104,CYLINDER KIT 78CM ZIP 1,Pack,2,0,2500,0,0,5000
934,2026-07-15,350,HUZAIFA AUTO KORANGI 5/1,N,3,95,ZIP 1 PUSH LOCK,Pack,5,0,520,0,0,2600
934,2026-07-15,350,HUZAIFA AUTO KORANGI 5/1,N,4,99,ZIP 1 MAGNET COIL RING CDI 70,Pack,4,0,1050,0,0,4200
934,2026-07-15,350,HUZAIFA AUTO KORANGI 5/1,N,5,98,ZIP 1 MAGNET COIL RING HERO,Pack,2,0,1050,0,0,2100
934,2026-07-15,350,HUZAIFA AUTO KORANGI 5/1,N,6,100,ZIP 1 BRAKE SHOE FMC,Pack,10,0,260,0,0,2600
934,2026-07-15,350,HUZAIFA AUTO KORANGI 5/1,N,7,102,MAGNET COMPLETE CDI-70 ZIP 1,Pack,1,0,3000,0,0,3000
935,2026-07-16,295,SIDDIQUE AUTO BILAL COLONY,N,1,95,ZIP 1 PUSH LOCK,Pack,10,0,530,0,0,5300
935,2026-07-16,295,SIDDIQUE AUTO BILAL COLONY,N,2,123,ONLY FRY WHEEL MAGNET ZIP 1,Pack,2,0,1550,0,0,3100
935,2026-07-16,295,SIDDIQUE AUTO BILAL COLONY,N,3,111,FRONT SHOCK  JH90 ZIP 1,Pack,1,0,4700,0,0,4700
935,2026-07-16,295,SIDDIQUE AUTO BILAL COLONY,N,4,143,CARBURETOR PZ22 ZIP 1,Pack,2,0,2000,0,0,4000
936,2026-07-16,173,B.S AUTO FARZAN BAK KORANGI,N,1,98,ZIP 1 MAGNET COIL RING HERO,Pack,3,0,1100,0,0,3300
936,2026-07-16,173,B.S AUTO FARZAN BAK KORANGI,N,2,140,SPARK PLUG NIN C7HSA,Pack,10,0,75,0,0,750
936,2026-07-16,173,B.S AUTO FARZAN BAK KORANGI,N,3,143,CARBURETOR PZ22 ZIP 1,Pack,2,0,2050,0,0,4100
936,2026-07-16,173,B.S AUTO FARZAN BAK KORANGI,N,4,95,ZIP 1 PUSH LOCK,Pack,5,0,540,0,0,2700
936,2026-07-16,173,B.S AUTO FARZAN BAK KORANGI,N,5,100,ZIP 1 BRAKE SHOE FMC,Pack,20,0,280,0,0,5600
936,2026-07-16,173,B.S AUTO FARZAN BAK KORANGI,N,6,51,ZIP Spoke 300-17 Long Nipple,Pack,4,0,375,0,0,1500
936,2026-07-16,173,B.S AUTO FARZAN BAK KORANGI,N,7,155,SPOKE 2X50X17 ZIP 1,Pack,4,0,325,0,0,1300
937,2026-07-16,25,AZAN AUTO BADIN,N,1,100,ZIP 1 BRAKE SHOE FMC,Pack,60,0,260,0,0,15600
937,2026-07-16,25,AZAN AUTO BADIN,N,2,115,REAR SHOCK JH90 RED-ZIP 1,Pack,5,0,2750,0,0,13750
937,2026-07-16,25,AZAN AUTO BADIN,N,3,143,CARBURETOR PZ22 ZIP 1,Pack,20,0,1850,0,0,37000
937,2026-07-16,25,AZAN AUTO BADIN,N,4,141,FRONT SHOCK ROD JH90 ZIP 1,Pack,5,0,1280,0,0,6400
937,2026-07-16,25,AZAN AUTO BADIN,N,5,148,FRONT SHOCK ROD CDI70 ZIP 1,Pack,5,0,1280,0,0,6400
938,2026-07-16,158,PAKISTAN AUTO QUAIDABAD,N,1,122,REAR SHOCK CDI70 BLK(H)RECO STAR,Pack,1,0,1900,0,0,1900
938,2026-07-16,158,PAKISTAN AUTO QUAIDABAD,N,2,143,CARBURETOR PZ22 ZIP 1,Pack,2,0,2000,0,0,4000
938,2026-07-16,158,PAKISTAN AUTO QUAIDABAD,N,3,102,MAGNET COMPLETE CDI-70 ZIP 1,Pack,1,0,3000,0,0,3000
938,2026-07-16,158,PAKISTAN AUTO QUAIDABAD,N,4,95,ZIP 1 PUSH LOCK,Pack,5,0,520,0,0,2600
938,2026-07-16,158,PAKISTAN AUTO QUAIDABAD,N,5,127,"CHAIN COVER""5MM"" ZIP 1",Pack,5,0,550,0,0,2750
938,2026-07-16,158,PAKISTAN AUTO QUAIDABAD,N,6,51,ZIP Spoke 300-17 Long Nipple,Pack,5,0,360,0,0,1800
939,2026-07-17,351,QASIM AUTO HUB CHOWKI,N,1,127,"CHAIN COVER""5MM"" ZIP 1",Pack,12,0,550,0,0,6600
939,2026-07-17,351,QASIM AUTO HUB CHOWKI,N,2,95,ZIP 1 PUSH LOCK,Pack,20,0,530,0,0,10600
939,2026-07-17,351,QASIM AUTO HUB CHOWKI,N,3,51,ZIP Spoke 300-17 Long Nipple,Pack,40,0,375,0,0,15000
939,2026-07-17,351,QASIM AUTO HUB CHOWKI,N,4,104,CYLINDER KIT 78CM ZIP 1,Pack,5,0,2500,0,0,12500
939,2026-07-17,351,QASIM AUTO HUB CHOWKI,N,5,121,REAR SHOCK JH90 BLK RECO STAR,Pack,5,0,2400,0,0,12000
940,2026-07-17,60,RIZWAN SUPPLIER KORANGI,N,1,60,CHAIN COVER 0.6MM ZIP 1,Pack,10,0,635.35,3,19.65,6353.5
940,2026-07-17,60,RIZWAN SUPPLIER KORANGI,N,2,95,ZIP 1 PUSH LOCK,Pack,16,0,523.8,3,16.2,8380.8
940,2026-07-17,60,RIZWAN SUPPLIER KORANGI,N,3,140,SPARK PLUG NIN C7HSA,Pack,400,40,68.094,3,2.34,27237.6
940,2026-07-17,60,RIZWAN SUPPLIER KORANGI,N,4,100,ZIP 1 BRAKE SHOE FMC,Pack,240,0,276.45,3,8.55,66348
941,2026-07-17,70,UNIQUE AUTOS LANDHI,N,1,104,CYLINDER KIT 78CM ZIP 1,Pack,4,0,2500,0,0,10000
941,2026-07-17,70,UNIQUE AUTOS LANDHI,N,2,143,CARBURETOR PZ22 ZIP 1,Pack,1,0,2050,0,0,2050
941,2026-07-17,70,UNIQUE AUTOS LANDHI,N,3,135,CARBURETOR PZ27 CDI 125,Pack,1,0,2100,0,0,2100
941,2026-07-17,70,UNIQUE AUTOS LANDHI,N,4,102,MAGNET COMPLETE CDI-70 ZIP 1,Pack,1,0,3000,0,0,3000
941,2026-07-17,70,UNIQUE AUTOS LANDHI,N,5,123,ONLY FRY WHEEL MAGNET ZIP 1,Pack,1,0,1500,0,0,1500
942,2026-07-17,215,M/S AUTO GULLSHAN 13D,N,1,121,REAR SHOCK JH90 BLK RECO STAR,Pack,2,0,2550,0,0,5100
942,2026-07-17,215,M/S AUTO GULLSHAN 13D,N,2,95,ZIP 1 PUSH LOCK,Pack,5,0,530,0,0,2650
943,2026-07-17,216,M/S AUTO 13D W/RIM,N,1,130,WHEEL RIM FRONT,Pack,10,0,840,0,0,8400
943,2026-07-17,216,M/S AUTO 13D W/RIM,N,2,128,WHEEL RIM REAR,Pack,10,0,840,0,0,8400
944,2026-07-17,178,B.S ALIYAN AUTO WATER PUMP,N,1,105,CYLINDER KIT 72CM ZIP 1,Pack,1,0,2600,0,0,2600
944,2026-07-17,178,B.S ALIYAN AUTO WATER PUMP,N,2,60,CHAIN COVER 0.6MM ZIP 1,Pack,5,0,650,0,0,3250
945,2026-07-18,285,K.K AUTO RABIA CITY,N,1,123,ONLY FRY WHEEL MAGNET ZIP 1,Pack,5,0,1503.5,3,46.5,7517.5
945,2026-07-18,285,K.K AUTO RABIA CITY,N,2,102,MAGNET COMPLETE CDI-70 ZIP 1,Pack,5,0,2958.5,3,91.5,14792.5
945,2026-07-18,285,K.K AUTO RABIA CITY,N,3,106,CYLINDER KIT 97CM ZIP 1,Pack,3,0,2910,3,90,8730
945,2026-07-18,285,K.K AUTO RABIA CITY,N,4,149,FRONT SHOCK ROD CDI125 ZIP 1,Pack,3,0,1503.5,3,46.5,4510.5
946,2026-07-18,352,K.K AUTO RABIA CITY W/RIM,N,1,130,WHEEL RIM FRONT,Pack,10,0,820,0,0,8200
946,2026-07-18,352,K.K AUTO RABIA CITY W/RIM,N,2,128,WHEEL RIM REAR,Pack,10,0,860,0,0,8600
947,2026-07-18,351,QASIM AUTO HUB CHOWKI,N,1,143,CARBURETOR PZ22 ZIP 1,Pack,6,0,2050,0,0,12300
948,2026-07-18,187,NASEER AUTO VINDER,N,1,143,CARBURETOR PZ22 ZIP 1,Pack,2,0,2000,0,0,4000
948,2026-07-18,187,NASEER AUTO VINDER,N,2,100,ZIP 1 BRAKE SHOE FMC,Pack,20,0,260,0,0,5200
948,2026-07-18,187,NASEER AUTO VINDER,N,3,51,ZIP Spoke 300-17 Long Nipple,Pack,4,0,360,0,0,1440
948,2026-07-18,187,NASEER AUTO VINDER,N,4,155,SPOKE 2X50X17 ZIP 1,Pack,4,0,340,0,0,1360
948,2026-07-18,187,NASEER AUTO VINDER,N,5,98,ZIP 1 MAGNET COIL RING HERO,Pack,2,0,1050,0,0,2100
949,2026-07-20,26,AZAN AUTOS JIMMY LANDHI,N,1,123,ONLY FRY WHEEL MAGNET ZIP 1,Pack,10,0,1503.5,3,46.5,15035
949,2026-07-20,26,AZAN AUTOS JIMMY LANDHI,N,2,121,REAR SHOCK JH90 BLK RECO STAR,Pack,10,0,2376.5,3,73.5,23765
949,2026-07-20,26,AZAN AUTOS JIMMY LANDHI,N,3,142,REAR SHOCK JH90 RED RECO STAR,Pack,5,0,2376.5,3,73.5,11882.5
949,2026-07-20,26,AZAN AUTOS JIMMY LANDHI,N,4,122,REAR SHOCK CDI70 BLK(H)RECO STAR,Pack,10,0,1940,3,60,19400
949,2026-07-20,26,AZAN AUTOS JIMMY LANDHI,N,5,135,CARBURETOR PZ27 CDI 125,Pack,5,0,2085.5,3,64.5,10427.5
949,2026-07-20,26,AZAN AUTOS JIMMY LANDHI,N,6,141,FRONT SHOCK ROD JH90 ZIP 1,Pack,5,0,1358,3,42,6790
949,2026-07-20,26,AZAN AUTOS JIMMY LANDHI,N,7,148,FRONT SHOCK ROD CDI70 ZIP 1,Pack,5,0,1358,3,42,6790
949,2026-07-20,26,AZAN AUTOS JIMMY LANDHI,N,8,149,FRONT SHOCK ROD CDI125 ZIP 1,Pack,5,0,1406.5,3,43.5,7032.5
950,2026-07-20,153,JUNAID AUTO SHAHFAISAL,N,1,121,REAR SHOCK JH90 BLK RECO STAR,Pack,5,0,2376.5,3,73.5,11882.5
950,2026-07-20,153,JUNAID AUTO SHAHFAISAL,N,2,108,VALVE SEAL CHINA 70,Pack,300,0,11.64,3,.36,3492
951,2026-07-20,156,SUMAIR AUTO GOLIMAR,N,1,135,CARBURETOR PZ27 CDI 125,Pack,4,0,2085.5,3,64.5,8342
951,2026-07-20,156,SUMAIR AUTO GOLIMAR,N,2,143,CARBURETOR PZ22 ZIP 1,Pack,10,0,1940,3,60,19400
951,2026-07-20,156,SUMAIR AUTO GOLIMAR,N,3,140,SPARK PLUG NIN C7HSA,Pack,400,40,68.094,3,2.34,27237.6
951,2026-07-20,156,SUMAIR AUTO GOLIMAR,N,4,121,REAR SHOCK JH90 BLK RECO STAR,Pack,10,0,2376.5,3,73.5,23765
952,2026-07-20,228,KHALIL AUTO RABIA CITY,N,1,121,REAR SHOCK JH90 BLK RECO STAR,Pack,2,0,2400,0,0,4800
952,2026-07-20,228,KHALIL AUTO RABIA CITY,N,2,141,FRONT SHOCK ROD JH90 ZIP 1,Pack,2,0,1450,0,0,2900
952,2026-07-20,228,KHALIL AUTO RABIA CITY,N,3,104,CYLINDER KIT 78CM ZIP 1,Pack,1,0,2600,0,0,2600
952,2026-07-20,228,KHALIL AUTO RABIA CITY,N,4,105,CYLINDER KIT 72CM ZIP 1,Pack,1,0,2600,0,0,2600
952,2026-07-20,228,KHALIL AUTO RABIA CITY,N,5,106,CYLINDER KIT 97CM ZIP 1,Pack,1,0,2800,0,0,2800
952,2026-07-20,228,KHALIL AUTO RABIA CITY,N,6,123,ONLY FRY WHEEL MAGNET ZIP 1,Pack,2,0,1450,0,0,2900
952,2026-07-20,228,KHALIL AUTO RABIA CITY,N,7,120,FRONT SHOCK CDI.70 RECO STAR,Pack,1,0,3300,0,0,3300
952,2026-07-20,228,KHALIL AUTO RABIA CITY,N,8,143,CARBURETOR PZ22 ZIP 1,Pack,2,0,2050,0,0,4100
952,2026-07-20,228,KHALIL AUTO RABIA CITY,N,9,94, SPARK PLUG C7HSA CHINA,Pack,20,0,75,0,0,1500
953,2026-07-20,253,IZZAT AGA AUTO RABIA CITY,N,1,156,"CHAIN KIT""CG125"" MAK 4",Pack,10,0,1700,0,0,17000
953,2026-07-20,253,IZZAT AGA AUTO RABIA CITY,N,2,143,CARBURETOR PZ22 ZIP 1,Pack,4,0,2050,0,0,8200
953,2026-07-20,253,IZZAT AGA AUTO RABIA CITY,N,3,111,FRONT SHOCK  JH90 ZIP 1,Pack,1,0,4400,0,0,4400
953,2026-07-20,253,IZZAT AGA AUTO RABIA CITY,N,4,121,REAR SHOCK JH90 BLK RECO STAR,Pack,2,0,2450,0,0,4900
953,2026-07-20,253,IZZAT AGA AUTO RABIA CITY,N,5,99,ZIP 1 MAGNET COIL RING CDI 70,Pack,15,0,1050,0,0,15750
954,2026-07-20,338,REHMAN AUTO JANJAL GOTH,N,1,102,MAGNET COMPLETE CDI-70 ZIP 1,Pack,5,0,3000,0,0,15000
954,2026-07-20,338,REHMAN AUTO JANJAL GOTH,N,2,104,CYLINDER KIT 78CM ZIP 1,Pack,1,0,2500,0,0,2500
954,2026-07-20,338,REHMAN AUTO JANJAL GOTH,N,3,121,REAR SHOCK JH90 BLK RECO STAR,Pack,2,0,2500,0,0,5000
954,2026-07-20,338,REHMAN AUTO JANJAL GOTH,N,4,125,SILENCER BEST LIFE,Pack,12,0,1400,0,0,16800
955,2026-07-20,220,SHAFI AUTO MEMON GOTH,N,1,142,REAR SHOCK JH90 RED RECO STAR,Pack,2,0,2400,0,0,4800
955,2026-07-20,220,SHAFI AUTO MEMON GOTH,N,2,121,REAR SHOCK JH90 BLK RECO STAR,Pack,2,0,2400,0,0,4800
955,2026-07-20,220,SHAFI AUTO MEMON GOTH,N,3,111,FRONT SHOCK  JH90 ZIP 1,Pack,2,0,4400,0,0,8800
956,2026-07-20,235,QUETTA AUTO BHAINS COLONY,N,1,99,ZIP 1 MAGNET COIL RING CDI 70,Pack,24,0,1050,0,0,25200
957,2026-07-20,299,HASHTAG TRADERS LANDHI 6,N,1,99,ZIP 1 MAGNET COIL RING CDI 70,Pack,24,0,1000,0,0,24000
957,2026-07-20,299,HASHTAG TRADERS LANDHI 6,N,2,98,ZIP 1 MAGNET COIL RING HERO,Pack,5,0,1000,0,0,5000
957,2026-07-20,299,HASHTAG TRADERS LANDHI 6,N,3,104,CYLINDER KIT 78CM ZIP 1,Pack,10,0,2400,0,0,24000
958,2026-07-20,266,MADNI AUTO PEHALWAN GOTH,N,1,99,ZIP 1 MAGNET COIL RING CDI 70,Pack,6,0,1050,0,0,6300
958,2026-07-20,266,MADNI AUTO PEHALWAN GOTH,N,2,51,ZIP Spoke 300-17 Long Nipple,Pack,4,0,365,0,0,1460
958,2026-07-20,266,MADNI AUTO PEHALWAN GOTH,N,3,155,SPOKE 2X50X17 ZIP 1,Pack,4,0,320,0,0,1280
958,2026-07-20,266,MADNI AUTO PEHALWAN GOTH,N,4,94, SPARK PLUG C7HSA CHINA,Pack,30,0,75,0,0,2250
958,2026-07-20,266,MADNI AUTO PEHALWAN GOTH,N,5,120,FRONT SHOCK CDI.70 RECO STAR,Pack,2,0,3500,0,0,7000
958,2026-07-20,266,MADNI AUTO PEHALWAN GOTH,N,6,60,CHAIN COVER 0.6MM ZIP 1,Pack,5,0,650,0,0,3250
958,2026-07-20,266,MADNI AUTO PEHALWAN GOTH,N,7,100,ZIP 1 BRAKE SHOE FMC,Pack,10,0,280,0,0,2800
958,2026-07-20,266,MADNI AUTO PEHALWAN GOTH,N,8,144,C.D.I GUTKA COIL CDI 70 ZIP1,Pack,5,0,320,0,0,1600
959,2026-07-20,137,KHAN SHAHRUKH AUTO KORANGI,N,1,99,ZIP 1 MAGNET COIL RING CDI 70,Pack,10,0,1050,0,0,10500
959,2026-07-20,137,KHAN SHAHRUKH AUTO KORANGI,N,2,102,MAGNET COMPLETE CDI-70 ZIP 1,Pack,2,0,3100,0,0,6200
959,2026-07-20,137,KHAN SHAHRUKH AUTO KORANGI,N,3,123,ONLY FRY WHEEL MAGNET ZIP 1,Pack,5,0,1500,0,0,7500
959,2026-07-20,137,KHAN SHAHRUKH AUTO KORANGI,N,4,156,"CHAIN KIT""CG125"" MAK 4",Pack,10,0,1700,0,0,17000
959,2026-07-20,137,KHAN SHAHRUKH AUTO KORANGI,N,5,143,CARBURETOR PZ22 ZIP 1,Pack,5,0,2050,0,0,10250
959,2026-07-20,137,KHAN SHAHRUKH AUTO KORANGI,N,6,154,CARBURETOR PZ18 EURO2,Pack,2,0,2050,0,0,4100
960,2026-07-20,353,MUNAWWAR AUTO MALIR,N,1,60,CHAIN COVER 0.6MM ZIP 1,Pack,5,0,650,0,0,3250
960,2026-07-20,353,MUNAWWAR AUTO MALIR,N,2,125,SILENCER BEST LIFE,Pack,6,0,1400,0,0,8400
960,2026-07-20,353,MUNAWWAR AUTO MALIR,N,3,99,ZIP 1 MAGNET COIL RING CDI 70,Pack,5,0,1050,0,0,5250
961,2026-07-21,273,RIZWAN AUTO MALIR,N,1,99,ZIP 1 MAGNET COIL RING CDI 70,Pack,10,0,1100,0,0,11000
961,2026-07-21,273,RIZWAN AUTO MALIR,N,2,144,C.D.I GUTKA COIL CDI 70 ZIP1,Pack,10,0,320,0,0,3200
961,2026-07-21,273,RIZWAN AUTO MALIR,N,3,94, SPARK PLUG C7HSA CHINA,Pack,50,0,75,0,0,3750
961,2026-07-21,273,RIZWAN AUTO MALIR,N,4,143,CARBURETOR PZ22 ZIP 1,Pack,5,0,2050,0,0,10250
961,2026-07-21,273,RIZWAN AUTO MALIR,N,5,111,FRONT SHOCK  JH90 ZIP 1,Pack,1,0,4500,0,0,4500
962,2026-07-21,320,SHAHZAD AUTO GAWADAR,N,1,104,CYLINDER KIT 78CM ZIP 1,Pack,48,0,2470,0,0,118560
963,2026-07-22,292,AL-REHMAN AUTO MALIR,N,1,99,ZIP 1 MAGNET COIL RING CDI 70,Pack,10,0,1050,0,0,10500
964,2026-07-22,336,DEEWAN AUTO SHAH FAISAL,N,1,99,ZIP 1 MAGNET COIL RING CDI 70,Pack,10,0,1050,0,0,10500
964,2026-07-22,336,DEEWAN AUTO SHAH FAISAL,N,2,104,CYLINDER KIT 78CM ZIP 1,Pack,2,0,2500,0,0,5000
965,2026-07-22,109,BABU AUTO SINDHI HOTEL,N,1,121,REAR SHOCK JH90 BLK RECO STAR,Pack,3,0,2400,0,0,7200
965,2026-07-22,109,BABU AUTO SINDHI HOTEL,N,2,120,FRONT SHOCK CDI.70 RECO STAR,Pack,3,0,3400,0,0,10200
965,2026-07-22,109,BABU AUTO SINDHI HOTEL,N,3,104,CYLINDER KIT 78CM ZIP 1,Pack,2,0,2550,0,0,5100
965,2026-07-22,109,BABU AUTO SINDHI HOTEL,N,4,105,CYLINDER KIT 72CM ZIP 1,Pack,2,0,2550,0,0,5100
965,2026-07-22,109,BABU AUTO SINDHI HOTEL,N,5,106,CYLINDER KIT 97CM ZIP 1,Pack,1,0,2850,0,0,2850
965,2026-07-22,109,BABU AUTO SINDHI HOTEL,N,6,102,MAGNET COMPLETE CDI-70 ZIP 1,Pack,3,0,3050,0,0,9150
965,2026-07-22,109,BABU AUTO SINDHI HOTEL,N,7,123,ONLY FRY WHEEL MAGNET ZIP 1,Pack,5,0,1550,0,0,7750
965,2026-07-22,109,BABU AUTO SINDHI HOTEL,N,8,143,CARBURETOR PZ22 ZIP 1,Pack,3,0,2000,0,0,6000
965,2026-07-22,109,BABU AUTO SINDHI HOTEL,N,9,154,CARBURETOR PZ18 EURO2,Pack,1,0,2050,0,0,2050
965,2026-07-22,109,BABU AUTO SINDHI HOTEL,N,10,141,FRONT SHOCK ROD JH90 ZIP 1,Pack,3,0,1300,0,0,3900
965,2026-07-22,109,BABU AUTO SINDHI HOTEL,N,11,148,FRONT SHOCK ROD CDI70 ZIP 1,Pack,1,0,1250,0,0,1250
965,2026-07-22,109,BABU AUTO SINDHI HOTEL,N,12,149,FRONT SHOCK ROD CDI125 ZIP 1,Pack,1,0,1400,0,0,1400
966,2026-07-22,217,BISMILLAH AUTO WATER PUMP,N,1,60,CHAIN COVER 0.6MM ZIP 1,Pack,10,0,655,0,0,6550
966,2026-07-22,217,BISMILLAH AUTO WATER PUMP,N,2,143,CARBURETOR PZ22 ZIP 1,Pack,5,0,2100,0,0,10500
966,2026-07-22,217,BISMILLAH AUTO WATER PUMP,N,3,120,FRONT SHOCK CDI.70 RECO STAR,Pack,3,0,3600,0,0,10800
966,2026-07-22,217,BISMILLAH AUTO WATER PUMP,N,4,99,ZIP 1 MAGNET COIL RING CDI 70,Pack,10,0,1100,0,0,11000
966,2026-07-22,217,BISMILLAH AUTO WATER PUMP,N,5,98,ZIP 1 MAGNET COIL RING HERO,Pack,5,0,1100,0,0,5500
966,2026-07-22,217,BISMILLAH AUTO WATER PUMP,N,6,94, SPARK PLUG C7HSA CHINA,Pack,30,0,75,0,0,2250
966,2026-07-22,217,BISMILLAH AUTO WATER PUMP,N,7,122,REAR SHOCK CDI70 BLK(H)RECO STAR,Pack,2,0,2000,0,0,4000
966,2026-07-22,217,BISMILLAH AUTO WATER PUMP,N,8,121,REAR SHOCK JH90 BLK RECO STAR,Pack,2,0,2650,0,0,5300
967,2026-07-22,116,ASIF SUPPLIER ZIP 1,N,1,100,ZIP 1 BRAKE SHOE FMC,Pack,7,0,265,0,0,1855
967,2026-07-22,116,ASIF SUPPLIER ZIP 1,N,2,99,ZIP 1 MAGNET COIL RING CDI 70,Pack,3,0,1150,0,0,3450
967,2026-07-22,116,ASIF SUPPLIER ZIP 1,N,3,156,"CHAIN KIT""CG125"" MAK 4",Pack,2,0,1700,0,0,3400
967,2026-07-22,116,ASIF SUPPLIER ZIP 1,N,4,60,CHAIN COVER 0.6MM ZIP 1,Pack,2,0,650,0,0,1300
968,2026-07-23,330,MADINA AUTO QUAIDABAD,N,1,143,CARBURETOR PZ22 ZIP 1,Pack,5,0,2050,0,0,10250
968,2026-07-23,330,MADINA AUTO QUAIDABAD,N,2,99,ZIP 1 MAGNET COIL RING CDI 70,Pack,10,0,1080,0,0,10800
969,2026-07-23,98,ASLAM AUTOS MARIPUR,N,1,120,FRONT SHOCK CDI.70 RECO STAR,Pack,5,0,3200,0,0,16000
969,2026-07-23,98,ASLAM AUTOS MARIPUR,N,2,142,REAR SHOCK JH90 RED RECO STAR,Pack,3,0,2350,0,0,7050
969,2026-07-23,98,ASLAM AUTOS MARIPUR,N,3,121,REAR SHOCK JH90 BLK RECO STAR,Pack,5,0,2350,0,0,11750
969,2026-07-23,98,ASLAM AUTOS MARIPUR,N,4,104,CYLINDER KIT 78CM ZIP 1,Pack,8,0,2400,0,0,19200
969,2026-07-23,98,ASLAM AUTOS MARIPUR,N,5,99,ZIP 1 MAGNET COIL RING CDI 70,Pack,24,0,1000,0,0,24000
969,2026-07-23,98,ASLAM AUTOS MARIPUR,N,6,98,ZIP 1 MAGNET COIL RING HERO,Pack,24,0,1000,0,0,24000
969,2026-07-23,98,ASLAM AUTOS MARIPUR,N,7,154,CARBURETOR PZ18 EURO2,Pack,5,0,1950,0,0,9750
969,2026-07-23,98,ASLAM AUTOS MARIPUR,N,8,94, SPARK PLUG C7HSA CHINA,Pack,400,0,72,0,0,28800
969,2026-07-23,98,ASLAM AUTOS MARIPUR,N,9,125,SILENCER BEST LIFE,Pack,12,0,1400,0,0,16800
970,2026-07-23,343,RAZA AUTO PANGRIO,N,1,106,CYLINDER KIT 97CM ZIP 1,Pack,3,0,2850,0,0,8550
970,2026-07-23,343,RAZA AUTO PANGRIO,N,2,104,CYLINDER KIT 78CM ZIP 1,Pack,2,0,2600,0,0,5200
970,2026-07-23,343,RAZA AUTO PANGRIO,N,3,105,CYLINDER KIT 72CM ZIP 1,Pack,1,0,2600,0,0,2600
970,2026-07-23,343,RAZA AUTO PANGRIO,N,4,99,ZIP 1 MAGNET COIL RING CDI 70,Pack,5,0,1100,0,0,5500
970,2026-07-23,343,RAZA AUTO PANGRIO,N,5,98,ZIP 1 MAGNET COIL RING HERO,Pack,2,0,1100,0,0,2200
970,2026-07-23,343,RAZA AUTO PANGRIO,N,6,51,ZIP Spoke 300-17 Long Nipple,Pack,8,0,375,0,0,3000
970,2026-07-23,343,RAZA AUTO PANGRIO,N,7,94, SPARK PLUG C7HSA CHINA,Pack,200,15,72.15,0,0,14430
970,2026-07-23,343,RAZA AUTO PANGRIO,N,8,113,FRONT SHOCK CDI125-ZIP 1,Pack,1,0,4900,0,0,4900
970,2026-07-23,343,RAZA AUTO PANGRIO,N,9,115,REAR SHOCK JH90 RED-ZIP 1,Pack,2,0,3000,0,0,6000
970,2026-07-23,343,RAZA AUTO PANGRIO,N,10,143,CARBURETOR PZ22 ZIP 1,Pack,2,0,2050,0,0,4100
970,2026-07-23,343,RAZA AUTO PANGRIO,N,11,134,COIL PLATE COMPLETE CDI70 ZIP 1,Pack,1,0,1850,0,0,1850
970,2026-07-23,343,RAZA AUTO PANGRIO,N,12,60,CHAIN COVER 0.6MM ZIP 1,Pack,10,0,650,0,0,6500
971,2026-07-23,220,SHAFI AUTO MEMON GOTH,N,1,64,Clutch presur plate set zip 1,Pack,25,0,270,0,0,6750
972,2026-07-23,287,HAFEEZ AUTO GHAZI GOTH,N,1,64,Clutch presur plate set zip 1,Pack,67,0,270,0,0,18090
973,2026-07-24,53,NOORANI AUTOS BADIN,N,1,123,ONLY FRY WHEEL MAGNET ZIP 1,Pack,25,0,1550,0,0,38750
973,2026-07-24,53,NOORANI AUTOS BADIN,N,2,105,CYLINDER KIT 72CM ZIP 1,Pack,2,0,2600,0,0,5200
973,2026-07-24,53,NOORANI AUTOS BADIN,N,3,104,CYLINDER KIT 78CM ZIP 1,Pack,2,0,2600,0,0,5200
973,2026-07-24,53,NOORANI AUTOS BADIN,N,4,106,CYLINDER KIT 97CM ZIP 1,Pack,2,0,2800,0,0,5600
973,2026-07-24,53,NOORANI AUTOS BADIN,N,5,113,FRONT SHOCK CDI125-ZIP 1,Pack,5,0,5000,0,0,25000
973,2026-07-24,53,NOORANI AUTOS BADIN,N,6,122,REAR SHOCK CDI70 BLK(H)RECO STAR,Pack,7,0,2000,0,0,14000
973,2026-07-24,53,NOORANI AUTOS BADIN,N,7,144,C.D.I GUTKA COIL CDI 70 ZIP1,Pack,20,0,320,0,0,6400
973,2026-07-24,53,NOORANI AUTOS BADIN,N,8,149,FRONT SHOCK ROD CDI125 ZIP 1,Pack,10,0,1550,0,0,15500
973,2026-07-24,53,NOORANI AUTOS BADIN,N,9,141,FRONT SHOCK ROD JH90 ZIP 1,Pack,10,0,1500,0,0,15000
973,2026-07-24,53,NOORANI AUTOS BADIN,N,10,125,SILENCER BEST LIFE,Pack,12,0,1450,0,0,17400
973,2026-07-24,53,NOORANI AUTOS BADIN,N,11,142,REAR SHOCK JH90 RED RECO STAR,Pack,2,0,2450,0,0,4900
974,2026-07-24,242,KING AUTO BEHAR COLONY,N,1,104,CYLINDER KIT 78CM ZIP 1,Pack,2,0,2500,0,0,5000
974,2026-07-24,242,KING AUTO BEHAR COLONY,N,2,125,SILENCER BEST LIFE,Pack,6,0,1400,0,0,8400
975,2026-07-24,101,A.R AUTOS BAGH-E-KORANGI,N,1,104,CYLINDER KIT 78CM ZIP 1,Pack,1,0,2500,0,0,2500
975,2026-07-24,101,A.R AUTOS BAGH-E-KORANGI,N,2,99,ZIP 1 MAGNET COIL RING CDI 70,Pack,3,0,1050,0,0,3150
975,2026-07-24,101,A.R AUTOS BAGH-E-KORANGI,N,3,98,ZIP 1 MAGNET COIL RING HERO,Pack,2,0,1050,0,0,2100
975,2026-07-24,101,A.R AUTOS BAGH-E-KORANGI,N,4,120,FRONT SHOCK CDI.70 RECO STAR,Pack,1,0,3400,0,0,3400
975,2026-07-24,101,A.R AUTOS BAGH-E-KORANGI,N,5,125,SILENCER BEST LIFE,Pack,3,0,1450,0,0,4350
976,2026-07-25,14,ZIP,N,1,125,SILENCER BEST LIFE,Pack,6,0,1150,0,0,6900
976,2026-07-25,14,ZIP,N,2,156,"CHAIN KIT""CG125"" MAK 4",Pack,2,0,1220,0,0,2440
976,2026-07-25,14,ZIP,N,3,51,ZIP Spoke 300-17 Long Nipple,Pack,4,0,295,0,0,1180
976,2026-07-25,14,ZIP,N,4,135,CARBURETOR PZ27 CDI 125,Pack,2,0,1550,0,0,3100
976,2026-07-25,14,ZIP,N,5,111,FRONT SHOCK  JH90 ZIP 1,Pack,2,0,3200,0,0,6400
976,2026-07-25,14,ZIP,N,6,112,FRONT SHOCK CDI70-ZIP 1,Pack,2,0,3000,0,0,6000
976,2026-07-25,14,ZIP,N,7,104,CYLINDER KIT 78CM ZIP 1,Pack,3,0,1970,0,0,5910
976,2026-07-25,14,ZIP,N,8,143,CARBURETOR PZ22 ZIP 1,Pack,5,0,1540,0,0,7700
976,2026-07-25,14,ZIP,N,9,102,MAGNET COMPLETE CDI-70 ZIP 1,Pack,1,0,2030,0,0,2030
976,2026-07-25,14,ZIP,N,10,123,ONLY FRY WHEEL MAGNET ZIP 1,Pack,4,0,1180,0,0,4720
976,2026-07-25,14,ZIP,N,11,141,FRONT SHOCK ROD JH90 ZIP 1,Pack,2,0,1040,0,0,2080
976,2026-07-25,14,ZIP,N,12,148,FRONT SHOCK ROD CDI70 ZIP 1,Pack,2,0,1000,0,0,2000
977,2026-07-27,36,HADIA K1 NORTH NAZIMABAD,N,1,113,FRONT SHOCK CDI125-ZIP 1,Pack,2,0,4800,0,0,9600
977,2026-07-27,36,HADIA K1 NORTH NAZIMABAD,N,2,120,FRONT SHOCK CDI.70 RECO STAR,Pack,2,0,3400,0,0,6800
977,2026-07-27,36,HADIA K1 NORTH NAZIMABAD,N,3,121,REAR SHOCK JH90 BLK RECO STAR,Pack,2,0,2400,0,0,4800
977,2026-07-27,36,HADIA K1 NORTH NAZIMABAD,N,4,123,ONLY FRY WHEEL MAGNET ZIP 1,Pack,2,0,1450,0,0,2900
977,2026-07-27,36,HADIA K1 NORTH NAZIMABAD,N,5,102,MAGNET COMPLETE CDI-70 ZIP 1,Pack,2,0,3050,0,0,6100
977,2026-07-27,36,HADIA K1 NORTH NAZIMABAD,N,6,99,ZIP 1 MAGNET COIL RING CDI 70,Pack,5,0,1050,0,0,5250
977,2026-07-27,36,HADIA K1 NORTH NAZIMABAD,N,7,98,ZIP 1 MAGNET COIL RING HERO,Pack,3,0,1050,0,0,3150
977,2026-07-27,36,HADIA K1 NORTH NAZIMABAD,N,8,143,CARBURETOR PZ22 ZIP 1,Pack,3,0,2050,0,0,6150
977,2026-07-27,36,HADIA K1 NORTH NAZIMABAD,N,9,125,SILENCER BEST LIFE,Pack,3,0,1450,0,0,4350
977,2026-07-27,36,HADIA K1 NORTH NAZIMABAD,N,10,156,"CHAIN KIT""CG125"" MAK 4",Pack,3,0,1700,0,0,5100
977,2026-07-27,36,HADIA K1 NORTH NAZIMABAD,N,11,144,C.D.I GUTKA COIL CDI 70 ZIP1,Pack,20,0,310,0,0,6200
978,2026-07-27,311,INSAF AUTO LIYARI 36,N,1,125,SILENCER BEST LIFE,Pack,18,0,1358,3,42,24444
979,2026-07-27,78,MARWAT AUTO SCOUT COLONY,N,1,104,CYLINDER KIT 78CM ZIP 1,Pack,2,0,2350,0,0,4700
979,2026-07-27,78,MARWAT AUTO SCOUT COLONY,N,2,105,CYLINDER KIT 72CM ZIP 1,Pack,1,0,2350,0,0,2350
980,2026-07-27,355,A.B AUTO GHANIABAD,N,1,60,CHAIN COVER 0.6MM ZIP 1,Pack,5,0,650,0,0,3250
980,2026-07-27,355,A.B AUTO GHANIABAD,N,2,99,ZIP 1 MAGNET COIL RING CDI 70,Pack,5,0,1050,0,0,5250
980,2026-07-27,355,A.B AUTO GHANIABAD,N,3,104,CYLINDER KIT 78CM ZIP 1,Pack,1,0,2450,0,0,2450
980,2026-07-27,355,A.B AUTO GHANIABAD,N,4,143,CARBURETOR PZ22 ZIP 1,Pack,2,0,2050,0,0,4100
980,2026-07-27,355,A.B AUTO GHANIABAD,N,5,154,CARBURETOR PZ18 EURO2,Pack,1,0,2050,0,0,2050
980,2026-07-27,355,A.B AUTO GHANIABAD,N,6,121,REAR SHOCK JH90 BLK RECO STAR,Pack,2,0,2400,0,0,4800
980,2026-07-27,355,A.B AUTO GHANIABAD,N,7,102,MAGNET COMPLETE CDI-70 ZIP 1,Pack,1,0,3000,0,0,3000
981,2026-07-27,289,GHAZI AUTO PEHALWAN GOTH,N,1,143,CARBURETOR PZ22 ZIP 1,Pack,4,0,2000,0,0,8000
982,2026-07-27,171,MAMA JAMALI AUTO BADIN,N,1,148,FRONT SHOCK ROD CDI70 ZIP 1,Pack,10,0,1400,0,0,14000
983,2026-07-27,356,AMAN AUTO SADI TOWN,N,1,104,CYLINDER KIT 78CM ZIP 1,Pack,2,0,2522,3,78,5044
983,2026-07-27,356,AMAN AUTO SADI TOWN,N,2,105,CYLINDER KIT 72CM ZIP 1,Pack,1,0,2522,3,78,2522
983,2026-07-27,356,AMAN AUTO SADI TOWN,N,3,99,ZIP 1 MAGNET COIL RING CDI 70,Pack,10,0,1067,3,33,10670
983,2026-07-27,356,AMAN AUTO SADI TOWN,N,4,98,ZIP 1 MAGNET COIL RING HERO,Pack,5,0,1067,3,33,5335
983,2026-07-27,356,AMAN AUTO SADI TOWN,N,5,102,MAGNET COMPLETE CDI-70 ZIP 1,Pack,1,0,3055.5,3,94.5,3055.5
983,2026-07-27,356,AMAN AUTO SADI TOWN,N,6,123,ONLY FRY WHEEL MAGNET ZIP 1,Pack,3,0,1503.5,3,46.5,4510.5
983,2026-07-27,356,AMAN AUTO SADI TOWN,N,7,144,C.D.I GUTKA COIL CDI 70 ZIP1,Pack,20,0,310.4,3,9.6,6208
983,2026-07-27,356,AMAN AUTO SADI TOWN,N,8,156,"CHAIN KIT""CG125"" MAK 4",Pack,5,0,1697.5,3,52.5,8487.5
983,2026-07-27,356,AMAN AUTO SADI TOWN,N,9,111,FRONT SHOCK  JH90 ZIP 1,Pack,2,0,4365,3,135,8730
983,2026-07-27,356,AMAN AUTO SADI TOWN,N,10,113,FRONT SHOCK CDI125-ZIP 1,Pack,2,0,4559,3,141,9118
983,2026-07-27,356,AMAN AUTO SADI TOWN,N,11,112,FRONT SHOCK CDI70-ZIP 1,Pack,2,0,4171,3,129,8342
983,2026-07-27,356,AMAN AUTO SADI TOWN,N,12,121,REAR SHOCK JH90 BLK RECO STAR,Pack,4,0,2425,3,75,9700
983,2026-07-27,356,AMAN AUTO SADI TOWN,N,13,143,CARBURETOR PZ22 ZIP 1,Pack,2,0,2037,3,63,4074
983,2026-07-27,356,AMAN AUTO SADI TOWN,N,14,154,CARBURETOR PZ18 EURO2,Pack,2,0,1988.5,3,61.5,3977
983,2026-07-27,356,AMAN AUTO SADI TOWN,N,15,125,SILENCER BEST LIFE,Pack,6,0,1406.5,3,43.5,8439
983,2026-07-27,356,AMAN AUTO SADI TOWN,N,16,118,REAR SHOCK CDI-125 ZIP 1,Pack,2,0,2910,3,90,5820
984,2026-07-27,51,NEW KAKAR AUTOS PIDC,N,1,99,ZIP 1 MAGNET COIL RING CDI 70,Pack,24,0,1100,0,0,26400
985,2026-07-27,166,M.A AUTO VINDER,N,1,99,ZIP 1 MAGNET COIL RING CDI 70,Pack,5,0,1050,0,0,5250
985,2026-07-27,166,M.A AUTO VINDER,N,2,144,C.D.I GUTKA COIL CDI 70 ZIP1,Pack,10,0,320,0,0,3200
986,2026-07-27,70,UNIQUE AUTOS LANDHI,N,1,143,CARBURETOR PZ22 ZIP 1,Pack,10,0,2000,0,0,20000
987,2026-07-28,150,M UMER BADIN,N,1,60,CHAIN COVER 0.6MM ZIP 1,Pack,120,0,600,0,0,72000
988,2026-07-28,149,SHEIKH AUTO PEHALWAN GOTH,N,1,143,CARBURETOR PZ22 ZIP 1,Pack,40,0,2000,0,0,80000
989,2026-07-28,116,ASIF SUPPLIER ZIP 1,N,1,127,"CHAIN COVER""5MM"" ZIP 1",Pack,5,0,550,0,0,2750
989,2026-07-28,116,ASIF SUPPLIER ZIP 1,N,2,125,SILENCER BEST LIFE,Pack,2,0,1500,0,0,3000
991,2026-07-28,347,S.K AUTO PEHALWAN GOTH,N,1,156,"CHAIN KIT""CG125"" MAK 4",Pack,3,0,1700,0,0,5100
992,2026-07-28,220,SHAFI AUTO MEMON GOTH,N,1,143,CARBURETOR PZ22 ZIP 1,Pack,10,0,2000,0,0,20000
992,2026-07-28,220,SHAFI AUTO MEMON GOTH,N,2,134,COIL PLATE COMPLETE CDI70 ZIP 1,Pack,2,0,1800,0,0,3600
992,2026-07-28,220,SHAFI AUTO MEMON GOTH,N,3,104,CYLINDER KIT 78CM ZIP 1,Pack,2,0,2500,0,0,5000
992,2026-07-28,220,SHAFI AUTO MEMON GOTH,N,4,105,CYLINDER KIT 72CM ZIP 1,Pack,2,0,2500,0,0,5000
992,2026-07-28,220,SHAFI AUTO MEMON GOTH,N,5,154,CARBURETOR PZ18 EURO2,Pack,5,0,2050,0,0,10250
992,2026-07-28,220,SHAFI AUTO MEMON GOTH,N,6,160,METER CASE LED SHINE HONDA ZIP1,Pack,8,0,200,0,0,1600
992,2026-07-28,220,SHAFI AUTO MEMON GOTH,N,7,157,METER CASE LED SHINE UNIQUE ZIP1,Pack,8,0,200,0,0,1600
992,2026-07-28,220,SHAFI AUTO MEMON GOTH,N,8,158,METER CASE LED SHINE SUPER POWER ZIP1,Pack,7,0,200,0,0,1400
992,2026-07-28,220,SHAFI AUTO MEMON GOTH,N,9,159,METER CASE LED SHINE SUPER STAR ZIP1,Pack,7,0,200,0,0,1400
993,2026-07-28,60,RIZWAN SUPPLIER KORANGI,N,1,160,METER CASE LED SHINE HONDA ZIP1,Pack,25,0,194,3,6,4850
993,2026-07-28,60,RIZWAN SUPPLIER KORANGI,N,2,158,METER CASE LED SHINE SUPER POWER ZIP1,Pack,25,0,194,3,6,4850
993,2026-07-28,60,RIZWAN SUPPLIER KORANGI,N,3,159,METER CASE LED SHINE SUPER STAR ZIP1,Pack,25,0,194,3,6,4850
993,2026-07-28,60,RIZWAN SUPPLIER KORANGI,N,4,157,METER CASE LED SHINE UNIQUE ZIP1,Pack,25,0,194,3,6,4850
994,2026-07-29,104,HAMZA AUTO MOSMIYAT,N,1,99,ZIP 1 MAGNET COIL RING CDI 70,Pack,24,0,950,0,0,22800
995,2026-07-29,150,M UMER BADIN,N,1,162,"METER LED SHINE""HONDA""ZIP1",Pack,50,0,630,0,0,31500
995,2026-07-29,150,M UMER BADIN,N,2,161,"METER LED SHINE""UNIQUE""ZIP1",Pack,50,0,630,0,0,31500
996,2026-07-29,25,AZAN AUTO BADIN,N,1,160,METER CASE LED SHINE HONDA ZIP1,Pack,20,0,190,0,0,3800
996,2026-07-29,25,AZAN AUTO BADIN,N,2,157,METER CASE LED SHINE UNIQUE ZIP1,Pack,20,0,190,0,0,3800
996,2026-07-29,25,AZAN AUTO BADIN,N,3,158,METER CASE LED SHINE SUPER POWER ZIP1,Pack,10,0,190,0,0,1900
997,2026-07-30,114,TAJ AUTO MEHRAN TOWN 1,N,1,99,ZIP 1 MAGNET COIL RING CDI 70,Pack,10,0,1050,0,0,10500
997,2026-07-30,114,TAJ AUTO MEHRAN TOWN 1,N,2,94, SPARK PLUG C7HSA CHINA,Pack,100,0,75,0,0,7500
997,2026-07-30,114,TAJ AUTO MEHRAN TOWN 1,N,3,60,CHAIN COVER 0.6MM ZIP 1,Pack,5,0,650,0,0,3250
997,2026-07-30,114,TAJ AUTO MEHRAN TOWN 1,N,4,161,"METER LED SHINE""UNIQUE""ZIP1",Pack,2,0,640,0,0,1280
997,2026-07-30,114,TAJ AUTO MEHRAN TOWN 1,N,5,162,"METER LED SHINE""HONDA""ZIP1",Pack,1,0,640,0,0,640
997,2026-07-30,114,TAJ AUTO MEHRAN TOWN 1,N,6,164,"METER LED SHINE""SUPER POWER""ZIP1",Pack,1,0,640,0,0,640
997,2026-07-30,114,TAJ AUTO MEHRAN TOWN 1,N,7,163,"METER LED SHINE""SUPER STAR""ZIP1",Pack,1,0,640,0,0,640
998,2026-07-30,192,SUBHAN AUTO GULSHAN 13D,N,1,143,CARBURETOR PZ22 ZIP 1,Pack,5,0,1940,3,60,9700
998,2026-07-30,192,SUBHAN AUTO GULSHAN 13D,N,2,94, SPARK PLUG C7HSA CHINA,Pack,60,0,75.66,3,2.34,4539.6
999,2026-07-30,295,SIDDIQUE AUTO BILAL COLONY,N,1,94, SPARK PLUG C7HSA CHINA,Pack,200,15,69.375,0,0,13875
1000,2026-07-30,82,JUNAID AUTO AGRA TAJ,N,1,161,"METER LED SHINE""UNIQUE""ZIP1",Pack,10,0,620.8,3,19.2,6208
1000,2026-07-30,82,JUNAID AUTO AGRA TAJ,N,2,162,"METER LED SHINE""HONDA""ZIP1",Pack,10,0,620.8,3,19.2,6208
1000,2026-07-30,82,JUNAID AUTO AGRA TAJ,N,3,164,"METER LED SHINE""SUPER POWER""ZIP1",Pack,10,0,620.8,3,19.2,6208
1000,2026-07-30,82,JUNAID AUTO AGRA TAJ,N,4,163,"METER LED SHINE""SUPER STAR""ZIP1",Pack,10,0,620.8,3,19.2,6208
1000,2026-07-30,82,JUNAID AUTO AGRA TAJ,N,5,157,METER CASE LED SHINE UNIQUE ZIP1,Pack,10,0,194,3,6,1940
1000,2026-07-30,82,JUNAID AUTO AGRA TAJ,N,6,156,"CHAIN KIT""CG125"" MAK 4",Pack,10,0,1649,3,51,16490
1001,2026-07-31,213,YOUSUF AUTO GULLSHAN 13D,N,1,104,CYLINDER KIT 78CM ZIP 1,Pack,1,0,2522,3,78,2522
1001,2026-07-31,213,YOUSUF AUTO GULLSHAN 13D,N,2,102,MAGNET COMPLETE CDI-70 ZIP 1,Pack,1,0,2958.5,3,91.5,2958.5
1001,2026-07-31,213,YOUSUF AUTO GULLSHAN 13D,N,3,121,REAR SHOCK JH90 BLK RECO STAR,Pack,2,0,2328,3,72,4656
1001,2026-07-31,213,YOUSUF AUTO GULLSHAN 13D,N,4,164,"METER LED SHINE""SUPER POWER""ZIP1",Pack,1,0,620.8,3,19.2,620.8
1001,2026-07-31,213,YOUSUF AUTO GULLSHAN 13D,N,5,163,"METER LED SHINE""SUPER STAR""ZIP1",Pack,1,0,620.8,3,19.2,620.8
1001,2026-07-31,213,YOUSUF AUTO GULLSHAN 13D,N,6,160,METER CASE LED SHINE HONDA ZIP1,Pack,2,0,194,3,6,388
1002,2026-07-31,209,R-K AUTO MARKET,N,1,99,ZIP 1 MAGNET COIL RING CDI 70,Pack,10,0,1000,0,0,10000
1003,2026-07-31,238,IMRAN AUTO SHER PAO,N,1,120,FRONT SHOCK CDI.70 RECO STAR,Pack,2,0,3400,0,0,6800
1003,2026-07-31,238,IMRAN AUTO SHER PAO,N,2,60,CHAIN COVER 0.6MM ZIP 1,Pack,10,0,650,0,0,6500
1003,2026-07-31,238,IMRAN AUTO SHER PAO,N,3,104,CYLINDER KIT 78CM ZIP 1,Pack,2,0,2600,0,0,5200
1003,2026-07-31,238,IMRAN AUTO SHER PAO,N,4,106,CYLINDER KIT 97CM ZIP 1,Pack,1,0,2500,0,0,2500
1003,2026-07-31,238,IMRAN AUTO SHER PAO,N,5,143,CARBURETOR PZ22 ZIP 1,Pack,3,0,2050,0,0,6150
1003,2026-07-31,238,IMRAN AUTO SHER PAO,N,6,94, SPARK PLUG C7HSA CHINA,Pack,50,0,75,0,0,3750
1004,2026-07-31,14,ZIP,N,1,99,ZIP 1 MAGNET COIL RING CDI 70,Pack,3,0,635,0,0,1905
1004,2026-07-31,14,ZIP,N,2,125,SILENCER BEST LIFE,Pack,2,0,1150,0,0,2300
1004,2026-07-31,14,ZIP,N,3,144,C.D.I GUTKA COIL CDI 70 ZIP1,Pack,5,0,248,0,0,1240
1005,2026-07-31,357,ADIL AUTO UP MARKET,N,1,127,"CHAIN COVER""5MM"" ZIP 1",Pack,100,0,538.35,3,16.65,53835
1006,2026-08-01,337,NOORANI AUTO SAFORA,N,1,104,CYLINDER KIT 78CM ZIP 1,Pack,7,0,2522,3,78,17654
1006,2026-08-01,337,NOORANI AUTO SAFORA,N,2,105,CYLINDER KIT 72CM ZIP 1,Pack,2,0,2522,3,78,5044
1006,2026-08-01,337,NOORANI AUTO SAFORA,N,3,106,CYLINDER KIT 97CM ZIP 1,Pack,1,0,2813,3,87,2813
1006,2026-08-01,337,NOORANI AUTO SAFORA,N,4,99,ZIP 1 MAGNET COIL RING CDI 70,Pack,13,0,1067,3,33,13871
1006,2026-08-01,337,NOORANI AUTO SAFORA,N,5,98,ZIP 1 MAGNET COIL RING HERO,Pack,2,0,1067,3,33,2134
1006,2026-08-01,337,NOORANI AUTO SAFORA,N,6,102,MAGNET COMPLETE CDI-70 ZIP 1,Pack,2,0,2958.5,3,91.5,5917
1006,2026-08-01,337,NOORANI AUTO SAFORA,N,7,156,"CHAIN KIT""CG125"" MAK 4",Pack,5,0,1649,3,51,8245
1006,2026-08-01,337,NOORANI AUTO SAFORA,N,8,143,CARBURETOR PZ22 ZIP 1,Pack,5,0,1940,3,60,9700
1006,2026-08-01,337,NOORANI AUTO SAFORA,N,9,60,CHAIN COVER 0.6MM ZIP 1,Pack,5,0,635.35,3,19.65,3176.75
1006,2026-08-01,337,NOORANI AUTO SAFORA,N,10,127,"CHAIN COVER""5MM"" ZIP 1",Pack,5,0,538.35,3,16.65,2691.75
1006,2026-08-01,337,NOORANI AUTO SAFORA,N,11,125,SILENCER BEST LIFE,Pack,6,0,1358,3,42,8148
1006,2026-08-01,337,NOORANI AUTO SAFORA,N,12,144,C.D.I GUTKA COIL CDI 70 ZIP1,Pack,5,0,310.4,3,9.6,1552
1006,2026-08-01,337,NOORANI AUTO SAFORA,N,14,162,"METER LED SHINE""HONDA""ZIP1",Pack,4,0,620.8,3,19.2,2483.2
1006,2026-08-01,337,NOORANI AUTO SAFORA,N,15,161,"METER LED SHINE""UNIQUE""ZIP1",Pack,4,0,620.8,3,19.2,2483.2
1006,2026-08-01,337,NOORANI AUTO SAFORA,N,16,163,"METER LED SHINE""SUPER STAR""ZIP1",Pack,3,0,620.8,3,19.2,1862.4
1006,2026-08-01,337,NOORANI AUTO SAFORA,N,17,164,"METER LED SHINE""SUPER POWER""ZIP1",Pack,4,0,620.8,3,19.2,2483.2
1006,2026-08-01,337,NOORANI AUTO SAFORA,N,17,94, SPARK PLUG C7HSA CHINA,Pack,50,0,75.66,3,2.34,3783
1006,2026-08-01,337,NOORANI AUTO SAFORA,N,18,160,METER CASE LED SHINE HONDA ZIP1,Pack,15,0,194,3,6,2910
1006,2026-08-01,337,NOORANI AUTO SAFORA,N,19,157,METER CASE LED SHINE UNIQUE ZIP1,Pack,15,0,194,3,6,2910
1006,2026-08-01,337,NOORANI AUTO SAFORA,N,20,158,METER CASE LED SHINE SUPER POWER ZIP1,Pack,10,0,194,3,6,1940
1006,2026-08-01,337,NOORANI AUTO SAFORA,N,21,159,METER CASE LED SHINE SUPER STAR ZIP1,Pack,10,0,194,3,6,1940
1007,2026-08-01,125,MADINA AUTO SAFORA,N,1,127,"CHAIN COVER""5MM"" ZIP 1",Pack,2,0,555,0,0,1110
1007,2026-08-01,125,MADINA AUTO SAFORA,N,2,160,METER CASE LED SHINE HONDA ZIP1,Pack,3,0,200,0,0,600
1007,2026-08-01,125,MADINA AUTO SAFORA,N,3,157,METER CASE LED SHINE UNIQUE ZIP1,Pack,3,0,200,0,0,600
1007,2026-08-01,125,MADINA AUTO SAFORA,N,4,158,METER CASE LED SHINE SUPER POWER ZIP1,Pack,2,0,200,0,0,400
1007,2026-08-01,125,MADINA AUTO SAFORA,N,5,159,METER CASE LED SHINE SUPER STAR ZIP1,Pack,2,0,200,0,0,400
1007,2026-08-01,125,MADINA AUTO SAFORA,N,6,51,ZIP Spoke 300-17 Long Nipple,Pack,4,0,360,0,0,1440
1008,2026-08-03,164,STAR AUTO MAYMAR,N,1,144,C.D.I GUTKA COIL CDI 70 ZIP1,Pack,20,0,310,0,0,6200
1008,2026-08-03,164,STAR AUTO MAYMAR,N,2,156,"CHAIN KIT""CG125"" MAK 4",Pack,3,0,1700,0,0,5100
1008,2026-08-03,164,STAR AUTO MAYMAR,N,3,160,METER CASE LED SHINE HONDA ZIP1,Pack,15,0,200,0,0,3000
1008,2026-08-03,164,STAR AUTO MAYMAR,N,4,157,METER CASE LED SHINE UNIQUE ZIP1,Pack,15,0,200,0,0,3000
1008,2026-08-03,164,STAR AUTO MAYMAR,N,5,158,METER CASE LED SHINE SUPER POWER ZIP1,Pack,10,0,200,0,0,2000
1008,2026-08-03,164,STAR AUTO MAYMAR,N,6,159,METER CASE LED SHINE SUPER STAR ZIP1,Pack,10,0,200,0,0,2000
1008,2026-08-03,164,STAR AUTO MAYMAR,N,7,99,ZIP 1 MAGNET COIL RING CDI 70,Pack,5,0,1050,0,0,5250
1008,2026-08-03,164,STAR AUTO MAYMAR,N,8,162,"METER LED SHINE""HONDA""ZIP1",Pack,3,0,640,0,0,1920
1008,2026-08-03,164,STAR AUTO MAYMAR,N,9,161,"METER LED SHINE""UNIQUE""ZIP1",Pack,3,0,640,0,0,1920
1008,2026-08-03,164,STAR AUTO MAYMAR,N,10,163,"METER LED SHINE""SUPER STAR""ZIP1",Pack,3,0,640,0,0,1920
1008,2026-08-03,164,STAR AUTO MAYMAR,N,11,164,"METER LED SHINE""SUPER POWER""ZIP1",Pack,3,0,640,0,0,1920
1008,2026-08-03,164,STAR AUTO MAYMAR,N,12,51,ZIP Spoke 300-17 Long Nipple,Pack,5,0,375,0,0,1875
1008,2026-08-03,164,STAR AUTO MAYMAR,N,13,155,SPOKE 2X50X17 ZIP 1,Pack,5,0,325,0,0,1625
1009,2026-08-03,282,SALEEM AUTO MAYMAR,N,1,154,CARBURETOR PZ18 EURO2,Pack,2,0,2050,0,0,4100
1009,2026-08-03,282,SALEEM AUTO MAYMAR,N,2,143,CARBURETOR PZ22 ZIP 1,Pack,2,0,2050,0,0,4100
1010,2026-08-03,231,STAR AUTO MALIR,N,1,99,ZIP 1 MAGNET COIL RING CDI 70,Pack,24,0,1050,0,0,25200
1011,2026-08-03,208,DANISH AUTO KORANGI 51C,N,1,99,ZIP 1 MAGNET COIL RING CDI 70,Pack,5,0,1050,0,0,5250
1011,2026-08-03,208,DANISH AUTO KORANGI 51C,N,2,157,METER CASE LED SHINE UNIQUE ZIP1,Pack,2,0,200,0,0,400
1011,2026-08-03,208,DANISH AUTO KORANGI 51C,N,3,160,METER CASE LED SHINE HONDA ZIP1,Pack,1,0,200,0,0,200
1011,2026-08-03,208,DANISH AUTO KORANGI 51C,N,4,158,METER CASE LED SHINE SUPER POWER ZIP1,Pack,1,0,200,0,0,200
1011,2026-08-03,208,DANISH AUTO KORANGI 51C,N,5,159,METER CASE LED SHINE SUPER STAR ZIP1,Pack,1,0,200,0,0,200
1011,2026-08-03,208,DANISH AUTO KORANGI 51C,N,6,162,"METER LED SHINE""HONDA""ZIP1",Pack,1,0,640,0,0,640
1011,2026-08-03,208,DANISH AUTO KORANGI 51C,N,7,161,"METER LED SHINE""UNIQUE""ZIP1",Pack,1,0,640,0,0,640
1011,2026-08-03,208,DANISH AUTO KORANGI 51C,N,8,164,"METER LED SHINE""SUPER POWER""ZIP1",Pack,1,0,640,0,0,640
1011,2026-08-03,208,DANISH AUTO KORANGI 51C,N,9,163,"METER LED SHINE""SUPER STAR""ZIP1",Pack,1,0,640,0,0,640
1011,2026-08-03,208,DANISH AUTO KORANGI 51C,N,10,111,FRONT SHOCK  JH90 ZIP 1,Pack,1,0,4500,0,0,4500
1011,2026-08-03,208,DANISH AUTO KORANGI 51C,N,11,140,SPARK PLUG NIN C7HSA,Pack,30,0,75,0,0,2250
1011,2026-08-03,208,DANISH AUTO KORANGI 51C,N,12,125,SILENCER BEST LIFE,Pack,2,0,1450,0,0,2900
1011,2026-08-03,208,DANISH AUTO KORANGI 51C,N,13,143,CARBURETOR PZ22 ZIP 1,Pack,1,0,2050,0,0,2050
1012,2026-08-03,356,AMAN AUTO SADI TOWN,N,1,160,METER CASE LED SHINE HONDA ZIP1,Pack,5,0,194,3,6,970
1012,2026-08-03,356,AMAN AUTO SADI TOWN,N,2,158,METER CASE LED SHINE SUPER POWER ZIP1,Pack,5,0,194,3,6,970
1012,2026-08-03,356,AMAN AUTO SADI TOWN,N,3,159,METER CASE LED SHINE SUPER STAR ZIP1,Pack,5,0,194,3,6,970
1012,2026-08-03,356,AMAN AUTO SADI TOWN,N,4,157,METER CASE LED SHINE UNIQUE ZIP1,Pack,5,0,194,3,6,970
1012,2026-08-03,356,AMAN AUTO SADI TOWN,N,5,144,C.D.I GUTKA COIL CDI 70 ZIP1,Pack,30,0,310.4,3,9.6,9312
1012,2026-08-03,356,AMAN AUTO SADI TOWN,N,6,161,"METER LED SHINE""UNIQUE""ZIP1",Pack,3,0,620.8,3,19.2,1862.4
1012,2026-08-03,356,AMAN AUTO SADI TOWN,N,7,162,"METER LED SHINE""HONDA""ZIP1",Pack,3,0,620.8,3,19.2,1862.4
1012,2026-08-03,356,AMAN AUTO SADI TOWN,N,8,164,"METER LED SHINE""SUPER POWER""ZIP1",Pack,3,0,620.8,3,19.2,1862.4
1012,2026-08-03,356,AMAN AUTO SADI TOWN,N,9,163,"METER LED SHINE""SUPER STAR""ZIP1",Pack,3,0,620.8,3,19.2,1862.4
1013,2026-08-03,256,PARTS WALA AUTO LANDHI 6,N,1,95,ZIP 1 PUSH LOCK,Pack,30,0,520,0,0,15600
1013,2026-08-03,256,PARTS WALA AUTO LANDHI 6,N,2,127,"CHAIN COVER""5MM"" ZIP 1",Pack,5,0,555,0,0,2775
1014,2026-08-03,104,HAMZA AUTO MOSMIYAT,N,1,95,ZIP 1 PUSH LOCK,Pack,50,0,515,0,0,25750
1015,2026-08-03,285,K.K AUTO RABIA CITY,N,1,95,ZIP 1 PUSH LOCK,Pack,30,0,523.8,3,16.2,15714
1015,2026-08-03,285,K.K AUTO RABIA CITY,N,2,113,FRONT SHOCK CDI125-ZIP 1,Pack,3,0,4656,3,144,13968
1016,2026-08-03,173,B.S AUTO FARZAN BAK KORANGI,N,1,144,C.D.I GUTKA COIL CDI 70 ZIP1,Pack,20,0,330,0,0,6600
1016,2026-08-03,173,B.S AUTO FARZAN BAK KORANGI,N,2,99,ZIP 1 MAGNET COIL RING CDI 70,Pack,10,0,1100,0,0,11000
1017,2026-08-03,114,TAJ AUTO MEHRAN TOWN 1,N,1,95,ZIP 1 PUSH LOCK,Pack,10,0,530,0,0,5300
1018,2026-08-03,295,SIDDIQUE AUTO BILAL COLONY,N,1,95,ZIP 1 PUSH LOCK,Pack,20,0,523.8,3,16.2,10476
1019,2026-08-03,213,YOUSUF AUTO GULLSHAN 13D,N,1,95,ZIP 1 PUSH LOCK,Pack,10,0,523.8,3,16.2,5238
1020,2026-08-03,178,B.S ALIYAN AUTO WATER PUMP,N,1,95,ZIP 1 PUSH LOCK,Pack,30,0,523.8,3,16.2,15714
1021,2026-08-03,71,HAMZA KHAN AUTOS ORANGI TOWN,N,1,121,REAR SHOCK JH90 BLK RECO STAR,Pack,10,0,2328,3,72,23280
1022,2026-08-03,348,MUKHTAR AUTO KAMRAN CHORANGI,N,1,99,ZIP 1 MAGNET COIL RING CDI 70,Pack,5,0,1050,0,0,5250
1022,2026-08-03,348,MUKHTAR AUTO KAMRAN CHORANGI,N,2,98,ZIP 1 MAGNET COIL RING HERO,Pack,3,0,1050,0,0,3150
1022,2026-08-03,348,MUKHTAR AUTO KAMRAN CHORANGI,N,3,156,"CHAIN KIT""CG125"" MAK 4",Pack,5,0,1700,0,0,8500
1022,2026-08-03,348,MUKHTAR AUTO KAMRAN CHORANGI,N,4,95,ZIP 1 PUSH LOCK,Pack,5,0,540,0,0,2700
1022,2026-08-03,348,MUKHTAR AUTO KAMRAN CHORANGI,N,5,144,C.D.I GUTKA COIL CDI 70 ZIP1,Pack,30,0,320,0,0,9600
1022,2026-08-03,348,MUKHTAR AUTO KAMRAN CHORANGI,N,6,162,"METER LED SHINE""HONDA""ZIP1",Pack,2,0,640,0,0,1280
1022,2026-08-03,348,MUKHTAR AUTO KAMRAN CHORANGI,N,7,161,"METER LED SHINE""UNIQUE""ZIP1",Pack,1,0,640,0,0,640
1022,2026-08-03,348,MUKHTAR AUTO KAMRAN CHORANGI,N,8,163,"METER LED SHINE""SUPER STAR""ZIP1",Pack,1,0,640,0,0,640
1022,2026-08-03,348,MUKHTAR AUTO KAMRAN CHORANGI,N,9,164,"METER LED SHINE""SUPER POWER""ZIP1",Pack,1,0,640,0,0,640
1022,2026-08-03,348,MUKHTAR AUTO KAMRAN CHORANGI,N,10,125,SILENCER BEST LIFE,Pack,6,0,1450,0,0,8700
1022,2026-08-03,348,MUKHTAR AUTO KAMRAN CHORANGI,N,11,94, SPARK PLUG C7HSA CHINA,Pack,50,0,78,0,0,3900
1023,2026-08-03,220,SHAFI AUTO MEMON GOTH,N,1,119,FRONT SHOCK JH.90 RECO STAR,Pack,2,0,3400,0,0,6800
1024,2026-08-03,273,RIZWAN AUTO MALIR,N,1,119,FRONT SHOCK JH.90 RECO STAR,Pack,2,0,3500,0,0,7000
1024,2026-08-03,273,RIZWAN AUTO MALIR,N,2,121,REAR SHOCK JH90 BLK RECO STAR,Pack,2,0,2400,0,0,4800
1025,2026-08-03,292,AL-REHMAN AUTO MALIR,N,1,125,SILENCER BEST LIFE,Pack,2,0,1350,0,0,2700
1026,2026-08-03,27,B.S BAKHTAWAR GOTH,N,1,140,SPARK PLUG NIN C7HSA,Pack,400,40,67.5,0,0,27000
50001,2026-02-07,1,RETAIL SALE,N,1,25,Spoke 300-17 Long Nipple,Pack,12,0,335,0,0,4020
50002,2026-02-18,1,RETAIL SALE,N,1,103,SILENCER ZIP 1,Pack,1,0,1600,0,0,1600
50002,2026-02-18,1,RETAIL SALE,N,2,99,ZIP 1 MAGNET COIL RING CDI 70,Pack,1,0,1050,0,0,1050
50003,2026-03-10,1,RETAIL SALE,N,1,69,ZIP Carburetor PZ-22,Pack,1,0,2000,0,0,2000
50004,2026-03-18,1,RETAIL SALE,N,1,69,ZIP Carburetor PZ-22,Pack,500,0,1,0,0,500
50005,2026-03-31,1,RETAIL SALE,N,1,44,Dachi Engine Oil 700 ML Carton (BLACK),Pack,1,0,3800,0,0,3800
50006,2026-04-01,1,RETAIL SALE,N,1,104,CYLINDER KIT 78CM ZIP 1,Pack,1,0,2350,0,0,2350
50007,2026-04-06,1,RETAIL SALE,N,1,99,ZIP 1 MAGNET COIL RING CDI 70,Pack,72,0,1,0,0,72
50009,2026-05-09,155,HAFEEZ ENGINEERING WORKS LHR,Y,0,111,FRONT SHOCK  JH90 ZIP 1,Pack,2,0,3200,0,0,6400
50009,2026-05-09,155,HAFEEZ ENGINEERING WORKS LHR,Y,0,112,FRONT SHOCK CDI70-ZIP 1,Pack,1,0,3000,0,0,3000
50009,2026-05-09,155,HAFEEZ ENGINEERING WORKS LHR,Y,0,114,REAR SHOCK JH90 BLK-ZIP 1,Pack,1,0,2200,0,0,2200
50010,2026-06-02,1,RETAIL SALE,N,1,114,REAR SHOCK JH90 BLK-ZIP 1,Pack,1,0,2200,0,0,2200
50010,2026-06-02,1,RETAIL SALE,N,2,95,ZIP 1 PUSH LOCK,Pack,1,0,430,0,0,430
50011,2026-06-10,1,RETAIL SALE,N,1,143,CARBURETOR PZ22 ZIP 1,Pack,33,0,1,0,0,33
50012,2026-06-19,1,RETAIL SALE,N,1,100,ZIP 1 BRAKE SHOE FMC,Pack,2,0,185,0,0,370
50013,2026-06-19,1,RETAIL SALE,N,1,100,ZIP 1 BRAKE SHOE FMC,Pack,10,0,260,0,0,2600
50014,2026-06-23,334,PAK AUTO SHAHFAISAL SECTOR 22B,N,1,121,REAR SHOCK JH90 BLK RECO STAR,Pack,2,0,2400,0,0,4800
50014,2026-06-23,334,PAK AUTO SHAHFAISAL SECTOR 22B,N,2,99,ZIP 1 MAGNET COIL RING CDI 70,Pack,10,0,1050,0,0,10500
50014,2026-06-23,334,PAK AUTO SHAHFAISAL SECTOR 22B,N,3,104,CYLINDER KIT 78CM ZIP 1,Pack,5,0,2400,0,0,12000
50014,2026-06-23,334,PAK AUTO SHAHFAISAL SECTOR 22B,N,4,60,CHAIN COVER 0.6MM ZIP 1,Pack,10,0,630,0,0,6300
50014,2026-06-23,334,PAK AUTO SHAHFAISAL SECTOR 22B,N,5,102,MAGNET COMPLETE CDI-70 ZIP 1,Pack,3,0,3000,0,0,9000
50014,2026-06-23,334,PAK AUTO SHAHFAISAL SECTOR 22B,N,6,143,CARBURETOR PZ22 ZIP 1,Pack,5,0,1950,0,0,9750
50014,2026-06-23,334,PAK AUTO SHAHFAISAL SECTOR 22B,N,7,126,"CARBURETOR PZ 16""ZIP 1""",Pack,5,0,2000,0,0,10000
50014,2026-06-23,334,PAK AUTO SHAHFAISAL SECTOR 22B,N,8,144,C.D.I GUTKA COIL CDI 70 ZIP1,Pack,20,0,310,0,0,6200
50015,2026-06-29,86,KAIZEN,Y,0,71,ZIP 1 Clutch Plate Set CD-70 Green,Pack,623,0,110,0,0,68530
50016,2026-07-06,76,ANWER ENGINERING,Y,0,60,CHAIN COVER 0.6MM ZIP 1,Pack,5,0,490,0,0,2450
50017,2026-07-15,1,RETAIL SALE,N,1,99,ZIP 1 MAGNET COIL RING CDI 70,Pack,192,0,650,0,0,124800
50018,2026-07-16,94,SHAMS BHAI,Y,0,143,CARBURETOR PZ22 ZIP 1,Pack,9,0,1540,0,0,13860
50018,2026-07-16,94,SHAMS BHAI,Y,0,126,"CARBURETOR PZ 16""ZIP 1""",Pack,2,0,1500,0,0,3000
50019,2026-07-16,155,HAFEEZ ENGINEERING WORKS LHR,Y,0,117,REAR SHOCK GENUINE TYPE BLK-ZIP 1,Pack,67,0,1800,0,0,120600
50020,2026-07-16,163,HAMID LHR,Y,0,119,FRONT SHOCK JH.90 RECO STAR,Pack,2,0,2600,0,0,5200
50020,2026-07-16,163,HAMID LHR,Y,0,122,REAR SHOCK CDI70 BLK(H)RECO STAR,Pack,1,0,1500,0,0,1500
50020,2026-07-16,163,HAMID LHR,Y,0,121,REAR SHOCK JH90 BLK RECO STAR,Pack,1,0,2000,0,0,2000
