cashno,cashdate,ccode,cname,amount,remarks,collector_id,is_instrument,bank_id
1,2025-11-04,56,RAHIM BHAI CLASSIC MOTORCYCLE,40000,,1,N,
2,2025-11-06,56,RAHIM BHAI CLASSIC MOTORCYCLE,64000,,1,N,
3,2025-11-13,61,SAAD HUMAYUN TRADERS,14920,,1,N,
4,2025-11-28,61,SAAD HUMAYUN TRADERS,10000,,1,N,
5,2025-11-24,57,RANA AUTOS LANDHI,10000,,1,N,
6,2025-11-28,57,RANA AUTOS LANDHI,5000,,1,N,
7,2025-12-11,37,HANIF SUPPLIER,10000,,1,N,
8,2025-11-28,58,RAZA AUTO K AREA MARKET,7500,,1,N,
9,2025-12-05,58,RAZA AUTO K AREA MARKET,10000,,1,N,
10,2025-12-06,25,AZAN AUTO BADIN,48000,,1,N,
11,2025-12-11,25,AZAN AUTO BADIN,30000,,1,N,
12,2025-12-05,25,AZAN AUTO BADIN,25000,,1,N,
13,2025-12-06,25,AZAN AUTO BADIN,2000,,1,N,
14,2025-12-11,25,AZAN AUTO BADIN,20000,,1,N,
15,2025-12-12,73,HUSSAIN AUTO SHAH FAISAL,50000,,1,N,
16,2025-12-13,73,HUSSAIN AUTO SHAH FAISAL,300000,,1,N,
17,2025-12-20,25,AZAN AUTO BADIN,120000,,1,N,
18,2025-12-20,62,SADIQ SONS QUETTA,41000,,1,N,
19,2025-12-20,62,SADIQ SONS QUETTA,3100,,1,N,
20,2025-12-19,37,HANIF SUPPLIER,20000,,1,N,
21,2025-12-19,60,RIZWAN SUPPLIER KORANGI,50000,,1,N,
22,2025-12-19,58,RAZA AUTO K AREA MARKET,10000,,1,N,
23,2025-12-19,57,RANA AUTOS LANDHI,15000,,1,N,
24,2025-12-15,20,ALI AUTOS ISLAM CHOWK,15000,,1,N,
25,2025-12-15,46,MARHABA AUTOS ORANGI DUA CHOWK,20000,,1,N,
26,2025-12-14,57,RANA AUTOS LANDHI,7000,,1,N,
27,2025-12-24,89,WAQAS TYRE TUBE ISLAM CHOWK,13400,,1,N,
28,2025-12-24,69,WAQAS AUTOS ISLAM CHOWK,25000,,1,N,
29,2025-12-24,77,MALIK AUTO LINES AREA,11500,,1,N,
30,2025-12-24,20,ALI AUTOS ISLAM CHOWK,10000,,1,N,
31,2025-12-25,25,AZAN AUTO BADIN,4800,,1,N,
32,2025-12-25,65,SHANDAR AUTOS NAUKOT,20000,,1,N,
33,2025-12-27,73,HUSSAIN AUTO SHAH FAISAL,100000,,1,N,
34,2025-12-21,61,SAAD HUMAYUN TRADERS,7110,,1,N,
35,2025-12-31,25,AZAN AUTO BADIN,70000,,1,N,
36,2025-12-29,25,AZAN AUTO BADIN,30000,,1,N,
37,2025-12-29,81,TAYYABA AUTO SURJANI,10000,,1,N,
38,2025-12-30,57,RANA AUTOS LANDHI,10000,,1,N,
39,2025-12-30,58,RAZA AUTO K AREA MARKET,10000,,1,N,
40,2025-12-30,20,ALI AUTOS ISLAM CHOWK,10000,,1,N,
42,2026-01-01,60,RIZWAN SUPPLIER KORANGI,50000,,1,N,
43,2026-01-01,58,RAZA AUTO K AREA MARKET,10000,,1,N,
44,2025-12-31,77,MALIK AUTO LINES AREA,10000,,1,N,
45,2025-12-31,82,JUNAID AUTO AGRA TAJ,10000,,1,N,
46,2026-01-01,102,SALEEM MAMU,8500,,1,N,
47,2026-01-04,37,HANIF SUPPLIER,48000,,1,N,
48,2026-01-06,102,SALEEM MAMU,5000,,1,N,
49,2026-01-06,69,WAQAS AUTOS ISLAM CHOWK,32000,,1,N,
50,2026-01-06,71,HAMZA KHAN AUTOS ORANGI TOWN,20000,,1,N,
51,2026-01-06,46,MARHABA AUTOS ORANGI DUA CHOWK,7200,,1,N,
52,2026-01-06,58,RAZA AUTO K AREA MARKET,10000,,1,N,
53,2026-01-06,57,RANA AUTOS LANDHI,18000,,1,N,
54,2026-01-06,101,A.R AUTOS BAGH-E-KORANGI,5000,,1,N,
55,2026-01-07,42,KHATAOMAL PANGRIO,40500,,1,N,
56,2026-01-07,34,F.A AUTOS THATTA,38800,,1,N,
57,2026-01-08,91,ADNAN SURJANI 7B,8000,,1,N,
58,2026-01-08,81,TAYYABA AUTO SURJANI,6000,,1,N,
59,2026-01-08,73,HUSSAIN AUTO SHAH FAISAL,100000,,1,N,
60,2026-01-09,25,AZAN AUTO BADIN,50000,,1,N,
61,2026-01-08,69,WAQAS AUTOS ISLAM CHOWK,18000,,1,N,
62,2026-01-08,58,RAZA AUTO K AREA MARKET,10000,,1,N,
63,2026-01-08,70,UNIQUE AUTOS LANDHI,14000,,1,N,
64,2026-01-11,52,NOOR AUTOS QUAIDABAD,30000,,1,N,
65,2026-01-11,79,REHMAN AUTO AJMEER NAGRI,5000,,1,N,
66,2026-01-11,92,OSAMA ISLAM CHOWK,7000,,1,N,
67,2026-01-12,23,AMJAD NOOR,50000,,1,N,
68,2026-01-12,105,A.H AUTO ORANGI L BLOCK,3000,,1,N,
69,2026-01-14,80,HUSSAIN AUTO AJMEER NAGRI,22740,,1,N,
70,2026-01-14,20,ALI AUTOS ISLAM CHOWK,10000,,1,N,
71,2026-01-14,71,HAMZA KHAN AUTOS ORANGI TOWN,10000,,1,N,
72,2026-01-14,77,MALIK AUTO LINES AREA,15000,,1,N,
73,2026-01-15,82,JUNAID AUTO AGRA TAJ,15000,,1,N,
74,2026-01-15,67,JAMEEL AUTOS LEE MARKET,20000,,1,N,
75,2026-01-16,91,ADNAN SURJANI 7B,6000,,1,N,
76,2026-01-16,27,B.S BAKHTAWAR GOTH,30000,,1,N,
77,2026-01-16,60,RIZWAN SUPPLIER KORANGI,70000,,1,N,
78,2026-01-16,58,RAZA AUTO K AREA MARKET,10000,,1,N,
79,2026-01-16,57,RANA AUTOS LANDHI,10000,,1,N,
80,2026-01-19,92,OSAMA ISLAM CHOWK,5000,,1,N,
81,2026-01-19,105,A.H AUTO ORANGI L BLOCK,4000,,1,N,
82,2026-01-20,25,AZAN AUTO BADIN,100000,,1,N,
83,2026-01-20,73,HUSSAIN AUTO SHAH FAISAL,110000,,1,N,
84,2026-01-20,72,PRINCE AUTOS SAKRO,84000,,1,N,
85,2026-01-20,62,SADIQ SONS QUETTA,51000,,1,N,
86,2026-01-20,108,SALEEM MEMON MARKET,47000,,1,N,
87,2026-01-20,108,SALEEM MEMON MARKET,800,DISCOUNT EXP,1,N,
88,2026-01-21,58,RAZA AUTO K AREA MARKET,10000,,1,N,
89,2026-01-21,101,A.R AUTOS BAGH-E-KORANGI,10000,,1,N,
90,2026-01-21,57,RANA AUTOS LANDHI,27000,,1,N,
91,2026-01-21,69,WAQAS AUTOS ISLAM CHOWK,43000,,1,N,
92,2026-01-21,20,ALI AUTOS ISLAM CHOWK,10000,,1,N,
93,2026-01-21,71,HAMZA KHAN AUTOS ORANGI TOWN,15000,,1,N,
94,2026-01-22,98,ASLAM AUTOS MARIPUR,41000,,1,N,
95,2026-01-22,82,JUNAID AUTO AGRA TAJ,10000,,1,N,
96,2026-01-22,67,JAMEEL AUTOS LEE MARKET,20000,,1,N,
98,2026-01-22,106,HASAN AUTO NAZIA SQUARE,3000,,1,N,
99,2026-01-22,23,AMJAD NOOR,40000,,1,N,
100,2026-01-23,58,RAZA AUTO K AREA MARKET,11300,,1,N,
101,2026-01-23,68,ARIF AUTOS LANDHI,30000,,1,N,
102,2026-01-23,79,REHMAN AUTO AJMEER NAGRI,5000,,1,N,
103,2026-01-20,28,SHOAIB AHMED ZIP 1,1000,,1,N,
104,2026-01-26,92,OSAMA ISLAM CHOWK,3000,,1,N,
105,2026-01-26,110,TALHA QALANDRIYA,4000,,1,N,
106,2026-01-26,75,YASIR AUTOS SACHAL GOTH,15000,,1,N,
107,2026-01-26,27,B.S BAKHTAWAR GOTH,15000,,1,N,
108,2026-01-26,68,ARIF AUTOS LANDHI,30000,,1,N,
109,2026-01-26,99,FAISAL AUTOS KORANGI,20000,,1,N,
110,2026-01-26,26,AZAN AUTOS JIMMY LANDHI,15000,,1,N,
111,2026-01-26,113,QALANDRI AUTO LANDHI,5000,,1,N,
112,2026-01-26,101,A.R AUTOS BAGH-E-KORANGI,7000,,1,N,
113,2026-01-26,65,SHANDAR AUTOS NAUKOT,10000,,1,N,
114,2026-01-26,103,GHOUSIA AUTO JHUDDO,8880,,1,N,
115,2026-01-26,97,BHITTAI AUTOS SAMARO,18320,,1,N,
117,2026-01-26,102,SALEEM MAMU,13500,,1,N,
118,2026-01-27,111,HAMZA AUTO SURJANI,6000,,1,N,
119,2026-01-27,104,HAMZA AUTO MOSMIYAT,25000,,1,N,
120,2026-01-27,112,RAJPUT AUTO SABRI CHOWK ORANGI,17000,,1,N,
121,2026-01-27,20,ALI AUTOS ISLAM CHOWK,10000,,1,N,
122,2026-01-27,69,WAQAS AUTOS ISLAM CHOWK,25000,,1,N,
123,2026-01-27,89,WAQAS TYRE TUBE ISLAM CHOWK,13400,,1,N,
124,2026-01-28,93,ABBAS AUTO GULLBURG,3000,,1,N,
125,2026-01-29,109,BABU AUTO SINDHI HOTEL,6000,,1,N,
126,2026-01-29,90,HAMMAD SURJANI,5000,,1,N,
127,2026-01-29,106,HASAN AUTO NAZIA SQUARE,3000,,1,N,
128,2026-01-29,73,HUSSAIN AUTO SHAH FAISAL,100000,,1,N,
129,2026-01-29,69,WAQAS AUTOS ISLAM CHOWK,25000,,1,N,
130,2026-01-29,82,JUNAID AUTO AGRA TAJ,10000,,1,N,
131,2026-01-29,98,ASLAM AUTOS MARIPUR,25000,,1,N,
132,2026-01-29,77,MALIK AUTO LINES AREA,13000,,1,N,
133,2026-01-31,117,JAFFER B CLOCK TOWER(SHOAIB),7750,,1,N,
134,2026-01-31,25,AZAN AUTO BADIN,75000,,1,N,
135,2026-02-02,125,MADINA AUTO SAFORA,3550,,1,N,
137,2026-02-02,27,B.S BAKHTAWAR GOTH,6800,,1,N,
138,2026-02-02,107,NIZAM AUTO MAYMAR,1820,,1,N,
139,2026-02-02,75,YASIR AUTOS SACHAL GOTH,10900,,1,N,
140,2026-02-02,29,BILAL WHEEL THROUGH SACHAL,14200,,1,N,
141,2026-02-02,37,HANIF SUPPLIER,1280,,1,N,
142,2026-02-02,26,AZAN AUTOS JIMMY LANDHI,16000,,1,N,
143,2026-02-02,79,REHMAN AUTO AJMEER NAGRI,6000,,1,N,
144,2026-02-02,110,TALHA QALANDRIYA,4000,,1,N,
145,2026-02-02,32,DAWOOD SULTAN AUTOS ORANGI TOW,10000,,1,N,
146,2026-02-02,105,A.H AUTO ORANGI L BLOCK,7000,,1,N,
147,2026-02-02,80,HUSSAIN AUTO AJMEER NAGRI,5000,,1,N,
148,2026-02-03,111,HAMZA AUTO SURJANI,6000,easy paisa,1,N,
149,2026-02-03,69,WAQAS AUTOS ISLAM CHOWK,30000,mohsin,1,N,
150,2026-02-03,28,SHOAIB AHMED ZIP 1,8750,easy paisa,1,N,
151,2026-02-03,25,AZAN AUTO BADIN,50000,,1,N,
152,2026-02-05,78,MARWAT AUTO SCOUT COLONY,5000,,1,N,
153,2026-02-05,17,AHMED RAZA AUTOS REHMANIA MOR,3000,,1,N,
154,2026-02-05,93,ABBAS AUTO GULLBURG,3000,,1,N,
155,2026-02-05,73,HUSSAIN AUTO SHAH FAISAL,100000,,1,N,
156,2026-02-05,96,GHAZI AUTOS GOLARCHI,100000,,1,N,
157,2026-02-05,25,AZAN AUTO BADIN,20000,,1,N,
158,2026-02-05,77,MALIK AUTO LINES AREA,15000,,1,N,
159,2026-02-05,82,JUNAID AUTO AGRA TAJ,10000,,1,N,
160,2026-02-05,57,RANA AUTOS LANDHI,10000,,1,N,
161,2026-02-05,121,AL-KARAM AUTO MARKET,10000,,1,N,
163,2026-02-06,79,REHMAN AUTO AJMEER NAGRI,8000,,1,N,
164,2026-02-06,60,RIZWAN SUPPLIER KORANGI,80000,,1,N,
165,2026-02-06,68,ARIF AUTOS LANDHI,40000,,1,N,
166,2026-02-06,99,FAISAL AUTOS KORANGI,20000,,1,N,
167,2026-02-06,57,RANA AUTOS LANDHI,35000,,1,N,
168,2026-02-07,23,AMJAD NOOR,30000,,1,N,
169,2026-01-30,59,RIDER AUTO PARTS,100000,,1,N,
170,2026-02-09,67,JAMEEL AUTOS LEE MARKET,20000,,1,N,
171,2026-02-09,101,A.R AUTOS BAGH-E-KORANGI,10000,,1,N,
172,2026-02-09,113,QALANDRI AUTO LANDHI,4500,,1,N,
173,2026-02-09,118,OSAMA NORTH KARACHI,3000,,1,N,
174,2026-02-09,81,TAYYABA AUTO SURJANI,10000,,1,N,
175,2026-02-10,104,HAMZA AUTO MOSMIYAT,43000,,1,N,
176,2026-02-10,134,SAEED BHAI PLAZA,5150,,1,N,
177,2026-02-10,69,WAQAS AUTOS ISLAM CHOWK,40000,,1,N,
178,2026-02-10,89,WAQAS TYRE TUBE ISLAM CHOWK,17000,,1,N,
179,2026-02-10,20,ALI AUTOS ISLAM CHOWK,13000,,1,N,
180,2026-02-10,112,RAJPUT AUTO SABRI CHOWK ORANGI,5000,,1,N,
181,2026-02-10,23,AMJAD NOOR,50000,,1,N,
182,2026-02-11,25,AZAN AUTO BADIN,45000,,1,N,
183,2026-02-11,122,NASIR AUTO ORANGZAIB MARKET,8000,,1,N,
184,2026-02-12,109,BABU AUTO SINDHI HOTEL,10000,,1,N,
185,2026-02-12,78,MARWAT AUTO SCOUT COLONY,9000,,1,N,
186,2026-02-12,111,HAMZA AUTO SURJANI,2000,,1,N,
187,2026-02-12,77,MALIK AUTO LINES AREA,14000,,1,N,
188,2026-02-12,98,ASLAM AUTOS MARIPUR,20000,,1,N,
189,2026-02-12,82,JUNAID AUTO AGRA TAJ,12000,,1,N,
190,2026-02-12,67,JAMEEL AUTOS LEE MARKET,12000,,1,N,
191,2026-02-12,123,LUCKY AUTO WATER PUMP,5000,,1,N,
192,2026-02-12,23,AMJAD NOOR,19800,,1,N,
193,2026-02-13,23,AMJAD NOOR,70000,,1,N,
194,2026-02-13,38,IBRAHIM KORANGI (SHOAIB),10650,,1,N,
195,2026-02-14,25,AZAN AUTO BADIN,50000,,1,N,
196,2026-02-12,121,AL-KARAM AUTO MARKET,10000,,1,N,
197,2026-02-12,99,FAISAL AUTOS KORANGI,10000,,1,N,
198,2026-02-12,68,ARIF AUTOS LANDHI,20000,,1,N,
199,2026-02-12,57,RANA AUTOS LANDHI,20000,,1,N,
200,2026-02-12,58,RAZA AUTO K AREA MARKET,10000,,1,N,
201,2026-02-12,51,NEW KAKAR AUTOS PIDC,8700,,1,N,
202,2026-02-17,104,HAMZA AUTO MOSMIYAT,35000,,1,N,
203,2026-02-17,93,ABBAS AUTO GULLBURG,3000,,1,N,
204,2026-02-17,118,OSAMA NORTH KARACHI,3000,,1,N,
205,2026-02-17,17,AHMED RAZA AUTOS REHMANIA MOR,2900,,1,N,
206,2026-02-17,68,ARIF AUTOS LANDHI,65000,,1,N,
207,2026-02-17,137,KHAN SHAHRUKH AUTO KORANGI,10000,,1,N,
208,2026-02-17,130,ALVI AUTO BALDIA 4 NUMBER,13000,,1,N,
209,2026-02-17,139,IQBAL AUTO BALDIA,5000,,1,N,
210,2026-02-17,112,RAJPUT AUTO SABRI CHOWK ORANGI,10000,,1,N,
211,2026-02-17,71,HAMZA KHAN AUTOS ORANGI TOWN,15500,,1,N,
212,2026-02-17,69,WAQAS AUTOS ISLAM CHOWK,45000,,1,N,
213,2026-02-17,89,WAQAS TYRE TUBE ISLAM CHOWK,19000,,1,N,
214,2026-02-17,123,LUCKY AUTO WATER PUMP,10000,,1,N,
215,2026-02-19,115,HONDA KARACHI PAKISTAN CHOWK,14000,,1,N,
216,2026-02-19,24,AYAN AUTOS CLIFTON,15000,,1,N,
217,2026-02-19,141,ALI AUTO MEHMODABAD,8000,,1,N,
218,2026-02-19,98,ASLAM AUTOS MARIPUR,30000,,1,N,
219,2026-02-19,68,ARIF AUTOS LANDHI,23000,,1,N,
220,2026-02-20,109,BABU AUTO SINDHI HOTEL,7000,,1,N,
221,2026-02-20,17,AHMED RAZA AUTOS REHMANIA MOR,8000,,1,N,
222,2026-02-20,99,FAISAL AUTOS KORANGI,10000,,1,N,
223,2026-02-20,57,RANA AUTOS LANDHI,30000,,1,N,
224,2026-02-21,25,AZAN AUTO BADIN,43000,,1,N,
225,2026-02-21,25,AZAN AUTO BADIN,40000,,1,N,
226,2026-02-23,68,ARIF AUTOS LANDHI,20000,,1,N,
227,2026-02-23,57,RANA AUTOS LANDHI,20000,,1,N,
228,2026-02-23,113,QALANDRI AUTO LANDHI,3000,,1,N,
229,2026-02-23,137,KHAN SHAHRUKH AUTO KORANGI,10000,,1,N,
230,2026-02-23,23,AMJAD NOOR,17000,,1,N,
231,2026-02-24,117,JAFFER B CLOCK TOWER(SHOAIB),10000,,1,N,
232,2026-02-24,139,IQBAL AUTO BALDIA,10000,,1,N,
233,2026-02-24,112,RAJPUT AUTO SABRI CHOWK ORANGI,22000,,1,N,
234,2026-02-24,69,WAQAS AUTOS ISLAM CHOWK,40000,,1,N,
235,2026-02-24,89,WAQAS TYRE TUBE ISLAM CHOWK,10000,,1,N,
236,2026-02-25,81,TAYYABA AUTO SURJANI,2000,,1,N,
237,2026-02-25,93,ABBAS AUTO GULLBURG,2000,,1,N,
238,2026-02-25,110,TALHA QALANDRIYA,6000,,1,N,
239,2026-02-25,90,HAMMAD SURJANI,10000,,1,N,
240,2026-02-26,104,HAMZA AUTO MOSMIYAT,30000,,1,N,
241,2026-02-26,73,HUSSAIN AUTO SHAH FAISAL,300000,,1,N,
242,2026-02-26,141,ALI AUTO MEHMODABAD,10000,,1,N,
243,2026-02-26,24,AYAN AUTOS CLIFTON,15000,,1,N,
244,2026-02-26,77,MALIK AUTO LINES AREA,15000,,1,N,
245,2026-02-26,67,JAMEEL AUTOS LEE MARKET,20000,,1,N,
246,2026-02-26,20,ALI AUTOS ISLAM CHOWK,20000,,1,N,
247,2026-02-26,115,HONDA KARACHI PAKISTAN CHOWK,20000,,1,N,
248,2026-02-27,109,BABU AUTO SINDHI HOTEL,10000,,1,N,
249,2026-02-27,17,AHMED RAZA AUTOS REHMANIA MOR,4000,,1,N,
250,2026-02-27,144,TAJ AUTO MEHRAN TOWN 2,7000,,1,N,
251,2026-02-27,99,FAISAL AUTOS KORANGI,7000,,1,N,
252,2026-02-27,60,RIZWAN SUPPLIER KORANGI,50000,,1,N,
253,2026-02-27,57,RANA AUTOS LANDHI,25000,,1,N,
254,2026-02-27,68,ARIF AUTOS LANDHI,25000,,1,N,
255,2026-02-27,58,RAZA AUTO K AREA MARKET,10000,,1,N,
256,2026-02-28,65,SHANDAR AUTOS NAUKOT,8000,,1,N,
257,2026-03-02,132,ADNAN AUTO FAST,100000,,1,N,
258,2026-03-02,59,RIDER AUTO PARTS,95000,,1,N,
259,2026-03-02,23,AMJAD NOOR,47000,,1,N,
260,2026-03-02,79,REHMAN AUTO AJMEER NAGRI,5000,,1,N,
261,2026-03-02,118,OSAMA NORTH KARACHI,3000,,1,N,
262,2026-03-02,92,OSAMA ISLAM CHOWK,10000,,1,N,
263,2026-03-02,32,DAWOOD SULTAN AUTOS ORANGI TOW,5000,,1,N,
264,2026-03-02,137,KHAN SHAHRUKH AUTO KORANGI,10000,,1,N,
265,2026-03-02,68,ARIF AUTOS LANDHI,10000,,1,N,
266,2026-03-02,57,RANA AUTOS LANDHI,10000,,1,N,
267,2026-03-02,101,A.R AUTOS BAGH-E-KORANGI,20000,,1,N,
268,2026-03-02,142,MADINA AUTO AZIZABAD,8000,,1,N,
269,2026-03-02,113,QALANDRI AUTO LANDHI,5000,,1,N,
270,2026-03-03,139,IQBAL AUTO BALDIA,10000,,1,N,
271,2026-03-03,130,ALVI AUTO BALDIA 4 NUMBER,10000,,1,N,
272,2026-03-03,71,HAMZA KHAN AUTOS ORANGI TOWN,20000,,1,N,
273,2026-03-03,69,WAQAS AUTOS ISLAM CHOWK,30000,,1,N,
274,2026-03-03,112,RAJPUT AUTO SABRI CHOWK ORANGI,15000,,1,N,
275,2026-03-03,140,MAMA A-1 GULSHAN 13D,10000,,1,N,
276,2026-03-03,145,HUMA AUTO KORANGI,3000,,1,N,
277,2026-03-03,90,HAMMAD SURJANI,10000,,1,N,
278,2026-03-04,132,ADNAN AUTO FAST,50000,,1,N,
279,2026-03-04,126,ALAM AUTO GODHRA,24000,,1,N,
280,2026-03-04,97,BHITTAI AUTOS SAMARO,40000,,1,N,
281,2026-03-04,83,SINDH KOHLI SAMARO,25000,,1,N,
282,2026-03-04,122,NASIR AUTO ORANGZAIB MARKET,7000,,1,N,
283,2026-03-04,24,AYAN AUTOS CLIFTON,15000,,1,N,
284,2026-03-04,141,ALI AUTO MEHMODABAD,15000,,1,N,
285,2026-03-04,93,ABBAS AUTO GULLBURG,2500,,1,N,
286,2026-03-05,129,B.S AUTO AZIZABAD,16780,,1,N,
287,2026-03-05,82,JUNAID AUTO AGRA TAJ,15000,,1,N,
288,2026-03-05,67,JAMEEL AUTOS LEE MARKET,20000,,1,N,
289,2026-03-05,123,LUCKY AUTO WATER PUMP,10000,,1,N,
290,2026-03-05,104,HAMZA AUTO MOSMIYAT,28000,,1,N,
291,2026-03-05,25,AZAN AUTO BADIN,200000,,1,N,
292,2026-03-07,144,TAJ AUTO MEHRAN TOWN 2,10000,,1,N,
293,2026-03-07,99,FAISAL AUTOS KORANGI,7000,,1,N,
294,2026-03-07,68,ARIF AUTOS LANDHI,15000,,1,N,
295,2026-03-07,106,HASAN AUTO NAZIA SQUARE,2000,,1,N,
296,2026-02-24,51,NEW KAKAR AUTOS PIDC,15000,,1,N,
297,2026-01-26,150,M UMER BADIN,30000,,1,N,
298,2026-03-09,149,SHEIKH AUTO PEHALWAN GOTH,15000,,1,N,
299,2026-03-09,27,B.S BAKHTAWAR GOTH,12740,,1,N,
300,2026-03-09,148,IRFAN AUTO SHAH FAISAL,5000,,1,N,
301,2026-03-09,158,PAKISTAN AUTO QUAIDABAD,5000,,1,N,
302,2026-03-09,79,REHMAN AUTO AJMEER NAGRI,5000,,1,N,
303,2026-03-09,118,OSAMA NORTH KARACHI,3000,,1,N,
304,2026-03-09,92,OSAMA ISLAM CHOWK,10000,,1,N,
305,2026-03-09,51,NEW KAKAR AUTOS PIDC,15000,,1,N,
306,2026-03-09,115,HONDA KARACHI PAKISTAN CHOWK,20000,,1,N,
307,2026-03-09,98,ASLAM AUTOS MARIPUR,20000,,1,N,
308,2026-03-09,57,RANA AUTOS LANDHI,20000,,1,N,
309,2026-03-09,68,ARIF AUTOS LANDHI,30510,,1,N,
310,2026-03-10,138,ASIM BROTHERS MARKET,10000,,1,N,
311,2026-03-10,132,ADNAN AUTO FAST,50000,,1,N,
312,2026-03-10,28,SHOAIB AHMED ZIP 1,8000,,1,N,
313,2026-03-10,111,HAMZA AUTO SURJANI,5000,,1,N,
314,2026-03-10,81,TAYYABA AUTO SURJANI,5000,,1,N,
315,2026-03-10,112,RAJPUT AUTO SABRI CHOWK ORANGI,15000,,1,N,
316,2026-03-10,69,WAQAS AUTOS ISLAM CHOWK,30000,,1,N,
317,2026-03-10,89,WAQAS TYRE TUBE ISLAM CHOWK,20000,,1,N,
318,2026-03-10,20,ALI AUTOS ISLAM CHOWK,10000,,1,N,
319,2026-03-10,145,HUMA AUTO KORANGI,3000,,1,N,
320,2026-03-10,146,ATTARI AUTO KORANGI,5000,,1,N,
321,2026-03-10,142,MADINA AUTO AZIZABAD,7500,,1,N,
322,2026-03-10,137,KHAN SHAHRUKH AUTO KORANGI,18000,,1,N,
323,2026-03-12,109,BABU AUTO SINDHI HOTEL,10000,,1,N,
324,2026-03-12,121,AL-KARAM AUTO MARKET,8000,,1,N,
325,2026-03-12,141,ALI AUTO MEHMODABAD,10000,,1,N,
326,2026-03-12,24,AYAN AUTOS CLIFTON,20000,,1,N,
327,2026-03-12,98,ASLAM AUTOS MARIPUR,15000,,1,N,
328,2026-03-12,82,JUNAID AUTO AGRA TAJ,15000,,1,N,
329,2026-03-12,123,LUCKY AUTO WATER PUMP,6000,,1,N,
330,2026-03-12,104,HAMZA AUTO MOSMIYAT,48000,,1,N,
331,2026-03-12,172,FINAL AUTO MARKET,16580,,1,N,
332,2026-03-14,148,IRFAN AUTO SHAH FAISAL,10000,,1,N,
333,2026-03-14,167,QADRI AUTO SHAH FAISAL,5000,,1,N,
334,2026-03-14,170,ABDUL HADI AUTO DRIG ROAD,3000,,1,N,
335,2026-03-14,144,TAJ AUTO MEHRAN TOWN 2,7000,,1,N,
336,2026-03-14,99,FAISAL AUTOS KORANGI,7000,,1,N,
337,2026-03-14,68,ARIF AUTOS LANDHI,20000,,1,N,
338,2026-03-14,57,RANA AUTOS LANDHI,15000,,1,N,
339,2026-03-14,176,ANSARI AUTO DASTAGIR,1000,,1,N,
340,2026-03-14,182,SHAMA AUTO ELECTRIC W/P,1000,,1,N,
341,2026-03-14,61,SAAD HUMAYUN TRADERS,6389,,1,N,
342,2026-03-14,147,JIJAL AUTO GHARO,39000,,1,N,
343,2026-03-16,68,ARIF AUTOS LANDHI,15000,,1,N,
344,2026-03-16,57,RANA AUTOS LANDHI,20000,,1,N,
345,2026-03-16,101,A.R AUTOS BAGH-E-KORANGI,15000,,1,N,
346,2026-03-16,121,AL-KARAM AUTO MARKET,13000,,1,N,
347,2026-03-16,79,REHMAN AUTO AJMEER NAGRI,5000,,1,N,
348,2026-03-16,118,OSAMA NORTH KARACHI,3000,,1,N,
349,2026-03-16,92,OSAMA ISLAM CHOWK,15000,,1,N,
350,2026-03-16,36,HADIA K1 NORTH NAZIMABAD,10000,,1,N,
351,2026-03-16,162,M.S MURAD ORANGI,5000,,1,N,
352,2026-03-16,32,DAWOOD SULTAN AUTOS ORANGI TOW,5000,,1,N,
353,2026-03-16,159,WAQAS AUTO BUFFER ZONE,5000,,1,N,
354,2026-03-16,164,STAR AUTO MAYMAR,10000,,1,N,
355,2026-03-16,158,PAKISTAN AUTO QUAIDABAD,5000,,1,N,
356,2026-03-16,38,IBRAHIM KORANGI (SHOAIB),7750,,1,N,
357,2026-03-17,109,BABU AUTO SINDHI HOTEL,10000,,1,N,
358,2026-03-14,178,B.S ALIYAN AUTO WATER PUMP,2000,,1,N,
359,2026-03-14,179,A.W AUTO WATER PUMP,2000,,1,N,
360,2026-03-14,175,JAPAN AUTO WATER PUMP,2000,,1,N,
361,2026-03-14,142,MADINA AUTO AZIZABAD,7000,,1,N,
362,2026-03-16,182,SHAMA AUTO ELECTRIC W/P,1000,,1,N,
363,2026-03-16,176,ANSARI AUTO DASTAGIR,1000,,1,N,
364,2026-03-16,146,ATTARI AUTO KORANGI,5000,,1,N,
365,2026-03-16,145,HUMA AUTO KORANGI,3000,,1,N,
366,2026-03-17,123,LUCKY AUTO WATER PUMP,5000,,1,N,
367,2026-03-17,179,A.W AUTO WATER PUMP,2000,,1,N,
368,2026-03-17,175,JAPAN AUTO WATER PUMP,2000,,1,N,
369,2026-03-17,178,B.S ALIYAN AUTO WATER PUMP,2000,,1,N,
370,2026-03-17,177,FARHAN AUTO WATER PUMP,1000,,1,N,
371,2026-03-17,132,ADNAN AUTO FAST,50000,,1,N,
372,2026-03-17,56,RAHIM BHAI CLASSIC MOTORCYCLE,100000,,1,N,
373,2026-03-17,71,HAMZA KHAN AUTOS ORANGI TOWN,20000,,1,N,
374,2026-03-17,20,ALI AUTOS ISLAM CHOWK,10000,,1,N,
375,2026-03-17,69,WAQAS AUTOS ISLAM CHOWK,30000,,1,N,
376,2026-03-17,112,RAJPUT AUTO SABRI CHOWK ORANGI,15000,,1,N,
377,2026-03-17,139,IQBAL AUTO BALDIA,5000,,1,N,
378,2026-03-18,24,AYAN AUTOS CLIFTON,26000,,1,N,
379,2026-03-18,141,ALI AUTO MEHMODABAD,10000,,1,N,
380,2026-03-18,129,B.S AUTO AZIZABAD,10000,,1,N,
381,2026-03-18,77,MALIK AUTO LINES AREA,8000,,1,N,
382,2026-03-18,176,ANSARI AUTO DASTAGIR,2000,,1,N,
383,2026-03-18,177,FARHAN AUTO WATER PUMP,1000,,1,N,
384,2026-03-18,175,JAPAN AUTO WATER PUMP,1000,,1,N,
385,2026-03-18,179,A.W AUTO WATER PUMP,1000,,1,N,
386,2026-03-18,182,SHAMA AUTO ELECTRIC W/P,1000,,1,N,
387,2026-03-18,168,B.S AUTO QUAIDABAD,21600,,1,N,
388,2026-03-18,149,SHEIKH AUTO PEHALWAN GOTH,20000,,1,N,
389,2026-03-18,138,ASIM BROTHERS MARKET,10000,,1,N,
390,2026-03-19,104,HAMZA AUTO MOSMIYAT,45000,,1,N,
391,2026-03-19,91,ADNAN SURJANI 7B,10000,,1,N,
392,2026-03-19,42,KHATAOMAL PANGRIO,68000,,1,N,
393,2026-03-19,114,TAJ AUTO MEHRAN TOWN 1,5000,,1,N,
394,2026-03-19,173,B.S AUTO FARZAN BAK KORANGI,5000,,1,N,
395,2026-03-19,179,A.W AUTO WATER PUMP,2000,,1,N,
396,2026-03-19,178,B.S ALIYAN AUTO WATER PUMP,2000,,1,N,
397,2026-03-19,175,JAPAN AUTO WATER PUMP,1000,,1,N,
398,2026-03-19,177,FARHAN AUTO WATER PUMP,1000,,1,N,
399,2026-03-19,182,SHAMA AUTO ELECTRIC W/P,1000,,1,N,
400,2026-03-19,176,ANSARI AUTO DASTAGIR,1000,,1,N,
401,2025-10-01,23,AMJAD NOOR,22500,,1,N,
402,2026-03-20,71,HAMZA KHAN AUTOS ORANGI TOWN,20000,,1,N,
403,2026-03-20,82,JUNAID AUTO AGRA TAJ,15000,,1,N,
404,2026-03-20,68,ARIF AUTOS LANDHI,20000,,1,N,
405,2026-03-20,196,MAMA A-1 13D WHEEL RIM,24000,,1,N,
406,2026-03-20,170,ABDUL HADI AUTO DRIG ROAD,3000,,1,N,
407,2026-03-20,148,IRFAN AUTO SHAH FAISAL,10000,,1,N,
408,2026-03-20,167,QADRI AUTO SHAH FAISAL,5000,,1,N,
409,2026-03-20,59,RIDER AUTO PARTS,100000,,1,N,
410,2026-03-20,56,RAHIM BHAI CLASSIC MOTORCYCLE,30000,,1,N,
411,2026-03-25,73,HUSSAIN AUTO SHAH FAISAL,200000,,1,N,
412,2026-03-25,192,SUBHAN AUTO GULSHAN 13D,5000,,1,N,
413,2026-03-25,178,B.S ALIYAN AUTO WATER PUMP,2000,,1,N,
414,2026-03-25,177,FARHAN AUTO WATER PUMP,1000,,1,N,
415,2026-03-25,175,JAPAN AUTO WATER PUMP,1000,,1,N,
416,2026-03-25,176,ANSARI AUTO DASTAGIR,1000,,1,N,
417,2026-03-25,51,NEW KAKAR AUTOS PIDC,25000,,1,N,
418,2026-03-25,42,KHATAOMAL PANGRIO,100000,,1,N,
419,2026-03-26,57,RANA AUTOS LANDHI,20000,,1,N,
420,2026-03-26,101,A.R AUTOS BAGH-E-KORANGI,5000,,1,N,
421,2026-03-26,98,ASLAM AUTOS MARIPUR,25000,,1,N,
422,2026-03-26,82,JUNAID AUTO AGRA TAJ,20000,,1,N,
423,2026-03-26,199,SUFI BILAL COLONY KORANGI,8000,,1,N,
424,2026-03-26,144,TAJ AUTO MEHRAN TOWN 2,5000,,1,N,
425,2026-03-26,173,B.S AUTO FARZAN BAK KORANGI,5000,,1,N,
426,2026-03-26,146,ATTARI AUTO KORANGI,5000,,1,N,
427,2026-03-26,181,MAKKA AUTO KORANGI 3 NUMBER,3000,,1,N,
428,2026-03-26,191,SHAFI AUTO GULSHAN IQBAL,2000,,1,N,
429,2026-03-26,193,KHAN AUTO PEOPELS CHOWRANGI,2000,,1,N,
430,2026-03-26,176,ANSARI AUTO DASTAGIR,1000,,1,N,
431,2026-03-26,178,B.S ALIYAN AUTO WATER PUMP,2000,,1,N,
432,2026-03-27,190,ASIF AUTO SABZI MANDI,5000,,1,N,
433,2026-03-27,193,KHAN AUTO PEOPELS CHOWRANGI,2000,,1,N,
434,2026-03-27,178,B.S ALIYAN AUTO WATER PUMP,2000,,1,N,
435,2026-03-27,177,FARHAN AUTO WATER PUMP,1000,,1,N,
436,2026-03-27,179,A.W AUTO WATER PUMP,2000,,1,N,
437,2026-03-27,192,SUBHAN AUTO GULSHAN 13D,3000,,1,N,
438,2026-03-27,145,HUMA AUTO KORANGI,3000,,1,N,
439,2026-03-27,189,UBAID AUTO GULLSHAN 13D,5000,,1,N,
440,2026-03-27,79,REHMAN AUTO AJMEER NAGRI,10000,,1,N,
441,2026-03-27,109,BABU AUTO SINDHI HOTEL,10000,,1,N,
442,2026-03-27,170,ABDUL HADI AUTO DRIG ROAD,5000,,1,N,
443,2026-03-27,158,PAKISTAN AUTO QUAIDABAD,5000,,1,N,
444,2026-03-27,148,IRFAN AUTO SHAH FAISAL,10000,,1,N,
445,2026-03-27,68,ARIF AUTOS LANDHI,20000,,1,N,
446,2026-03-27,57,RANA AUTOS LANDHI,20000,,1,N,
447,2026-03-27,58,RAZA AUTO K AREA MARKET,10000,,1,N,
448,2026-03-28,20,ALI AUTOS ISLAM CHOWK,42000,,1,N,
449,2026-03-28,20,ALI AUTOS ISLAM CHOWK,19000,,1,N,
450,2026-03-28,169,TAYYAB AUTO MEHMODABAD,19500,,1,N,
451,2026-03-30,162,M.S MURAD ORANGI,10000,,1,N,
452,2026-03-30,36,HADIA K1 NORTH NAZIMABAD,15000,,1,N,
453,2026-03-30,92,OSAMA ISLAM CHOWK,10000,,1,N,
454,2026-03-30,118,OSAMA NORTH KARACHI,3000,,1,N,
455,2026-03-30,32,DAWOOD SULTAN AUTOS ORANGI TOW,5000,,1,N,
456,2026-03-30,203,MASHALLAH WATER PUMP W/RIM,25000,,1,N,
457,2026-03-30,101,A.R AUTOS BAGH-E-KORANGI,10000,,1,N,
458,2026-03-30,113,QALANDRI AUTO LANDHI,3000,,1,N,
459,2026-03-30,154,HAFEEZ AUTO KHAN BELA,14240,,1,N,
460,2026-03-30,169,TAYYAB AUTO MEHMODABAD,5500,,1,N,
461,2026-03-30,25,AZAN AUTO BADIN,135000,,1,N,
462,2026-03-30,132,ADNAN AUTO FAST,50000,,1,N,
463,2026-03-30,158,PAKISTAN AUTO QUAIDABAD,7000,,1,N,
464,2026-03-30,164,STAR AUTO MAYMAR,10000,,1,N,
465,2026-03-30,74,B.S QAZI AHMED,36000,,1,N,
466,2026-03-30,38,IBRAHIM KORANGI (SHOAIB),10000,,1,N,
467,2026-03-30,140,MAMA A-1 GULSHAN 13D,5000,,1,N,
468,2026-03-30,142,MADINA AUTO AZIZABAD,7000,,1,N,
469,2026-03-30,193,KHAN AUTO PEOPELS CHOWRANGI,2000,,1,N,
470,2026-03-30,178,B.S ALIYAN AUTO WATER PUMP,2000,,1,N,
471,2026-03-30,179,A.W AUTO WATER PUMP,1000,,1,N,
472,2026-03-30,177,FARHAN AUTO WATER PUMP,1000,,1,N,
473,2026-03-30,182,SHAMA AUTO ELECTRIC W/P,1000,,1,N,
474,2026-03-30,176,ANSARI AUTO DASTAGIR,2000,,1,N,
475,2026-03-31,193,KHAN AUTO PEOPELS CHOWRANGI,2000,,1,N,
476,2026-03-31,182,SHAMA AUTO ELECTRIC W/P,1000,,1,N,
477,2026-03-31,177,FARHAN AUTO WATER PUMP,1500,,1,N,
478,2026-03-31,178,B.S ALIYAN AUTO WATER PUMP,1500,,1,N,
479,2026-03-31,179,A.W AUTO WATER PUMP,1500,,1,N,
480,2026-03-31,104,HAMZA AUTO MOSMIYAT,49000,,1,N,
481,2026-03-31,149,SHEIKH AUTO PEHALWAN GOTH,10000,,1,N,
482,2026-03-31,194,HAMZA KHAN WHEEL RIM,20000,,1,N,
483,2026-03-31,69,WAQAS AUTOS ISLAM CHOWK,50000,,1,N,
484,2026-03-31,89,WAQAS TYRE TUBE ISLAM CHOWK,26400,,1,N,
485,2026-03-31,20,ALI AUTOS ISLAM CHOWK,10000,,1,N,
486,2026-03-31,123,LUCKY AUTO WATER PUMP,5000,,1,N,
487,2026-03-31,120,BHATTI AUTO GULSHAN BLK 2,14000,,1,N,
488,2026-04-01,122,NASIR AUTO ORANGZAIB MARKET,7700,,1,N,
489,2026-04-01,121,AL-KARAM AUTO MARKET,10000,,1,N,
490,2026-04-01,141,ALI AUTO MEHMODABAD,14500,,1,N,
491,2026-04-01,128,ZAIB AUTO WATER PUMP,80000,,1,N,
492,2026-04-01,109,BABU AUTO SINDHI HOTEL,10000,,1,N,
493,2026-03-31,183,M.A AUTO LIYARI 36,30000,,1,N,
494,2026-03-31,17,AHMED RAZA AUTOS REHMANIA MOR,9000,,1,N,
495,2026-03-31,161,SHAYAN AUTO U.P,3000,,1,N,
496,2026-03-31,90,HAMMAD SURJANI,8000,,1,N,
497,2026-03-31,184,NEW-RIYAZ AUTO LIYARI 36,5000,,1,N,
498,2026-04-01,193,KHAN AUTO PEOPELS CHOWRANGI,2000,,1,N,
499,2026-04-01,178,B.S ALIYAN AUTO WATER PUMP,2000,,1,N,
500,2026-04-01,182,SHAMA AUTO ELECTRIC W/P,1000,,1,N,
501,2026-04-01,192,SUBHAN AUTO GULSHAN 13D,3000,,1,N,
502,2026-04-01,177,FARHAN AUTO WATER PUMP,2000,,1,N,
503,2026-04-01,176,ANSARI AUTO DASTAGIR,2000,,1,N,
504,2026-04-01,51,NEW KAKAR AUTOS PIDC,20000,,1,N,
505,2026-04-01,96,GHAZI AUTOS GOLARCHI,50000,,1,N,
506,2026-04-01,133,YOUSUF AUTO SATO MAIL,12000,,1,N,
507,2026-04-02,129,B.S AUTO AZIZABAD,15000,,1,N,
508,2026-04-02,82,JUNAID AUTO AGRA TAJ,15000,,1,N,
509,2026-04-02,67,JAMEEL AUTOS LEE MARKET,11000,,1,N,
510,2026-04-02,199,SUFI BILAL COLONY KORANGI,10000,,1,N,
511,2026-04-02,114,TAJ AUTO MEHRAN TOWN 1,10000,,1,N,
512,2026-04-02,144,TAJ AUTO MEHRAN TOWN 2,8000,,1,N,
513,2026-04-02,145,HUMA AUTO KORANGI,5000,,1,N,
514,2026-04-02,146,ATTARI AUTO KORANGI,5000,,1,N,
515,2026-04-02,173,B.S AUTO FARZAN BAK KORANGI,5000,,1,N,
516,2026-04-02,181,MAKKA AUTO KORANGI 3 NUMBER,4000,,1,N,
517,2026-04-02,207,B.S KORANGI 4 POOL,3000,,1,N,
518,2026-04-02,208,DANISH AUTO KORANGI 51C,4000,,1,N,
519,2026-04-02,191,SHAFI AUTO GULSHAN IQBAL,5000,,1,N,
520,2026-04-02,189,UBAID AUTO GULLSHAN 13D,5000,,1,N,
521,2026-04-02,178,B.S ALIYAN AUTO WATER PUMP,2000,,1,N,
522,2026-04-02,182,SHAMA AUTO ELECTRIC W/P,1000,,1,N,
523,2026-04-02,179,A.W AUTO WATER PUMP,1000,,1,N,
524,2026-04-02,176,ANSARI AUTO DASTAGIR,2000,,1,N,
525,2026-04-03,148,IRFAN AUTO SHAH FAISAL,5000,,1,N,
526,2026-04-03,25,AZAN AUTO BADIN,100000,,1,N,
527,2026-04-03,150,M UMER BADIN,50000,,1,N,
528,2026-04-03,164,STAR AUTO MAYMAR,5000,,1,N,
529,2026-04-04,138,ASIM BROTHERS MARKET,7000,,1,N,
530,2026-04-04,147,JIJAL AUTO GHARO,25080,,1,N,
531,2026-04-04,59,RIDER AUTO PARTS,200000,,1,N,
532,2026-04-04,34,F.A AUTOS THATTA,50000,,1,N,
533,2026-04-06,102,SALEEM MAMU,13500,,1,N,
534,2026-04-06,204,MADINA AUTO AL-ASIF SQUARE,100000,,1,N,
535,2026-04-06,203,MASHALLAH WATER PUMP W/RIM,15000,,1,N,
536,2026-04-06,197,ALI MEHMODABAD WHEEL RIM,18000,,1,N,
537,2026-04-07,20,ALI AUTOS ISLAM CHOWK,28705,,1,N,
538,2026-04-07,99,FAISAL AUTOS KORANGI,5000,,1,N,
539,2026-04-07,60,RIZWAN SUPPLIER KORANGI,20000,,1,N,
540,2026-04-07,198,KHAN SHAHRUKH W/RIM,9000,,1,N,
541,2026-04-07,68,ARIF AUTOS LANDHI,25000,,1,N,
542,2026-04-07,58,RAZA AUTO K AREA MARKET,10000,,1,N,
543,2026-04-07,101,A.R AUTOS BAGH-E-KORANGI,20000,,1,N,
544,2026-04-07,153,JUNAID AUTO SHAHFAISAL,20000,,1,N,
545,2026-04-07,128,ZAIB AUTO WATER PUMP,50000,,1,N,
546,2026-04-07,130,ALVI AUTO BALDIA 4 NUMBER,20000,,1,N,
547,2026-04-07,139,IQBAL AUTO BALDIA,5000,,1,N,
548,2026-04-07,194,HAMZA KHAN WHEEL RIM,20000,,1,N,
549,2026-04-07,71,HAMZA KHAN AUTOS ORANGI TOWN,10000,,1,N,
550,2026-04-07,20,ALI AUTOS ISLAM CHOWK,7500,,1,N,
551,2026-04-07,128,ZAIB AUTO WATER PUMP,33800,,1,N,
552,2026-04-06,193,KHAN AUTO PEOPELS CHOWRANGI,2000,,1,N,
553,2026-04-06,210,SHAH JI AUTO PEOPELS CHOWK,2000,,1,N,
554,2026-04-06,182,SHAMA AUTO ELECTRIC W/P,1000,,1,N,
555,2026-04-06,177,FARHAN AUTO WATER PUMP,1000,,1,N,
556,2026-04-06,178,B.S ALIYAN AUTO WATER PUMP,2000,,1,N,
557,2026-04-06,179,A.W AUTO WATER PUMP,1000,,1,N,
558,2026-04-06,192,SUBHAN AUTO GULSHAN 13D,5000,,1,N,
559,2026-04-06,190,ASIF AUTO SABZI MANDI,5000,,1,N,
560,2026-04-06,213,YOUSUF AUTO GULLSHAN 13D,4000,,1,N,
561,2026-04-06,214,YOUSUF AUTO 13D W/RIM,8250,,1,N,
562,2026-04-06,217,BISMILLAH AUTO WATER PUMP,1000,,1,N,
563,2026-04-06,176,ANSARI AUTO DASTAGIR,2000,,1,N,
564,2026-04-07,176,ANSARI AUTO DASTAGIR,2000,,1,N,
565,2026-04-07,193,KHAN AUTO PEOPELS CHOWRANGI,2000,,1,N,
566,2026-04-07,179,A.W AUTO WATER PUMP,1000,,1,N,
567,2026-04-07,177,FARHAN AUTO WATER PUMP,1000,,1,N,
568,2026-04-07,182,SHAMA AUTO ELECTRIC W/P,1000,,1,N,
569,2026-04-07,192,SUBHAN AUTO GULSHAN 13D,3000,,1,N,
570,2026-04-07,213,YOUSUF AUTO GULLSHAN 13D,2000,,1,N,
571,2026-04-07,216,M/S AUTO 13D W/RIM,7000,,1,N,
572,2026-04-07,142,MADINA AUTO AZIZABAD,6000,,1,N,
573,2026-04-07,217,BISMILLAH AUTO WATER PUMP,1000,,1,N,
574,2026-04-07,149,SHEIKH AUTO PEHALWAN GOTH,14600,,1,N,
575,2026-04-07,164,STAR AUTO MAYMAR,15000,,1,N,
576,2026-04-07,107,NIZAM AUTO MAYMAR,5000,,1,N,
577,2026-04-07,158,PAKISTAN AUTO QUAIDABAD,8000,,1,N,
578,2026-04-07,93,ABBAS AUTO GULLBURG,500,,1,N,
579,2026-04-07,160,HAJI IQBAL QURESHI U.P,15000,,1,N,
580,2026-04-07,106,HASAN AUTO NAZIA SQUARE,2000,,1,N,
581,2026-04-07,159,WAQAS AUTO BUFFER ZONE,4000,,1,N,
582,2026-04-07,91,ADNAN SURJANI 7B,10000,,1,N,
583,2026-04-07,81,TAYYABA AUTO SURJANI,9000,,1,N,
584,2026-04-07,36,HADIA K1 NORTH NAZIMABAD,15000,,1,N,
585,2026-04-07,92,OSAMA ISLAM CHOWK,15000,,1,N,
586,2026-04-07,211,ZAFAR AUTO SABZI MANDI,5000,,1,N,
587,2026-04-07,184,NEW-RIYAZ AUTO LIYARI 36,5000,,1,N,
588,2026-04-07,90,HAMMAD SURJANI,7000,,1,N,
589,2026-04-07,53,NOORANI AUTOS BADIN,100000,,1,N,
590,2026-04-07,104,HAMZA AUTO MOSMIYAT,45000,,1,N,
591,2026-04-07,154,HAFEEZ AUTO KHAN BELA,46960,,1,N,
592,2026-04-07,62,SADIQ SONS QUETTA,62000,,1,N,
593,2026-04-07,56,RAHIM BHAI CLASSIC MOTORCYCLE,100000,,1,N,
594,2026-04-07,119,KARTAR AUTO CHOUARJAMALI,15000,,1,N,
595,2026-04-07,97,BHITTAI AUTOS SAMARO,25280,,1,N,
596,2026-04-08,168,B.S AUTO QUAIDABAD,20000,,1,N,
597,2026-04-08,193,KHAN AUTO PEOPELS CHOWRANGI,2000,,1,N,
598,2026-04-08,210,SHAH JI AUTO PEOPELS CHOWK,1500,,1,N,
599,2026-04-08,217,BISMILLAH AUTO WATER PUMP,1000,,1,N,
600,2026-04-08,179,A.W AUTO WATER PUMP,1000,,1,N,
601,2026-04-08,177,FARHAN AUTO WATER PUMP,1000,,1,N,
602,2026-04-08,192,SUBHAN AUTO GULSHAN 13D,1500,,1,N,
603,2026-04-08,213,YOUSUF AUTO GULLSHAN 13D,1000,,1,N,
604,2026-04-08,123,LUCKY AUTO WATER PUMP,5000,,1,N,
605,2026-04-08,218,B.S ALIYAN WATER PUMP W/RIM,5000,,1,N,
606,2026-04-09,173,B.S AUTO FARZAN BAK KORANGI,5000,,1,N,
607,2026-04-09,181,MAKKA AUTO KORANGI 3 NUMBER,5000,,1,N,
608,2026-04-09,207,B.S KORANGI 4 POOL,3000,,1,N,
609,2026-04-09,191,SHAFI AUTO GULSHAN IQBAL,5000,,1,N,
610,2026-04-09,213,YOUSUF AUTO GULLSHAN 13D,1000,,1,N,
611,2026-04-09,192,SUBHAN AUTO GULSHAN 13D,3000,,1,N,
612,2026-04-09,179,A.W AUTO WATER PUMP,1000,,1,N,
613,2026-04-09,177,FARHAN AUTO WATER PUMP,1000,,1,N,
614,2026-04-09,208,DANISH AUTO KORANGI 51C,4000,,1,N,
615,2026-04-09,217,BISMILLAH AUTO WATER PUMP,1000,,1,N,
616,2026-04-09,114,TAJ AUTO MEHRAN TOWN 1,10000,,1,N,
617,2026-04-09,144,TAJ AUTO MEHRAN TOWN 2,7000,,1,N,
618,2026-04-09,215,M/S AUTO GULLSHAN 13D,4000,,1,N,
619,2026-04-09,115,HONDA KARACHI PAKISTAN CHOWK,20000,,1,N,
620,2026-04-09,98,ASLAM AUTOS MARIPUR,25000,,1,N,
621,2026-04-09,82,JUNAID AUTO AGRA TAJ,15000,,1,N,
622,2026-04-09,77,MALIK AUTO LINES AREA,15000,,1,N,
623,2026-04-09,202,RANA LANDHI W/RIM,30000,,1,N,
624,2026-04-09,199,SUFI BILAL COLONY KORANGI,10000,,1,N,
625,2026-04-09,195,FARHAN W/P WHEEL RIM,35000,,1,N,
626,2026-04-09,141,ALI AUTO MEHMODABAD,10000,,1,N,
627,2026-04-09,161,SHAYAN AUTO U.P,4000,,1,N,
628,2026-04-09,185,R.R AUTO SURJANI,20000,,1,N,
629,2026-04-09,79,REHMAN AUTO AJMEER NAGRI,10000,,1,N,
630,2026-04-09,91,ADNAN SURJANI 7B,5000,,1,N,
631,2026-04-09,17,AHMED RAZA AUTOS REHMANIA MOR,6000,,1,N,
632,2026-04-10,180,ARSALAN AUTO 13D GULLSHAN,10000,,1,N,
633,2026-04-10,189,UBAID AUTO GULLSHAN 13D,5000,,1,N,
634,2026-04-10,213,YOUSUF AUTO GULLSHAN 13D,1000,,1,N,
635,2026-04-10,178,B.S ALIYAN AUTO WATER PUMP,3000,,1,N,
636,2026-04-10,175,JAPAN AUTO WATER PUMP,2000,,1,N,
637,2026-04-10,177,FARHAN AUTO WATER PUMP,1000,,1,N,
638,2026-04-10,182,SHAMA AUTO ELECTRIC W/P,1000,,1,N,
639,2026-04-10,176,ANSARI AUTO DASTAGIR,3000,,1,N,
640,2026-04-10,193,KHAN AUTO PEOPELS CHOWRANGI,2000,,1,N,
641,2026-04-10,210,SHAH JI AUTO PEOPELS CHOWK,1000,,1,N,
642,2026-04-10,69,WAQAS AUTOS ISLAM CHOWK,30000,,1,N,
643,2026-04-10,99,FAISAL AUTOS KORANGI,6000,,1,N,
644,2026-04-10,68,ARIF AUTOS LANDHI,25000,,1,N,
645,2026-04-10,170,ABDUL HADI AUTO DRIG ROAD,5000,,1,N,
646,2026-04-10,148,IRFAN AUTO SHAH FAISAL,10000,,1,N,
647,2026-04-10,167,QADRI AUTO SHAH FAISAL,1575,,1,N,
648,2026-04-10,73,HUSSAIN AUTO SHAH FAISAL,384000,,1,N,
650,2026-04-10,165,ORANGZAIB AUTO SHEDAD PUR,36000,,1,N,
651,2026-04-10,51,NEW KAKAR AUTOS PIDC,15000,,1,N,
652,2026-04-11,132,ADNAN AUTO FAST,50000,,1,N,
653,2026-04-11,171,MAMA JAMALI AUTO BADIN,50000,,1,N,
654,2026-04-11,83,SINDH KOHLI SAMARO,10000,,1,N,
655,2026-04-11,156,SUMAIR AUTO GOLIMAR,50000,,1,N,
657,2026-04-11,25,AZAN AUTO BADIN,40000,,1,N,
658,2026-04-13,104,HAMZA AUTO MOSMIYAT,60000,,1,N,
659,2026-04-13,57,RANA AUTOS LANDHI,20000,,1,N,
660,2026-04-13,128,ZAIB AUTO WATER PUMP,25000,,1,N,
661,2026-04-13,101,A.R AUTOS BAGH-E-KORANGI,10000,,1,N,
662,2026-04-13,198,KHAN SHAHRUKH W/RIM,10000,,1,N,
663,2026-04-13,121,AL-KARAM AUTO MARKET,10000,,1,N,
664,2026-04-13,107,NIZAM AUTO MAYMAR,10000,,1,N,
665,2026-04-13,164,STAR AUTO MAYMAR,15000,,1,N,
666,2026-04-13,158,PAKISTAN AUTO QUAIDABAD,9000,,1,N,
667,2026-04-13,190,ASIF AUTO SABZI MANDI,5000,,1,N,
668,2026-04-13,182,SHAMA AUTO ELECTRIC W/P,2000,,1,N,
669,2026-04-13,178,B.S ALIYAN AUTO WATER PUMP,2000,,1,N,
670,2026-04-13,179,A.W AUTO WATER PUMP,2000,,1,N,
671,2026-04-13,217,BISMILLAH AUTO WATER PUMP,1000,,1,N,
672,2026-04-13,177,FARHAN AUTO WATER PUMP,1000,,1,N,
673,2026-04-13,175,JAPAN AUTO WATER PUMP,2000,,1,N,
674,2026-04-13,53,NOORANI AUTOS BADIN,50000,,1,N,
675,2026-04-13,221,WAJAHAT SUPPLIER MARKET,67200,,1,N,
676,2026-04-13,138,ASIM BROTHERS MARKET,4000,,1,N,
677,2026-04-13,172,FINAL AUTO MARKET,8600,,1,N,
678,2026-04-13,172,FINAL AUTO MARKET,3720,,1,N,
679,2026-04-13,250,MOHSIN ZIP SHOP,13470,,1,N,
680,2026-04-14,116,ASIF SUPPLIER ZIP 1,45000,,1,N,
681,2026-04-14,139,IQBAL AUTO BALDIA,10000,,1,N,
682,2026-04-14,112,RAJPUT AUTO SABRI CHOWK ORANGI,20000,,1,N,
683,2026-04-14,194,HAMZA KHAN WHEEL RIM,8500,,1,N,
684,2026-04-14,71,HAMZA KHAN AUTOS ORANGI TOWN,11500,,1,N,
685,2026-04-14,69,WAQAS AUTOS ISLAM CHOWK,25000,,1,N,
686,2026-04-14,205,WAQAS TYRE ORANGI W/RIM,37500,,1,N,
687,2026-04-14,203,MASHALLAH WATER PUMP W/RIM,8000,,1,N,
688,2026-04-14,128,ZAIB AUTO WATER PUMP,37000,,1,N,
689,2026-04-14,116,ASIF SUPPLIER ZIP 1,15000,,1,N,
690,2026-04-15,235,QUETTA AUTO BHAINS COLONY,43200,,1,N,
691,2026-04-15,168,B.S AUTO QUAIDABAD,25600,,1,N,
692,2026-04-15,239,AL-HAJ AUTO MANSERA COLONY,15000,,1,N,
693,2026-04-15,160,HAJI IQBAL QURESHI U.P,15000,,1,N,
694,2026-04-15,36,HADIA K1 NORTH NAZIMABAD,10000,,1,N,
695,2026-04-15,92,OSAMA ISLAM CHOWK,15000,,1,N,
696,2026-04-15,211,ZAFAR AUTO SABZI MANDI,4000,,1,N,
697,2026-04-15,105,A.H AUTO ORANGI L BLOCK,3000,,1,N,
698,2026-04-15,184,NEW-RIYAZ AUTO LIYARI 36,5000,,1,N,
699,2026-04-15,81,TAYYABA AUTO SURJANI,8000,,1,N,
700,2026-04-15,118,OSAMA NORTH KARACHI,3000,,1,N,
701,2026-04-15,153,JUNAID AUTO SHAHFAISAL,29000,,1,N,
702,2026-04-15,141,ALI AUTO MEHMODABAD,17120,,1,N,
703,2026-04-15,197,ALI MEHMODABAD WHEEL RIM,2880,,1,N,
704,2026-04-15,77,MALIK AUTO LINES AREA,12000,,1,N,
705,2026-04-15,223,ABID AUTO LUCKY STAR,2500,,1,N,
706,2026-04-15,59,RIDER AUTO PARTS,100000,,1,N,
707,2026-04-15,72,PRINCE AUTOS SAKRO,100000,,1,N,
708,2026-04-16,209,R-K AUTO MARKET,20000,,1,N,
709,2026-04-16,129,B.S AUTO AZIZABAD,12000,,1,N,
710,2026-04-16,82,JUNAID AUTO AGRA TAJ,15000,,1,N,
711,2026-04-16,67,JAMEEL AUTOS LEE MARKET,25500,,1,N,
712,2026-04-16,101,A.R AUTOS BAGH-E-KORANGI,5000,,1,N,
713,2026-04-16,243,KAZIM AUTO BAG E KORANGI,20000,,1,N,
714,2026-04-15,192,SUBHAN AUTO GULSHAN 13D,3000,,1,N,
715,2026-04-15,213,YOUSUF AUTO GULLSHAN 13D,1000,,1,N,
716,2026-04-15,210,SHAH JI AUTO PEOPELS CHOWK,3000,,1,N,
717,2026-04-15,246,NASIR AUTO PEOPELS CHORANGI,1000,,1,N,
718,2026-04-15,217,BISMILLAH AUTO WATER PUMP,1000,,1,N,
719,2026-04-15,179,A.W AUTO WATER PUMP,1000,,1,N,
720,2026-04-15,178,B.S ALIYAN AUTO WATER PUMP,2000,,1,N,
721,2026-04-15,175,JAPAN AUTO WATER PUMP,1500,,1,N,
722,2026-04-15,182,SHAMA AUTO ELECTRIC W/P,1000,,1,N,
723,2026-04-15,176,ANSARI AUTO DASTAGIR,3000,,1,N,
724,2026-04-15,142,MADINA AUTO AZIZABAD,3000,,1,N,
725,2026-04-16,199,SUFI BILAL COLONY KORANGI,10000,,1,N,
726,2026-04-16,144,TAJ AUTO MEHRAN TOWN 2,7000,,1,N,
727,2026-04-16,114,TAJ AUTO MEHRAN TOWN 1,8000,,1,N,
728,2026-04-16,181,MAKKA AUTO KORANGI 3 NUMBER,5000,,1,N,
729,2026-04-16,198,KHAN SHAHRUKH W/RIM,10000,,1,N,
730,2026-04-16,208,DANISH AUTO KORANGI 51C,3000,,1,N,
731,2026-04-16,51,NEW KAKAR AUTOS PIDC,15000,,1,N,
732,2026-04-16,224,TIGER,5150,,1,N,
733,2026-04-10,201,SUMAIR GOLIMAR W/RIM,20000,,1,N,
734,2026-04-17,68,ARIF AUTOS LANDHI,20000,,1,N,
735,2026-04-17,121,AL-KARAM AUTO MARKET,10000,,1,N,
736,2026-04-17,57,RANA AUTOS LANDHI,30000,,1,N,
737,2026-04-17,174,FAROOQ AUTO SHAH FAISAL,10000,,1,N,
738,2026-04-17,248,FAISAL AUTO AZEEM PURA,10000,,1,N,
739,2026-04-17,170,ABDUL HADI AUTO DRIG ROAD,5000,,1,N,
740,2026-04-17,167,QADRI AUTO SHAH FAISAL,5000,,1,N,
741,2026-04-17,238,IMRAN AUTO SHER PAO,4000,,1,N,
742,2026-04-17,109,BABU AUTO SINDHI HOTEL,6000,,1,N,
743,2026-04-17,191,SHAFI AUTO GULSHAN IQBAL,5000,,1,N,
744,2026-04-17,215,M/S AUTO GULLSHAN 13D,5000,,1,N,
745,2026-04-17,189,UBAID AUTO GULLSHAN 13D,4500,,1,N,
746,2026-04-17,192,SUBHAN AUTO GULSHAN 13D,3000,,1,N,
747,2026-04-17,213,YOUSUF AUTO GULLSHAN 13D,1000,,1,N,
748,2026-04-17,217,BISMILLAH AUTO WATER PUMP,1000,,1,N,
749,2026-04-17,179,A.W AUTO WATER PUMP,1000,,1,N,
750,2026-04-17,175,JAPAN AUTO WATER PUMP,2000,,1,N,
751,2026-04-17,178,B.S ALIYAN AUTO WATER PUMP,1500,,1,N,
752,2026-04-17,177,FARHAN AUTO WATER PUMP,1000,,1,N,
753,2026-04-17,182,SHAMA AUTO ELECTRIC W/P,1000,,1,N,
754,2026-04-17,123,LUCKY AUTO WATER PUMP,3000,,1,N,
755,2026-04-17,246,NASIR AUTO PEOPELS CHORANGI,1000,,1,N,
756,2026-04-17,173,B.S AUTO FARZAN BAK KORANGI,10000,,1,N,
757,2026-04-17,146,ATTARI AUTO KORANGI,5000,,1,N,
758,2026-04-17,138,ASIM BROTHERS MARKET,4000,,1,N,
759,2026-04-20,228,KHALIL AUTO RABIA CITY,5000,,1,N,
760,2026-04-20,107,NIZAM AUTO MAYMAR,7000,,1,N,
761,2026-04-20,164,STAR AUTO MAYMAR,10000,,1,N,
762,2026-04-20,158,PAKISTAN AUTO QUAIDABAD,10000,,1,N,
763,2026-04-20,185,R.R AUTO SURJANI,15000,,1,N,
764,2026-04-20,36,HADIA K1 NORTH NAZIMABAD,10000,,1,N,
765,2026-04-20,211,ZAFAR AUTO SABZI MANDI,4000,,1,N,
766,2026-04-20,159,WAQAS AUTO BUFFER ZONE,8000,,1,N,
767,2026-04-20,204,MADINA AUTO AL-ASIF SQUARE,50000,,1,N,
768,2026-04-20,68,ARIF AUTOS LANDHI,10000,,1,N,
769,2026-04-20,200,AZAN LANDHI W/RIM,24000,,1,N,
770,2026-04-20,57,RANA AUTOS LANDHI,20000,,1,N,
771,2026-04-20,173,B.S AUTO FARZAN BAK KORANGI,10000,,1,N,
772,2026-04-20,190,ASIF AUTO SABZI MANDI,5000,,1,N,
773,2026-04-20,142,MADINA AUTO AZIZABAD,4000,,1,N,
774,2026-04-20,216,M/S AUTO 13D W/RIM,8360,,1,N,
775,2026-04-20,218,B.S ALIYAN WATER PUMP W/RIM,5600,,1,N,
776,2026-04-20,217,BISMILLAH AUTO WATER PUMP,2000,,1,N,
777,2026-04-20,179,A.W AUTO WATER PUMP,2000,,1,N,
778,2026-04-20,177,FARHAN AUTO WATER PUMP,1000,,1,N,
779,2026-04-20,182,SHAMA AUTO ELECTRIC W/P,1000,,1,N,
780,2026-04-20,213,YOUSUF AUTO GULLSHAN 13D,1000,,1,N,
781,2026-04-20,192,SUBHAN AUTO GULSHAN 13D,2500,,1,N,
782,2026-04-20,210,SHAH JI AUTO PEOPELS CHOWK,1500,,1,N,
783,2026-04-20,246,NASIR AUTO PEOPELS CHORANGI,2000,,1,N,
784,2026-04-20,104,HAMZA AUTO MOSMIYAT,48000,,1,N,
785,2026-04-21,192,SUBHAN AUTO GULSHAN 13D,3000,,1,N,
786,2026-04-21,213,YOUSUF AUTO GULLSHAN 13D,1000,,1,N,
787,2026-04-21,176,ANSARI AUTO DASTAGIR,2000,,1,N,
788,2026-04-21,217,BISMILLAH AUTO WATER PUMP,1000,,1,N,
789,2026-04-21,175,JAPAN AUTO WATER PUMP,1000,,1,N,
790,2026-04-21,218,B.S ALIYAN WATER PUMP W/RIM,1200,,1,N,
791,2026-04-21,177,FARHAN AUTO WATER PUMP,1000,,1,N,
792,2026-04-21,246,NASIR AUTO PEOPELS CHORANGI,2500,,1,N,
793,2026-04-21,112,RAJPUT AUTO SABRI CHOWK ORANGI,10000,,1,N,
794,2026-04-21,130,ALVI AUTO BALDIA 4 NUMBER,10000,,1,N,
795,2026-04-21,71,HAMZA KHAN AUTOS ORANGI TOWN,28500,,1,N,
796,2026-04-21,20,ALI AUTOS ISLAM CHOWK,10000,,1,N,
797,2026-04-21,69,WAQAS AUTOS ISLAM CHOWK,30000,,1,N,
798,2026-04-21,205,WAQAS TYRE ORANGI W/RIM,30000,,1,N,
799,2026-04-21,195,FARHAN W/P WHEEL RIM,2000,,1,N,
800,2026-04-21,183,M.A AUTO LIYARI 36,15000,,1,N,
801,2026-04-21,184,NEW-RIYAZ AUTO LIYARI 36,5000,,1,N,
802,2026-04-22,115,HONDA KARACHI PAKISTAN CHOWK,20000,,1,N,
803,2026-04-22,234,QUETTA AUTO SHERPAO,15000,,1,N,
804,2026-04-22,236,QUETTA AUTO SHAHLATIF,10000,,1,N,
805,2026-04-22,239,AL-HAJ AUTO MANSERA COLONY,10000,,1,N,
806,2026-04-22,147,JIJAL AUTO GHARO,9520,,1,N,
807,2026-04-22,141,ALI AUTO MEHMODABAD,20000,,1,N,
808,2026-04-22,73,HUSSAIN AUTO SHAH FAISAL,300000,,1,N,
809,2026-04-11,150,M UMER BADIN,30000,,1,N,
810,2026-04-23,51,NEW KAKAR AUTOS PIDC,15000,,1,N,
811,2026-04-23,25,AZAN AUTO BADIN,33000,,1,N,
812,2026-04-23,132,ADNAN AUTO FAST,50000,,1,N,
813,2026-04-23,137,KHAN SHAHRUKH AUTO KORANGI,10000,,1,N,
814,2026-04-23,227,HASNAIN AUTO KORANGI 51 A,5000,,1,N,
815,2026-04-23,208,DANISH AUTO KORANGI 51C,3000,,1,N,
816,2026-04-23,207,B.S KORANGI 4 POOL,3000,,1,N,
817,2026-04-23,181,MAKKA AUTO KORANGI 3 NUMBER,5000,,1,N,
818,2026-04-23,199,SUFI BILAL COLONY KORANGI,6880,,1,N,
819,2026-04-23,144,TAJ AUTO MEHRAN TOWN 2,5000,,1,N,
820,2026-04-23,192,SUBHAN AUTO GULSHAN 13D,7000,,1,N,
821,2026-04-23,213,YOUSUF AUTO GULLSHAN 13D,2000,,1,N,
822,2026-04-23,215,M/S AUTO GULLSHAN 13D,10000,,1,N,
823,2026-04-23,177,FARHAN AUTO WATER PUMP,1000,,1,N,
824,2026-04-23,178,B.S ALIYAN AUTO WATER PUMP,2000,,1,N,
825,2026-04-23,175,JAPAN AUTO WATER PUMP,1000,,1,N,
826,2026-04-23,179,A.W AUTO WATER PUMP,2000,,1,N,
827,2026-04-23,246,NASIR AUTO PEOPELS CHORANGI,1000,,1,N,
828,2026-04-23,217,BISMILLAH AUTO WATER PUMP,1000,,1,N,
829,2026-04-23,182,SHAMA AUTO ELECTRIC W/P,1000,,1,N,
830,2026-04-23,129,B.S AUTO AZIZABAD,12000,,1,N,
831,2026-04-23,98,ASLAM AUTOS MARIPUR,30000,,1,N,
832,2026-04-23,82,JUNAID AUTO AGRA TAJ,15000,,1,N,
833,2026-04-23,128,ZAIB AUTO WATER PUMP,30000,,1,N,
834,2026-04-23,77,MALIK AUTO LINES AREA,10000,,1,N,
835,2026-04-24,68,ARIF AUTOS LANDHI,20000,,1,N,
836,2026-04-24,242,KING AUTO BEHAR COLONY,7000,,1,N,
837,2026-04-24,99,FAISAL AUTOS KORANGI,7000,,1,N,
838,2026-04-24,101,A.R AUTOS BAGH-E-KORANGI,34000,,1,N,
839,2026-04-24,246,NASIR AUTO PEOPELS CHORANGI,1000,,1,N,
840,2026-04-24,210,SHAH JI AUTO PEOPELS CHOWK,1000,,1,N,
841,2026-04-24,179,A.W AUTO WATER PUMP,1000,,1,N,
842,2026-04-24,178,B.S ALIYAN AUTO WATER PUMP,2000,,1,N,
843,2026-04-24,175,JAPAN AUTO WATER PUMP,1000,,1,N,
844,2026-04-24,177,FARHAN AUTO WATER PUMP,1000,,1,N,
845,2026-04-24,182,SHAMA AUTO ELECTRIC W/P,1000,,1,N,
846,2026-04-24,176,ANSARI AUTO DASTAGIR,2000,,1,N,
847,2026-04-24,213,YOUSUF AUTO GULLSHAN 13D,1000,,1,N,
848,2026-04-24,161,SHAYAN AUTO U.P,3000,,1,N,
849,2026-04-24,248,FAISAL AUTO AZEEM PURA,10000,,1,N,
850,2026-04-24,148,IRFAN AUTO SHAH FAISAL,10000,,1,N,
851,2026-04-24,167,QADRI AUTO SHAH FAISAL,5000,,1,N,
852,2026-04-24,238,IMRAN AUTO SHER PAO,4000,,1,N,
853,2026-04-24,161,SHAYAN AUTO U.P,2000,,1,N,
854,2026-04-24,133,YOUSUF AUTO SATO MAIL,5000,,1,N,
855,2026-04-24,103,GHOUSIA AUTO JHUDDO,13560,,1,N,
856,2026-04-24,150,M UMER BADIN,20000,,1,N,
857,2026-04-25,186,MAMA ASHFAQ BADIN,20000,,1,N,
858,2026-04-27,192,SUBHAN AUTO GULSHAN 13D,5000,,1,N,
859,2026-04-27,142,MADINA AUTO AZIZABAD,6000,,1,N,
860,2026-04-27,213,YOUSUF AUTO GULLSHAN 13D,2000,,1,N,
861,2026-04-27,246,NASIR AUTO PEOPELS CHORANGI,1000,,1,N,
862,2026-04-27,217,BISMILLAH AUTO WATER PUMP,2000,,1,N,
863,2026-04-27,179,A.W AUTO WATER PUMP,2000,,1,N,
864,2026-04-27,178,B.S ALIYAN AUTO WATER PUMP,4000,,1,N,
865,2026-04-27,175,JAPAN AUTO WATER PUMP,5000,,1,N,
866,2026-04-27,182,SHAMA AUTO ELECTRIC W/P,2000,,1,N,
867,2026-04-27,228,KHALIL AUTO RABIA CITY,5000,,1,N,
868,2026-04-27,253,IZZAT AGA AUTO RABIA CITY,5000,,1,N,
869,2026-04-27,107,NIZAM AUTO MAYMAR,6000,,1,N,
870,2026-04-27,68,ARIF AUTOS LANDHI,20000,,1,N,
871,2026-04-27,57,RANA AUTOS LANDHI,33000,,1,N,
872,2026-04-27,204,MADINA AUTO AL-ASIF SQUARE,37350,,1,N,
873,2026-04-27,36,HADIA K1 NORTH NAZIMABAD,10000,,1,N,
874,2026-04-27,162,M.S MURAD ORANGI,2500,,1,N,
875,2026-04-27,165,ORANGZAIB AUTO SHEDAD PUR,10000,,1,N,
876,2026-04-27,171,MAMA JAMALI AUTO BADIN,37000,,1,N,
877,2026-04-27,252,OKASHA MEHAR,64800,,1,N,
878,2026-04-27,169,TAYYAB AUTO MEHMODABAD,25000,,1,N,
879,2026-04-28,138,ASIM BROTHERS MARKET,10000,,1,N,
880,2026-04-28,197,ALI MEHMODABAD WHEEL RIM,18000,,1,N,
881,2026-04-28,139,IQBAL AUTO BALDIA,16000,,1,N,
882,2026-04-28,112,RAJPUT AUTO SABRI CHOWK ORANGI,10000,,1,N,
883,2026-04-28,205,WAQAS TYRE ORANGI W/RIM,30000,,1,N,
884,2026-04-28,20,ALI AUTOS ISLAM CHOWK,10000,,1,N,
885,2026-04-28,25,AZAN AUTO BADIN,70000,,1,N,
886,2026-04-28,154,HAFEEZ AUTO KHAN BELA,100000,,1,N,
887,2026-04-29,79,REHMAN AUTO AJMEER NAGRI,6000,,1,N,
888,2026-04-29,183,M.A AUTO LIYARI 36,30000,,1,N,
889,2026-04-29,184,NEW-RIYAZ AUTO LIYARI 36,5000,,1,N,
890,2026-04-29,115,HONDA KARACHI PAKISTAN CHOWK,20000,,1,N,
891,2026-04-29,226,QISMAT AUTO TANDO GHULAM ALI,37350,,1,N,
892,2026-04-29,186,MAMA ASHFAQ BADIN,9710,,1,N,
893,2026-04-29,191,SHAFI AUTO GULSHAN IQBAL,10000,,1,N,
894,2026-04-29,175,JAPAN AUTO WATER PUMP,1000,,1,N,
895,2026-04-29,180,ARSALAN AUTO 13D GULLSHAN,6500,,1,N,
896,2026-04-29,254,WARSI AUTO NAZIMABAD,3000,,1,N,
897,2026-04-29,192,SUBHAN AUTO GULSHAN 13D,3000,,1,N,
898,2026-04-29,246,NASIR AUTO PEOPELS CHORANGI,2000,,1,N,
899,2026-04-29,210,SHAH JI AUTO PEOPELS CHOWK,1500,,1,N,
900,2026-04-29,217,BISMILLAH AUTO WATER PUMP,1000,,1,N,
901,2026-04-29,213,YOUSUF AUTO GULLSHAN 13D,1000,,1,N,
902,2026-04-29,178,B.S ALIYAN AUTO WATER PUMP,3000,,1,N,
903,2026-04-29,177,FARHAN AUTO WATER PUMP,1000,,1,N,
904,2026-04-29,182,SHAMA AUTO ELECTRIC W/P,1000,,1,N,
905,2026-04-29,176,ANSARI AUTO DASTAGIR,2000,,1,N,
906,2026-04-29,187,NASEER AUTO VINDER,25000,,1,N,
907,2026-04-29,121,AL-KARAM AUTO MARKET,10000,,1,N,
908,2026-04-30,215,M/S AUTO GULLSHAN 13D,10000,,1,N,
909,2026-04-30,199,SUFI BILAL COLONY KORANGI,3000,,1,N,
910,2026-04-30,181,MAKKA AUTO KORANGI 3 NUMBER,3000,,1,N,
911,2026-04-30,207,B.S KORANGI 4 POOL,4100,,1,N,
912,2026-04-30,208,DANISH AUTO KORANGI 51C,2500,,1,N,
913,2026-04-30,189,UBAID AUTO GULLSHAN 13D,5000,,1,N,
914,2026-04-30,213,YOUSUF AUTO GULLSHAN 13D,1000,,1,N,
915,2026-04-30,227,HASNAIN AUTO KORANGI 51 A,4000,,1,N,
916,2026-04-30,192,SUBHAN AUTO GULSHAN 13D,5000,,1,N,
917,2026-04-30,144,TAJ AUTO MEHRAN TOWN 2,5000,,1,N,
918,2026-04-30,173,B.S AUTO FARZAN BAK KORANGI,2500,,1,N,
919,2026-04-30,145,HUMA AUTO KORANGI,1450,,1,N,
920,2026-04-30,243,KAZIM AUTO BAG E KORANGI,3220,,1,N,
921,2026-04-30,244,SAHIBZADA AUTO 89 MKT,6000,,1,N,
922,2026-04-30,220,SHAFI AUTO MEMON GOTH,18400,,1,N,
923,2026-04-30,128,ZAIB AUTO WATER PUMP,30000,,1,N,
924,2026-04-30,197,ALI MEHMODABAD WHEEL RIM,12000,,1,N,
925,2026-04-30,77,MALIK AUTO LINES AREA,8000,,1,N,
926,2026-04-30,98,ASLAM AUTOS MARIPUR,20000,,1,N,
927,2026-04-30,82,JUNAID AUTO AGRA TAJ,18000,,1,N,
928,2026-04-30,67,JAMEEL AUTOS LEE MARKET,25000,,1,N,
929,2026-04-30,174,FAROOQ AUTO SHAH FAISAL,15000,,1,N,
930,2026-04-30,96,GHAZI AUTOS GOLARCHI,50000,,1,N,
931,2026-04-30,133,YOUSUF AUTO SATO MAIL,15000,,1,N,
932,2026-04-30,51,NEW KAKAR AUTOS PIDC,15000,,1,N,
933,2026-05-02,154,HAFEEZ AUTO KHAN BELA,100000,,1,N,
934,2026-05-02,248,FAISAL AUTO AZEEM PURA,5000,,1,N,
935,2026-05-02,170,ABDUL HADI AUTO DRIG ROAD,10500,,1,N,
936,2026-05-02,245,IMRAN AUTO MALIR,8000,,1,N,
937,2026-05-02,148,IRFAN AUTO SHAH FAISAL,10000,,1,N,
938,2026-05-02,158,PAKISTAN AUTO QUAIDABAD,10000,,1,N,
939,2026-05-02,232,UNIQUE TRADERS KALA BOARD,13150,,1,N,
941,2026-05-02,132,ADNAN AUTO FAST,50000,,1,N,
942,2026-05-02,166,M.A AUTO VINDER,13000,,1,N,
943,2026-05-04,104,HAMZA AUTO MOSMIYAT,50000,,1,N,
944,2026-05-04,265,ARIF AUTO RAHIM YAR KHAN,20000,,1,N,
945,2026-05-04,107,NIZAM AUTO MAYMAR,6000,,1,N,
946,2026-05-04,164,STAR AUTO MAYMAR,7775,,1,N,
947,2026-05-04,158,PAKISTAN AUTO QUAIDABAD,5000,,1,N,
948,2026-05-04,185,R.R AUTO SURJANI,20000,,1,N,
949,2026-05-04,91,ADNAN SURJANI 7B,5000,,1,N,
950,2026-05-04,106,HASAN AUTO NAZIA SQUARE,4000,,1,N,
951,2026-05-04,79,REHMAN AUTO AJMEER NAGRI,8000,,1,N,
952,2026-05-04,160,HAJI IQBAL QURESHI U.P,13000,,1,N,
953,2026-05-04,161,SHAYAN AUTO U.P,5000,,1,N,
954,2026-05-04,36,HADIA K1 NORTH NAZIMABAD,15000,,1,N,
955,2026-05-04,92,OSAMA ISLAM CHOWK,15000,,1,N,
956,2026-05-04,162,M.S MURAD ORANGI,3000,,1,N,
957,2026-05-04,105,A.H AUTO ORANGI L BLOCK,2570,,1,N,
958,2026-05-04,129,B.S AUTO AZIZABAD,15000,,1,N,
959,2026-05-04,57,RANA AUTOS LANDHI,44000,,1,N,
960,2026-05-04,99,FAISAL AUTOS KORANGI,6000,,1,N,
961,2026-05-04,101,A.R AUTOS BAGH-E-KORANGI,10000,,1,N,
962,2026-05-04,174,FAROOQ AUTO SHAH FAISAL,7000,,1,N,
963,2026-05-04,153,JUNAID AUTO SHAHFAISAL,35400,,1,N,
964,2026-05-04,142,MADINA AUTO AZIZABAD,5000,,1,N,
965,2026-05-04,177,FARHAN AUTO WATER PUMP,20000,,1,N,
966,2026-05-04,178,B.S ALIYAN AUTO WATER PUMP,3000,,1,N,
967,2026-05-04,246,NASIR AUTO PEOPELS CHORANGI,2500,,1,N,
968,2026-05-04,270,SARWAR AUTO PEOPELS CHOWRANGI,1500,,1,N,
969,2026-05-04,271,SALEEM AUTO PEOPELS CHOWRANGI,2000,,1,N,
970,2026-05-04,213,YOUSUF AUTO GULLSHAN 13D,1000,,1,N,
971,2026-05-04,210,SHAH JI AUTO PEOPELS CHOWK,2000,,1,N,
972,2026-05-04,217,BISMILLAH AUTO WATER PUMP,2000,,1,N,
973,2026-05-04,182,SHAMA AUTO ELECTRIC W/P,1000,,1,N,
974,2026-05-04,176,ANSARI AUTO DASTAGIR,2000,,1,N,
975,2026-05-04,175,JAPAN AUTO WATER PUMP,2000,,1,N,
976,2026-05-04,146,ATTARI AUTO KORANGI,4900,,1,N,
977,2026-05-04,173,B.S AUTO FARZAN BAK KORANGI,1500,,1,N,
978,2026-05-05,169,TAYYAB AUTO MEHMODABAD,30000,,1,N,
979,2026-05-05,233,SHAMIM AUTO KALA BOARD,3000,,1,N,
980,2026-05-05,260,ASAD AUTO MALIR,3000,,1,N,
981,2026-05-05,256,PARTS WALA AUTO LANDHI 6,8000,,1,N,
982,2026-05-05,130,ALVI AUTO BALDIA 4 NUMBER,10000,,1,N,
983,2026-05-05,139,IQBAL AUTO BALDIA,5000,,1,N,
984,2026-05-05,112,RAJPUT AUTO SABRI CHOWK ORANGI,10000,,1,N,
985,2026-05-05,20,ALI AUTOS ISLAM CHOWK,10000,,1,N,
986,2026-05-05,71,HAMZA KHAN AUTOS ORANGI TOWN,19600,,1,N,
987,2026-05-05,69,WAQAS AUTOS ISLAM CHOWK,48000,,1,N,
988,2026-05-05,259,IMRAN AUTO PEHALWAN GOTH,5000,,1,N,
989,2026-05-05,266,MADNI AUTO PEHALWAN GOTH,5000,,1,N,
990,2026-05-05,270,SARWAR AUTO PEOPELS CHOWRANGI,2000,,1,N,
991,2026-05-05,178,B.S ALIYAN AUTO WATER PUMP,1000,,1,N,
992,2026-05-05,213,YOUSUF AUTO GULLSHAN 13D,2000,,1,N,
993,2026-05-05,217,BISMILLAH AUTO WATER PUMP,1000,,1,N,
994,2026-05-05,182,SHAMA AUTO ELECTRIC W/P,1000,,1,N,
995,2026-05-05,216,M/S AUTO 13D W/RIM,8400,,1,N,
996,2026-05-05,73,HUSSAIN AUTO SHAH FAISAL,300000,,1,N,
997,2026-05-06,159,WAQAS AUTO BUFFER ZONE,5000,,1,N,
998,2026-05-06,183,M.A AUTO LIYARI 36,17500,,1,N,
999,2026-05-06,184,NEW-RIYAZ AUTO LIYARI 36,5000,,1,N,
1000,2026-05-06,211,ZAFAR AUTO SABZI MANDI,6000,,1,N,
1001,2026-05-06,158,PAKISTAN AUTO QUAIDABAD,5000,,1,N,
1002,2026-05-06,245,IMRAN AUTO MALIR,6000,,1,N,
1003,2026-05-06,237,J&B AUTO SHAH LATIF,15000,,1,N,
1004,2026-05-06,234,QUETTA AUTO SHERPAO,15500,,1,N,
1005,2026-05-06,138,ASIM BROTHERS MARKET,10000,,1,N,
1006,2026-05-07,141,ALI AUTO MEHMODABAD,10000,,1,N,
1007,2026-05-07,223,ABID AUTO LUCKY STAR,3000,,1,N,
1008,2026-05-07,77,MALIK AUTO LINES AREA,10000,,1,N,
1009,2026-05-07,129,B.S AUTO AZIZABAD,10000,,1,N,
1010,2026-05-07,98,ASLAM AUTOS MARIPUR,10000,,1,N,
1011,2026-05-07,82,JUNAID AUTO AGRA TAJ,25000,,1,N,
1012,2026-05-07,67,JAMEEL AUTOS LEE MARKET,25000,,1,N,
1013,2026-05-07,251,KARACHI AUTO QUAIDABAD,10000,,1,N,
1014,2026-05-07,185,R.R AUTO SURJANI,20000,,1,N,
1015,2026-05-07,90,HAMMAD SURJANI,2700,,1,N,
1016,2026-05-07,199,SUFI BILAL COLONY KORANGI,5000,,1,N,
1017,2026-05-07,144,TAJ AUTO MEHRAN TOWN 2,5000,,1,N,
1018,2026-05-07,173,B.S AUTO FARZAN BAK KORANGI,4000,,1,N,
1019,2026-05-07,181,MAKKA AUTO KORANGI 3 NUMBER,5000,,1,N,
1020,2026-05-07,207,B.S KORANGI 4 POOL,3000,,1,N,
1021,2026-05-07,137,KHAN SHAHRUKH AUTO KORANGI,10000,,1,N,
1022,2026-05-07,208,DANISH AUTO KORANGI 51C,7705,,1,N,
1023,2026-05-07,177,FARHAN AUTO WATER PUMP,10000,,1,N,
1024,2026-05-07,217,BISMILLAH AUTO WATER PUMP,1000,,1,N,
1025,2026-05-07,178,B.S ALIYAN AUTO WATER PUMP,2000,,1,N,
1026,2026-05-07,175,JAPAN AUTO WATER PUMP,2000,,1,N,
1027,2026-05-07,182,SHAMA AUTO ELECTRIC W/P,2000,,1,N,
1028,2026-05-07,246,NASIR AUTO PEOPELS CHORANGI,3000,,1,N,
1029,2026-05-07,271,SALEEM AUTO PEOPELS CHOWRANGI,1000,,1,N,
1030,2026-05-07,176,ANSARI AUTO DASTAGIR,2000,,1,N,
1031,2026-05-07,213,YOUSUF AUTO GULLSHAN 13D,2000,,1,N,
1032,2026-05-07,51,NEW KAKAR AUTOS PIDC,15000,,1,N,
1033,2026-05-08,68,ARIF AUTOS LANDHI,20000,,1,N,
1034,2026-05-08,205,WAQAS TYRE ORANGI W/RIM,16200,,1,N,
1035,2026-05-08,174,FAROOQ AUTO SHAH FAISAL,5000,,1,N,
1036,2026-05-08,196,MAMA A-1 13D WHEEL RIM,16000,,1,N,
1037,2026-05-08,192,SUBHAN AUTO GULSHAN 13D,5000,,1,N,
1038,2026-05-08,215,M/S AUTO GULLSHAN 13D,7000,,1,N,
1039,2026-05-08,189,UBAID AUTO GULLSHAN 13D,5000,,1,N,
1040,2026-05-08,213,YOUSUF AUTO GULLSHAN 13D,1000,,1,N,
1041,2026-05-08,217,BISMILLAH AUTO WATER PUMP,1000,,1,N,
1042,2026-05-08,178,B.S ALIYAN AUTO WATER PUMP,2000,,1,N,
1043,2026-05-08,182,SHAMA AUTO ELECTRIC W/P,1000,,1,N,
1044,2026-05-08,123,LUCKY AUTO WATER PUMP,2000,,1,N,
1045,2026-05-08,246,NASIR AUTO PEOPELS CHORANGI,1000,,1,N,
1046,2026-05-08,271,SALEEM AUTO PEOPELS CHOWRANGI,1000,,1,N,
1047,2026-05-08,227,HASNAIN AUTO KORANGI 51 A,4000,,1,N,
1048,2026-05-08,248,FAISAL AUTO AZEEM PURA,10000,,1,N,
1049,2026-05-08,170,ABDUL HADI AUTO DRIG ROAD,5000,,1,N,
1050,2026-05-08,148,IRFAN AUTO SHAH FAISAL,10000,,1,N,
1051,2026-05-08,167,QADRI AUTO SHAH FAISAL,5000,,1,N,
1052,2026-05-08,79,REHMAN AUTO AJMEER NAGRI,5000,,1,N,
1053,2026-05-08,116,ASIF SUPPLIER ZIP 1,18500,,1,N,
1054,2026-05-08,138,ASIM BROTHERS MARKET,5000,,1,N,
1055,2026-05-09,132,ADNAN AUTO FAST,40000,,1,N,
1056,2026-05-02,238,IMRAN AUTO SHER PAO,4000,,1,N,
1057,2026-05-02,228,KHALIL AUTO RABIA CITY,5000,,1,N,
1058,2026-05-02,75,YASIR AUTOS SACHAL GOTH,5000,,1,N,
1059,2026-05-02,27,B.S BAKHTAWAR GOTH,10000,,1,N,
1060,2026-05-02,253,IZZAT AGA AUTO RABIA CITY,5000,,1,N,
1061,2026-04-27,27,B.S BAKHTAWAR GOTH,5000,,1,N,
1062,2026-05-09,27,B.S BAKHTAWAR GOTH,8000,,1,N,
1063,2026-05-09,149,SHEIKH AUTO PEHALWAN GOTH,10000,,1,N,
1064,2026-05-09,228,KHALIL AUTO RABIA CITY,5000,,1,N,
1065,2026-05-09,253,IZZAT AGA AUTO RABIA CITY,5000,,1,N,
1066,2026-05-11,107,NIZAM AUTO MAYMAR,5000,,1,N,
1067,2026-05-11,282,SALEEM AUTO MAYMAR,5000,,1,N,
1068,2026-05-11,269,M/S AUTO SACHAL,3000,,1,N,
1069,2026-05-11,281,SUBHAN ALLAH AUTO SACHAL,5000,,1,N,
1070,2026-05-11,158,PAKISTAN AUTO QUAIDABAD,10000,,1,N,
1071,2026-05-11,92,OSAMA ISLAM CHOWK,5000,,1,N,
1072,2026-05-11,266,MADNI AUTO PEHALWAN GOTH,7000,,1,N,
1073,2026-05-11,267,HAFIZ AUTO PEHALWAN GOTH,5000,,1,N,
1074,2026-05-11,190,ASIF AUTO SABZI MANDI,5000,,1,N,
1075,2026-05-11,192,SUBHAN AUTO GULSHAN 13D,2000,,1,N,
1076,2026-05-11,213,YOUSUF AUTO GULLSHAN 13D,1000,,1,N,
1077,2026-05-11,217,BISMILLAH AUTO WATER PUMP,1000,,1,N,
1078,2026-05-11,182,SHAMA AUTO ELECTRIC W/P,2000,,1,N,
1079,2026-05-11,210,SHAH JI AUTO PEOPELS CHOWK,1000,,1,N,
1080,2026-05-11,270,SARWAR AUTO PEOPELS CHOWRANGI,1500,,1,N,
1081,2026-05-11,246,NASIR AUTO PEOPELS CHORANGI,4000,,1,N,
1082,2026-05-11,191,SHAFI AUTO GULSHAN IQBAL,7000,,1,N,
1083,2026-05-11,176,ANSARI AUTO DASTAGIR,1000,,1,N,
1084,2026-05-11,175,JAPAN AUTO WATER PUMP,1000,,1,N,
1085,2026-05-11,142,MADINA AUTO AZIZABAD,5000,,1,N,
1086,2026-05-11,271,SALEEM AUTO PEOPELS CHOWRANGI,2000,,1,N,
1087,2026-05-11,104,HAMZA AUTO MOSMIYAT,43000,,1,N,
1088,2026-05-12,220,SHAFI AUTO MEMON GOTH,10000,,1,N,
1089,2026-05-12,219,I.S AUTO PEHALWAN GOTH,10000,,1,N,
1090,2026-05-12,279,HABIB AUTO MAYMAR,5000,,7,N,
1091,2026-05-12,273,RIZWAN AUTO MALIR,5000,,1,N,
1092,2026-05-12,233,SHAMIM AUTO KALA BOARD,4000,,1,N,
1093,2026-05-12,260,ASAD AUTO MALIR,2000,,1,N,
1094,2026-05-12,256,PARTS WALA AUTO LANDHI 6,8000,,1,N,
1095,2026-05-12,68,ARIF AUTOS LANDHI,10000,,1,N,
1096,2026-05-12,101,A.R AUTOS BAGH-E-KORANGI,10000,,1,N,
1097,2026-05-12,139,IQBAL AUTO BALDIA,8000,,1,N,
1098,2026-05-12,71,HAMZA KHAN AUTOS ORANGI TOWN,10000,,1,N,
1099,2026-05-12,20,ALI AUTOS ISLAM CHOWK,10000,,1,N,
1100,2026-05-12,69,WAQAS AUTOS ISLAM CHOWK,10000,,1,N,
1101,2026-05-12,36,HADIA K1 NORTH NAZIMABAD,10000,,1,N,
1102,2026-05-12,240,AKBER AUTO LIYARI 36,11000,,1,N,
1103,2026-05-12,154,HAFEEZ AUTO KHAN BELA,50000,,1,N,
1104,2026-05-12,157,ASGHER AUTO UP,50000,,1,N,
1105,2026-05-12,293,SIDDIQUE AUTO LANDHI,7900,jenretor reparing exp,1,N,
1106,2026-05-12,102,SALEEM MAMU,44000,,1,N,
1107,2026-05-13,25,AZAN AUTO BADIN,100000,,1,N,
1108,2026-05-13,169,TAYYAB AUTO MEHMODABAD,10000,,1,N,
1109,2026-05-13,116,ASIF SUPPLIER ZIP 1,15000,,1,N,
1110,2026-05-13,231,STAR AUTO MALIR,25000,,1,N,
1111,2026-05-13,168,B.S AUTO QUAIDABAD,24800,,1,N,
1112,2026-05-13,244,SAHIBZADA AUTO 89 MKT,4000,,1,N,
1113,2026-05-13,268,HANAN AUTO NAZIMABAD,3000,,1,N,
1114,2026-05-13,254,WARSI AUTO NAZIMABAD,3000,,1,N,
1115,2026-05-13,217,BISMILLAH AUTO WATER PUMP,1000,,1,N,
1116,2026-05-13,178,B.S ALIYAN AUTO WATER PUMP,3000,,1,N,
1117,2026-05-13,270,SARWAR AUTO PEOPELS CHOWRANGI,1500,,1,N,
1118,2026-05-13,271,SALEEM AUTO PEOPELS CHOWRANGI,1000,,1,N,
1119,2026-05-13,213,YOUSUF AUTO GULLSHAN 13D,2000,,1,N,
1120,2026-05-13,192,SUBHAN AUTO GULSHAN 13D,3000,,1,N,
1121,2026-05-13,246,NASIR AUTO PEOPELS CHORANGI,1500,,1,N,
1122,2026-05-13,176,ANSARI AUTO DASTAGIR,1000,,1,N,
1123,2026-05-14,115,HONDA KARACHI PAKISTAN CHOWK,20000,,1,N,
1124,2026-05-14,199,SUFI BILAL COLONY KORANGI,5000,,1,N,
1125,2026-05-14,144,TAJ AUTO MEHRAN TOWN 2,5000,,1,N,
1126,2026-05-14,173,B.S AUTO FARZAN BAK KORANGI,3000,,1,N,
1127,2026-05-14,181,MAKKA AUTO KORANGI 3 NUMBER,4000,,1,N,
1128,2026-05-14,227,HASNAIN AUTO KORANGI 51 A,4000,,1,N,
1129,2026-05-14,137,KHAN SHAHRUKH AUTO KORANGI,5000,,1,N,
1130,2026-05-14,215,M/S AUTO GULLSHAN 13D,5000,,1,N,
1131,2026-05-14,192,SUBHAN AUTO GULSHAN 13D,3000,,1,N,
1132,2026-05-14,213,YOUSUF AUTO GULLSHAN 13D,1000,,1,N,
1133,2026-05-14,180,ARSALAN AUTO 13D GULLSHAN,5000,,1,N,
1134,2026-05-14,217,BISMILLAH AUTO WATER PUMP,1000,,1,N,
1135,2026-05-14,178,B.S ALIYAN AUTO WATER PUMP,1000,,1,N,
1136,2026-05-14,182,SHAMA AUTO ELECTRIC W/P,1000,,1,N,
1137,2026-05-14,175,JAPAN AUTO WATER PUMP,1000,,1,N,
1138,2026-05-14,57,RANA AUTOS LANDHI,15000,,1,N,
1139,2026-05-14,77,MALIK AUTO LINES AREA,5000,,1,N,
1140,2026-05-14,128,ZAIB AUTO WATER PUMP,30000,,1,N,
1141,2026-05-14,98,ASLAM AUTOS MARIPUR,35000,,1,N,
1142,2026-05-14,67,JAMEEL AUTOS LEE MARKET,22000,,1,N,
1143,2026-05-14,242,KING AUTO BEHAR COLONY,5000,,1,N,
1144,2026-05-14,141,ALI AUTO MEHMODABAD,10000,,1,N,
1145,2026-05-14,265,ARIF AUTO RAHIM YAR KHAN,10000,,1,N,
1146,2026-05-14,81,TAYYABA AUTO SURJANI,5000,,1,N,
1147,2026-05-14,187,NASEER AUTO VINDER,27950,,1,N,
1148,2026-05-15,51,NEW KAKAR AUTOS PIDC,10000,,1,N,
1149,2026-05-15,154,HAFEEZ AUTO KHAN BELA,24600,,1,N,
1150,2026-05-15,238,IMRAN AUTO SHER PAO,4000,,1,N,
1151,2026-05-15,170,ABDUL HADI AUTO DRIG ROAD,10000,,1,N,
1152,2026-05-15,276,REHAN AUTO SHAH FAISAL,10000,,1,N,
1153,2026-05-15,148,IRFAN AUTO SHAH FAISAL,10000,,1,N,
1154,2026-05-15,167,QADRI AUTO SHAH FAISAL,5000,,1,N,
1155,2026-05-15,138,ASIM BROTHERS MARKET,10000,,1,N,
1156,2026-05-15,56,RAHIM BHAI CLASSIC MOTORCYCLE,50000,,1,N,
1157,2026-05-18,59,RIDER AUTO PARTS,70000,,1,N,
1158,2026-05-18,245,IMRAN AUTO MALIR,6000,,1,N,
1159,2026-05-18,247,RIZWAN AUTO AZEEM PURA,13150,,1,N,
1160,2026-05-18,149,SHEIKH AUTO PEHALWAN GOTH,10000,,1,N,
1161,2026-05-18,281,SUBHAN ALLAH AUTO SACHAL,5000,,1,N,
1162,2026-05-18,287,HAFEEZ AUTO GHAZI GOTH,5000,,1,N,
1163,2026-05-18,279,HABIB AUTO MAYMAR,7000,,7,N,
1164,2026-05-18,282,SALEEM AUTO MAYMAR,5000,,1,N,
1165,2026-05-18,164,STAR AUTO MAYMAR,7250,,1,N,
1166,2026-05-18,229,IMRAN AUTO FAQEERA GOTH,30300,,1,N,
1167,2026-05-18,297,AWAMI AUTO FAQEERA GOTH,29400,,1,N,
1168,2026-05-18,269,M/S AUTO SACHAL,3000,,1,N,
1169,2026-05-18,36,HADIA K1 NORTH NAZIMABAD,15000,,1,N,
1170,2026-05-18,211,ZAFAR AUTO SABZI MANDI,7500,,1,N,
1171,2026-05-18,266,MADNI AUTO PEHALWAN GOTH,7000,,1,N,
1172,2026-05-18,267,HAFIZ AUTO PEHALWAN GOTH,4000,,1,N,
1173,2026-05-18,259,IMRAN AUTO PEHALWAN GOTH,5500,,1,N,
1174,2026-05-18,246,NASIR AUTO PEOPELS CHORANGI,1500,,1,N,
1175,2026-05-18,210,SHAH JI AUTO PEOPELS CHOWK,2000,,1,N,
1176,2026-05-18,271,SALEEM AUTO PEOPELS CHOWRANGI,1000,,1,N,
1177,2026-05-18,270,SARWAR AUTO PEOPELS CHOWRANGI,2000,,1,N,
1178,2026-05-18,217,BISMILLAH AUTO WATER PUMP,1000,,1,N,
1179,2026-05-18,178,B.S ALIYAN AUTO WATER PUMP,1500,,1,N,
1180,2026-05-18,176,ANSARI AUTO DASTAGIR,2000,,1,N,
1181,2026-05-18,213,YOUSUF AUTO GULLSHAN 13D,1000,,1,N,
1182,2026-05-18,189,UBAID AUTO GULLSHAN 13D,5000,,1,N,
1183,2026-05-18,129,B.S AUTO AZIZABAD,15000,,1,N,
1184,2026-05-18,128,ZAIB AUTO WATER PUMP,20000,,1,N,
1185,2026-05-18,26,AZAN AUTOS JIMMY LANDHI,18600,,1,N,
1186,2026-05-18,68,ARIF AUTOS LANDHI,20000,,1,N,
1187,2026-05-18,57,RANA AUTOS LANDHI,28000,,1,N,
1188,2026-05-18,101,A.R AUTOS BAGH-E-KORANGI,10000,,1,N,
1189,2026-05-18,132,ADNAN AUTO FAST,40000,,1,N,
1190,2026-05-19,139,IQBAL AUTO BALDIA,5000,,1,N,
1191,2026-05-19,130,ALVI AUTO BALDIA 4 NUMBER,3000,,1,N,
1192,2026-05-19,112,RAJPUT AUTO SABRI CHOWK ORANGI,10000,,1,N,
1193,2026-05-19,20,ALI AUTOS ISLAM CHOWK,10000,,1,N,
1194,2026-05-19,71,HAMZA KHAN AUTOS ORANGI TOWN,10000,,1,N,
1195,2026-05-19,69,WAQAS AUTOS ISLAM CHOWK,40000,,1,N,
1196,2026-05-19,89,WAQAS TYRE TUBE ISLAM CHOWK,20000,,1,N,
1197,2026-05-19,116,ASIF SUPPLIER ZIP 1,11500,,1,N,
1198,2026-05-19,220,SHAFI AUTO MEMON GOTH,10000,,1,N,
1199,2026-05-19,286,QUETTA AUTO BAKRA PIRI MALIR,4000,,1,N,
1200,2026-05-19,273,RIZWAN AUTO MALIR,5000,,1,N,
1201,2026-05-19,233,SHAMIM AUTO KALA BOARD,3000,,1,N,
1202,2026-05-19,260,ASAD AUTO MALIR,2000,,1,N,
1203,2026-05-19,158,PAKISTAN AUTO QUAIDABAD,10000,,1,N,
1204,2026-05-19,251,KARACHI AUTO QUAIDABAD,10000,,1,N,
1205,2026-05-19,256,PARTS WALA AUTO LANDHI 6,8000,,1,N,
1206,2026-05-19,102,SALEEM MAMU,5000,,1,N,
1207,2026-05-20,73,HUSSAIN AUTO SHAH FAISAL,200000,,1,N,
1208,2026-05-20,236,QUETTA AUTO SHAHLATIF,40000,,1,N,
1209,2026-05-20,237,J&B AUTO SHAH LATIF,10000,,1,N,
1210,2026-05-20,220,SHAFI AUTO MEMON GOTH,15000,,1,N,
1211,2026-05-20,253,IZZAT AGA AUTO RABIA CITY,5000,,1,N,
1212,2026-05-20,79,REHMAN AUTO AJMEER NAGRI,1000,,1,N,
1213,2026-05-20,184,NEW-RIYAZ AUTO LIYARI 36,4000,,1,N,
1214,2026-05-20,116,ASIF SUPPLIER ZIP 1,13000,,1,N,
1215,2026-05-21,185,R.R AUTO SURJANI,10000,,1,N,
1216,2026-05-21,91,ADNAN SURJANI 7B,8000,,1,N,
1217,2026-05-21,144,TAJ AUTO MEHRAN TOWN 2,5000,,1,N,
1218,2026-05-21,114,TAJ AUTO MEHRAN TOWN 1,4500,,1,N,
1219,2026-05-21,173,B.S AUTO FARZAN BAK KORANGI,5000,,1,N,
1220,2026-05-21,181,MAKKA AUTO KORANGI 3 NUMBER,4000,,1,N,
1221,2026-05-21,137,KHAN SHAHRUKH AUTO KORANGI,10000,,1,N,
1222,2026-05-21,191,SHAFI AUTO GULSHAN IQBAL,7000,,1,N,
1223,2026-05-21,207,B.S KORANGI 4 POOL,3000,,1,N,
1224,2026-05-21,246,NASIR AUTO PEOPELS CHORANGI,2000,,1,N,
1225,2026-05-21,217,BISMILLAH AUTO WATER PUMP,1000,,1,N,
1226,2026-05-21,175,JAPAN AUTO WATER PUMP,1000,,1,N,
1227,2026-05-21,178,B.S ALIYAN AUTO WATER PUMP,1000,,1,N,
1228,2026-05-21,270,SARWAR AUTO PEOPELS CHOWRANGI,1500,,1,N,
1229,2026-05-21,213,YOUSUF AUTO GULLSHAN 13D,2000,,1,N,
1230,2026-05-21,254,WARSI AUTO NAZIMABAD,3000,,1,N,
1231,2026-05-21,294,KAZIM AUTO BAG E KORANGI W/RIM,11900,,1,N,
1232,2026-05-21,141,ALI AUTO MEHMODABAD,15000,,1,N,
1233,2026-05-22,51,NEW KAKAR AUTOS PIDC,10000,,1,N,
1234,2026-05-22,265,ARIF AUTO RAHIM YAR KHAN,20000,,1,N,
1235,2026-05-22,115,HONDA KARACHI PAKISTAN CHOWK,20000,,1,N,
1236,2026-05-22,231,STAR AUTO MALIR,20000,,1,N,
1237,2026-05-22,248,FAISAL AUTO AZEEM PURA,2400,,1,N,
1238,2026-05-22,170,ABDUL HADI AUTO DRIG ROAD,5000,,1,N,
1239,2026-05-22,276,REHAN AUTO SHAH FAISAL,5000,,1,N,
1240,2026-05-22,148,IRFAN AUTO SHAH FAISAL,10000,,1,N,
1241,2026-05-22,167,QADRI AUTO SHAH FAISAL,5000,,1,N,
1242,2026-05-22,215,M/S AUTO GULLSHAN 13D,8000,,1,N,
1243,2026-05-22,180,ARSALAN AUTO 13D GULLSHAN,5000,,1,N,
1244,2026-05-22,246,NASIR AUTO PEOPELS CHORANGI,1000,,1,N,
1245,2026-05-22,271,SALEEM AUTO PEOPELS CHOWRANGI,1500,,1,N,
1246,2026-05-22,178,B.S ALIYAN AUTO WATER PUMP,1000,,1,N,
1247,2026-05-22,217,BISMILLAH AUTO WATER PUMP,1000,,1,N,
1248,2026-05-22,213,YOUSUF AUTO GULLSHAN 13D,1000,,1,N,
1249,2026-05-22,77,MALIK AUTO LINES AREA,5000,,1,N,
1250,2026-05-22,82,JUNAID AUTO AGRA TAJ,15000,,1,N,
1251,2026-05-22,196,MAMA A-1 13D WHEEL RIM,16000,,1,N,
1252,2026-05-22,101,A.R AUTOS BAGH-E-KORANGI,5000,,1,N,
1253,2026-05-22,60,RIZWAN SUPPLIER KORANGI,25000,,1,N,
1254,2026-05-22,68,ARIF AUTOS LANDHI,20000,,1,N,
1255,2026-05-22,57,RANA AUTOS LANDHI,30000,,1,N,
1256,2026-05-22,128,ZAIB AUTO WATER PUMP,30000,,1,N,
1257,2026-05-22,109,BABU AUTO SINDHI HOTEL,10000,,1,N,
1258,2026-05-22,160,HAJI IQBAL QURESHI U.P,15000,,1,N,
1259,2026-05-25,238,IMRAN AUTO SHER PAO,4000,,1,N,
1260,2026-05-25,245,IMRAN AUTO MALIR,5300,,1,N,
1261,2026-05-25,281,SUBHAN ALLAH AUTO SACHAL,5000,,1,N,
1262,2026-05-25,149,SHEIKH AUTO PEHALWAN GOTH,10000,,1,N,
1263,2026-05-25,27,B.S BAKHTAWAR GOTH,4000,,1,N,
1264,2026-05-25,228,KHALIL AUTO RABIA CITY,5000,,1,N,
1265,2026-05-25,253,IZZAT AGA AUTO RABIA CITY,4600,,1,N,
1266,2026-05-25,287,HAFEEZ AUTO GHAZI GOTH,5000,,1,N,
1267,2026-05-25,279,HABIB AUTO MAYMAR,7000,,7,N,
1268,2026-05-25,282,SALEEM AUTO MAYMAR,5000,,1,N,
1269,2026-05-25,164,STAR AUTO MAYMAR,10000,,1,N,
1270,2026-05-25,107,NIZAM AUTO MAYMAR,10000,,1,N,
1271,2026-05-25,158,PAKISTAN AUTO QUAIDABAD,9000,,1,N,
1272,2026-05-25,150,M UMER BADIN,100000,,1,N,
1273,2026-05-25,25,AZAN AUTO BADIN,50000,,1,N,
1274,2026-05-25,171,MAMA JAMALI AUTO BADIN,50000,,1,N,
1275,2026-05-25,264,NOOR AUTO JHUDDO,46970,,1,N,
1276,2026-05-25,133,YOUSUF AUTO SATO MAIL,20000,,1,N,
1277,2026-05-25,104,HAMZA AUTO MOSMIYAT,47000,,1,N,
1278,2026-05-25,252,OKASHA MEHAR,64800,,1,N,
1279,2026-05-25,36,HADIA K1 NORTH NAZIMABAD,10000,,1,N,
1280,2026-05-25,92,OSAMA ISLAM CHOWK,6000,,1,N,
1281,2026-05-25,266,MADNI AUTO PEHALWAN GOTH,3500,,1,N,
1282,2026-05-25,267,HAFIZ AUTO PEHALWAN GOTH,3000,,1,N,
1283,2026-05-25,285,K.K AUTO RABIA CITY,8000,,1,N,
1284,2026-05-25,182,SHAMA AUTO ELECTRIC W/P,1000,,1,N,
1285,2026-05-25,178,B.S ALIYAN AUTO WATER PUMP,1000,,1,N,
1286,2026-05-25,176,ANSARI AUTO DASTAGIR,2000,,1,N,
1287,2026-05-25,175,JAPAN AUTO WATER PUMP,2250,,1,N,
1288,2026-05-25,213,YOUSUF AUTO GULLSHAN 13D,2000,,1,N,
1289,2026-05-25,246,NASIR AUTO PEOPELS CHORANGI,1000,,1,N,
1290,2026-05-25,210,SHAH JI AUTO PEOPELS CHOWK,2000,,1,N,
1291,2026-05-25,271,SALEEM AUTO PEOPELS CHOWRANGI,1000,,1,N,
1292,2026-05-25,190,ASIF AUTO SABZI MANDI,4000,,1,N,
1293,2026-05-25,192,SUBHAN AUTO GULSHAN 13D,3000,,1,N,
1294,2026-05-25,268,HANAN AUTO NAZIMABAD,920,,1,N,
1295,2026-05-25,132,ADNAN AUTO FAST,40000,,1,N,
1296,2026-05-26,129,B.S AUTO AZIZABAD,10000,,1,N,
1297,2026-05-26,89,WAQAS TYRE TUBE ISLAM CHOWK,10000,,1,N,
1298,2026-05-26,20,ALI AUTOS ISLAM CHOWK,6000,,1,N,
1299,2026-05-26,71,HAMZA KHAN AUTOS ORANGI TOWN,20000,,1,N,
1300,2026-05-26,101,A.R AUTOS BAGH-E-KORANGI,10000,,1,N,
1301,2026-05-26,128,ZAIB AUTO WATER PUMP,20000,,1,N,
1302,2026-05-26,233,SHAMIM AUTO KALA BOARD,3225,,1,N,
1303,2026-05-26,286,QUETTA AUTO BAKRA PIRI MALIR,5000,,1,N,
1304,2026-05-26,220,SHAFI AUTO MEMON GOTH,15000,,1,N,
1305,2026-05-26,219,I.S AUTO PEHALWAN GOTH,6500,,1,N,
1306,2026-05-26,298,IQBAL AUTO QAIDABAD,7000,,1,N,
1307,2026-05-26,292,AL-REHMAN AUTO MALIR,4000,,1,N,
1308,2026-05-26,273,RIZWAN AUTO MALIR,5000,,1,N,
1309,2026-04-24,206,AKBER SUZUKI,50000,,1,N,
1310,2026-05-26,251,KARACHI AUTO QUAIDABAD,15000,,1,N,
1311,2026-05-26,237,J&B AUTO SHAH LATIF,15000,,1,N,
1312,2026-05-26,239,AL-HAJ AUTO MANSERA COLONY,10000,,1,N,
1313,2026-05-26,238,IMRAN AUTO SHER PAO,4000,,1,N,
1314,2026-05-26,206,AKBER SUZUKI,38600,,1,N,
1315,2026-06-01,157,ASGHER AUTO UP,80000,,1,N,
1316,2026-06-01,221,WAJAHAT SUPPLIER MARKET,46000,,1,N,
1317,2026-06-01,285,K.K AUTO RABIA CITY,10000,,1,N,
1318,2026-06-01,259,IMRAN AUTO PEHALWAN GOTH,4000,,1,N,
1319,2026-06-01,267,HAFIZ AUTO PEHALWAN GOTH,4060,,1,N,
1320,2026-06-01,266,MADNI AUTO PEHALWAN GOTH,5000,,1,N,
1321,2026-06-01,142,MADINA AUTO AZIZABAD,5000,,1,N,
1322,2026-06-01,192,SUBHAN AUTO GULSHAN 13D,3000,,1,N,
1323,2026-06-01,178,B.S ALIYAN AUTO WATER PUMP,2000,,1,N,
1324,2026-06-01,270,SARWAR AUTO PEOPELS CHOWRANGI,2000,,1,N,
1325,2026-06-01,246,NASIR AUTO PEOPELS CHORANGI,2000,,1,N,
1326,2026-06-01,271,SALEEM AUTO PEOPELS CHOWRANGI,2000,,1,N,
1327,2026-06-01,69,WAQAS AUTOS ISLAM CHOWK,14600,,1,N,
1328,2026-06-01,57,RANA AUTOS LANDHI,15000,,1,N,
1329,2026-06-01,68,ARIF AUTOS LANDHI,10000,,1,N,
1330,2026-06-01,101,A.R AUTOS BAGH-E-KORANGI,10000,,1,N,
1331,2026-06-01,153,JUNAID AUTO SHAHFAISAL,20000,,1,N,
1332,2026-06-02,139,IQBAL AUTO BALDIA,4500,,1,N,
1333,2026-06-02,112,RAJPUT AUTO SABRI CHOWK ORANGI,10000,,1,N,
1334,2026-06-02,162,M.S MURAD ORANGI,2000,,1,N,
1335,2026-06-02,89,WAQAS TYRE TUBE ISLAM CHOWK,10200,,1,N,
1336,2026-06-02,20,ALI AUTOS ISLAM CHOWK,20000,,1,N,
1337,2026-06-02,71,HAMZA KHAN AUTOS ORANGI TOWN,20000,,1,N,
1338,2026-06-02,116,ASIF SUPPLIER ZIP 1,10000,,1,N,
1339,2026-06-02,132,ADNAN AUTO FAST,40000,,1,N,
1340,2026-06-03,254,WARSI AUTO NAZIMABAD,4000,,1,N,
1341,2026-06-03,178,B.S ALIYAN AUTO WATER PUMP,3000,,1,N,
1342,2026-06-03,213,YOUSUF AUTO GULLSHAN 13D,2000,,1,N,
1343,2026-06-03,246,NASIR AUTO PEOPELS CHORANGI,2000,,1,N,
1344,2026-06-03,217,BISMILLAH AUTO WATER PUMP,1000,,1,N,
1345,2026-06-03,271,SALEEM AUTO PEOPELS CHOWRANGI,2930,,1,N,
1346,2026-06-03,192,SUBHAN AUTO GULSHAN 13D,3000,,1,N,
1347,2026-06-03,176,ANSARI AUTO DASTAGIR,2000,,1,N,
1348,2026-06-03,159,WAQAS AUTO BUFFER ZONE,3000,,1,N,
1349,2026-06-03,182,SHAMA AUTO ELECTRIC W/P,2000,,1,N,
1350,2026-06-04,199,SUFI BILAL COLONY KORANGI,5000,,1,N,
1351,2026-06-04,144,TAJ AUTO MEHRAN TOWN 2,400,,1,N,
1352,2026-06-04,114,TAJ AUTO MEHRAN TOWN 1,4200,,1,N,
1353,2026-06-04,173,B.S AUTO FARZAN BAK KORANGI,5000,,1,N,
1354,2026-06-04,181,MAKKA AUTO KORANGI 3 NUMBER,3100,,1,N,
1355,2026-06-04,137,KHAN SHAHRUKH AUTO KORANGI,10000,,1,N,
1356,2026-06-04,191,SHAFI AUTO GULSHAN IQBAL,5000,,1,N,
1357,2026-06-04,270,SARWAR AUTO PEOPELS CHOWRANGI,2500,,1,N,
1358,2026-06-04,246,NASIR AUTO PEOPELS CHORANGI,1000,,1,N,
1359,2026-06-04,210,SHAH JI AUTO PEOPELS CHOWK,1000,,1,N,
1360,2026-06-04,217,BISMILLAH AUTO WATER PUMP,1000,,1,N,
1361,2026-06-04,178,B.S ALIYAN AUTO WATER PUMP,1000,,1,N,
1362,2026-06-04,227,HASNAIN AUTO KORANGI 51 A,5000,,1,N,
1363,2026-06-04,104,HAMZA AUTO MOSMIYAT,45000,,1,N,
1364,2026-06-04,141,ALI AUTO MEHMODABAD,10000,,1,N,
1365,2026-06-04,129,B.S AUTO AZIZABAD,10000,,1,N,
1366,2026-06-04,82,JUNAID AUTO AGRA TAJ,19000,,1,N,
1367,2026-06-04,67,JAMEEL AUTOS LEE MARKET,22520,,1,N,
1368,2026-06-04,77,MALIK AUTO LINES AREA,15000,,1,N,
1369,2026-06-04,242,KING AUTO BEHAR COLONY,5000,,1,N,
1370,2026-06-05,216,M/S AUTO 13D W/RIM,10000,,1,N,
1371,2026-06-05,189,UBAID AUTO GULLSHAN 13D,5000,,1,N,
1372,2026-06-05,217,BISMILLAH AUTO WATER PUMP,1000,,1,N,
1373,2026-06-05,213,YOUSUF AUTO GULLSHAN 13D,1000,,1,N,
1374,2026-06-05,246,NASIR AUTO PEOPELS CHORANGI,1000,,1,N,
1375,2026-06-05,178,B.S ALIYAN AUTO WATER PUMP,1600,,1,N,
1376,2026-06-05,182,SHAMA AUTO ELECTRIC W/P,1000,,1,N,
1377,2026-06-05,57,RANA AUTOS LANDHI,23000,,1,N,
1378,2026-06-05,303,UNIQUE AUTO LANDHI W/RIM,20000,,1,N,
1379,2026-06-05,109,BABU AUTO SINDHI HOTEL,10000,,1,N,
1380,2026-06-05,265,ARIF AUTO RAHIM YAR KHAN,22320,,1,N,
1381,2026-06-06,51,NEW KAKAR AUTOS PIDC,10000,,1,N,
1382,2026-06-08,246,NASIR AUTO PEOPELS CHORANGI,4000,,1,N,
1383,2026-06-08,270,SARWAR AUTO PEOPELS CHOWRANGI,3500,,1,N,
1384,2026-06-08,210,SHAH JI AUTO PEOPELS CHOWK,2000,,1,N,
1385,2026-06-08,217,BISMILLAH AUTO WATER PUMP,1000,,1,N,
1386,2026-06-08,178,B.S ALIYAN AUTO WATER PUMP,2000,,1,N,
1387,2026-06-08,182,SHAMA AUTO ELECTRIC W/P,2000,,1,N,
1388,2026-06-08,176,ANSARI AUTO DASTAGIR,2000,,1,N,
1389,2026-06-08,266,MADNI AUTO PEHALWAN GOTH,5000,,1,N,
1390,2026-06-08,267,HAFIZ AUTO PEHALWAN GOTH,5000,,1,N,
1391,2026-06-08,159,WAQAS AUTO BUFFER ZONE,3000,,1,N,
1392,2026-06-08,213,YOUSUF AUTO GULLSHAN 13D,3000,,1,N,
1393,2026-06-08,265,ARIF AUTO RAHIM YAR KHAN,15000,,1,N,
1394,2026-06-08,25,AZAN AUTO BADIN,120000,,1,N,
1395,2026-06-08,222,M.A AUTO UP,50000,,1,N,
1396,2026-06-08,111,HAMZA AUTO SURJANI,3000,,1,N,
1397,2026-06-08,79,REHMAN AUTO AJMEER NAGRI,7000,,1,N,
1398,2026-06-08,36,HADIA K1 NORTH NAZIMABAD,15000,,1,N,
1399,2026-06-08,68,ARIF AUTOS LANDHI,15000,,1,N,
1400,2026-06-08,57,RANA AUTOS LANDHI,25000,,1,N,
1401,2026-06-08,101,A.R AUTOS BAGH-E-KORANGI,17000,,1,N,
1402,2026-06-08,52,NOOR AUTOS QUAIDABAD,12000,,1,N,
1403,2026-06-08,287,HAFEEZ AUTO GHAZI GOTH,5000,,1,N,
1404,2026-06-08,280,MINHAJ AUTO MAYMAR,15200,,1,N,
1405,2026-06-08,279,HABIB AUTO MAYMAR,10000,,7,N,
1406,2026-06-08,164,STAR AUTO MAYMAR,7000,,1,N,
1407,2026-06-08,107,NIZAM AUTO MAYMAR,5100,,1,N,
1408,2026-06-08,281,SUBHAN ALLAH AUTO SACHAL,4000,,1,N,
1409,2026-06-08,149,SHEIKH AUTO PEHALWAN GOTH,10000,,1,N,
1410,2026-06-08,289,GHAZI AUTO PEHALWAN GOTH,5000,,1,N,
1411,2026-06-08,291,FAISAL AUTO PEHAWAN GOTH,4000,,1,N,
1412,2026-06-08,253,IZZAT AGA AUTO RABIA CITY,5000,,1,N,
1413,2026-06-08,220,SHAFI AUTO MEMON GOTH,22530,,1,N,
1414,2026-06-09,158,PAKISTAN AUTO QUAIDABAD,8000,,1,N,
1415,2026-06-09,298,IQBAL AUTO QAIDABAD,6000,,1,N,
1416,2026-06-09,286,QUETTA AUTO BAKRA PIRI MALIR,9950,,1,N,
1417,2026-06-09,308,SHAN AUTO MALIR,2000,,1,N,
1418,2026-06-09,231,STAR AUTO MALIR,20000,,1,N,
1419,2026-06-09,273,RIZWAN AUTO MALIR,5000,,1,N,
1420,2026-06-09,233,SHAMIM AUTO KALA BOARD,5000,,1,N,
1421,2026-06-09,232,UNIQUE TRADERS KALA BOARD,12900,,1,N,
1422,2026-06-09,292,AL-REHMAN AUTO MALIR,3000,,1,N,
1423,2026-06-09,274,A.M AUTO MALIR,5250,,1,N,
1424,2026-06-09,285,K.K AUTO RABIA CITY,10000,,1,N,
1425,2026-06-09,142,MADINA AUTO AZIZABAD,5000,,1,N,
1426,2026-06-09,192,SUBHAN AUTO GULSHAN 13D,5000,,1,N,
1427,2026-06-09,132,ADNAN AUTO FAST,40000,,1,N,
1428,2026-06-09,213,YOUSUF AUTO GULLSHAN 13D,1000,,1,N,
1429,2026-06-09,178,B.S ALIYAN AUTO WATER PUMP,1000,,1,N,
1430,2026-06-09,246,NASIR AUTO PEOPELS CHORANGI,1000,,1,N,
1431,2026-06-09,254,WARSI AUTO NAZIMABAD,4000,,1,N,
1432,2026-05-17,190,ASIF AUTO SABZI MANDI,4000,,1,N,
1433,2026-05-17,192,SUBHAN AUTO GULSHAN 13D,2000,,1,N,
1434,2026-05-17,213,YOUSUF AUTO GULLSHAN 13D,1000,,1,N,
1435,2026-05-17,210,SHAH JI AUTO PEOPELS CHOWK,2000,,1,N,
1436,2026-05-17,271,SALEEM AUTO PEOPELS CHOWRANGI,2000,,1,N,
1437,2026-05-17,175,JAPAN AUTO WATER PUMP,1000,,1,N,
1438,2026-05-17,178,B.S ALIYAN AUTO WATER PUMP,2000,,1,N,
1439,2026-05-17,217,BISMILLAH AUTO WATER PUMP,1000,,1,N,
1440,2026-05-17,246,NASIR AUTO PEOPELS CHORANGI,1000,,1,N,
1441,2026-06-09,130,ALVI AUTO BALDIA 4 NUMBER,15000,,1,N,
1442,2026-06-09,112,RAJPUT AUTO SABRI CHOWK ORANGI,15000,,1,N,
1443,2026-06-09,20,ALI AUTOS ISLAM CHOWK,20000,,1,N,
1444,2026-06-09,71,HAMZA KHAN AUTOS ORANGI TOWN,20000,,1,N,
1445,2026-06-09,69,WAQAS AUTOS ISLAM CHOWK,30000,,1,N,
1446,2026-06-09,89,WAQAS TYRE TUBE ISLAM CHOWK,10000,,1,N,
1447,2026-06-09,115,HONDA KARACHI PAKISTAN CHOWK,20000,,1,N,
1448,2026-06-10,256,PARTS WALA AUTO LANDHI 6,5000,,1,N,
1449,2026-06-10,282,SALEEM AUTO MAYMAR,500,,1,N,
1450,2026-06-10,300,RAZA AUTO MALIR,11000,,1,N,
1451,2026-06-10,260,ASAD AUTO MALIR,2000,,1,N,
1452,2026-06-10,237,J&B AUTO SHAH LATIF,15000,,1,N,
1453,2026-06-11,104,HAMZA AUTO MOSMIYAT,43000,,1,N,
1454,2026-06-11,98,ASLAM AUTOS MARIPUR,30000,,1,N,
1455,2026-06-11,82,JUNAID AUTO AGRA TAJ,15000,,1,N,
1456,2026-06-11,242,KING AUTO BEHAR COLONY,5000,,1,N,
1457,2026-06-11,67,JAMEEL AUTOS LEE MARKET,20000,,1,N,
1458,2026-06-11,77,MALIK AUTO LINES AREA,10000,,1,N,
1459,2026-06-11,295,SIDDIQUE AUTO BILAL COLONY,5000,,1,N,
1460,2026-06-11,199,SUFI BILAL COLONY KORANGI,5000,,1,N,
1461,2026-06-11,114,TAJ AUTO MEHRAN TOWN 1,5000,,1,N,
1462,2026-06-11,144,TAJ AUTO MEHRAN TOWN 2,4000,,1,N,
1463,2026-06-11,173,B.S AUTO FARZAN BAK KORANGI,5000,,1,N,
1464,2026-06-11,181,MAKKA AUTO KORANGI 3 NUMBER,5000,,1,N,
1465,2026-06-11,227,HASNAIN AUTO KORANGI 51 A,5000,,1,N,
1466,2026-06-11,137,KHAN SHAHRUKH AUTO KORANGI,5000,,1,N,
1467,2026-06-11,215,M/S AUTO GULLSHAN 13D,5000,,1,N,
1468,2026-06-11,213,YOUSUF AUTO GULLSHAN 13D,2000,,1,N,
1469,2026-06-11,207,B.S KORANGI 4 POOL,3000,,1,N,
1470,2026-06-11,161,SHAYAN AUTO U.P,5000,,1,N,
1471,2026-06-11,246,NASIR AUTO PEOPELS CHORANGI,1000,,1,N,
1472,2026-06-11,210,SHAH JI AUTO PEOPELS CHOWK,1000,,1,N,
1473,2026-06-11,270,SARWAR AUTO PEOPELS CHOWRANGI,1000,,1,N,
1474,2026-06-11,182,SHAMA AUTO ELECTRIC W/P,1000,,1,N,
1475,2026-06-11,217,BISMILLAH AUTO WATER PUMP,1000,,1,N,
1476,2026-06-11,209,R-K AUTO MARKET,10000,,1,N,
1477,2026-06-11,296,ARIF AUTO TALHAR,100000,,1,N,
1478,2026-06-11,42,KHATAOMAL PANGRIO,175600,,1,N,
1479,2026-06-11,73,HUSSAIN AUTO SHAH FAISAL,300000,,1,N,
1480,2026-06-12,68,ARIF AUTOS LANDHI,10000,,1,N,
1481,2026-06-12,57,RANA AUTOS LANDHI,20000,,1,N,
1482,2026-06-12,303,UNIQUE AUTO LANDHI W/RIM,20000,,1,N,
1483,2026-06-12,197,ALI MEHMODABAD WHEEL RIM,39200,,1,N,
1484,2026-06-12,170,ABDUL HADI AUTO DRIG ROAD,5000,,1,N,
1485,2026-06-12,167,QADRI AUTO SHAH FAISAL,5000,,1,N,
1486,2026-06-12,148,IRFAN AUTO SHAH FAISAL,10000,,1,N,
1487,2026-06-12,138,ASIM BROTHERS MARKET,7400,,1,N,
1488,2026-06-13,278,SHOAIB AUTO SACHAL,20000,,1,N,
1489,2026-06-13,281,SUBHAN ALLAH AUTO SACHAL,4000,,1,N,
1490,2026-06-13,269,M/S AUTO SACHAL,3000,,1,N,
1491,2026-06-13,149,SHEIKH AUTO PEHALWAN GOTH,10000,,1,N,
1492,2026-06-13,228,KHALIL AUTO RABIA CITY,5000,,1,N,
1493,2026-06-13,253,IZZAT AGA AUTO RABIA CITY,5000,,1,N,
1494,2026-06-13,251,KARACHI AUTO QUAIDABAD,10000,,1,N,
1495,2026-06-15,280,MINHAJ AUTO MAYMAR,15000,,1,N,
1496,2026-06-15,279,HABIB AUTO MAYMAR,8000,,7,N,
1497,2026-06-15,282,SALEEM AUTO MAYMAR,5000,,1,N,
1498,2026-06-15,164,STAR AUTO MAYMAR,9000,,1,N,
1499,2026-06-15,229,IMRAN AUTO FAQEERA GOTH,20000,,1,N,
1500,2026-06-15,238,IMRAN AUTO SHER PAO,5000,,1,N,
1501,2026-06-15,298,IQBAL AUTO QAIDABAD,4000,,1,N,
1502,2026-06-13,190,ASIF AUTO SABZI MANDI,3000,,1,N,
1503,2026-06-13,211,ZAFAR AUTO SABZI MANDI,5000,,1,N,
1504,2026-06-13,142,MADINA AUTO AZIZABAD,5000,,1,N,
1505,2026-06-13,246,NASIR AUTO PEOPELS CHORANGI,3000,,1,N,
1506,2026-06-13,210,SHAH JI AUTO PEOPELS CHOWK,1000,,1,N,
1507,2026-06-13,178,B.S ALIYAN AUTO WATER PUMP,4000,,1,N,
1508,2026-06-13,213,YOUSUF AUTO GULLSHAN 13D,2000,,1,N,
1509,2026-06-13,217,BISMILLAH AUTO WATER PUMP,1000,,1,N,
1510,2026-06-13,270,SARWAR AUTO PEOPELS CHOWRANGI,1000,,1,N,
1511,2026-06-13,176,ANSARI AUTO DASTAGIR,2000,,1,N,
1512,2026-06-13,182,SHAMA AUTO ELECTRIC W/P,1000,,1,N,
1513,2026-06-13,192,SUBHAN AUTO GULSHAN 13D,2000,,1,N,
1514,2026-06-15,285,K.K AUTO RABIA CITY,10000,,1,N,
1515,2026-06-15,259,IMRAN AUTO PEHALWAN GOTH,5000,,1,N,
1516,2026-06-15,267,HAFIZ AUTO PEHALWAN GOTH,2500,,1,N,
1517,2026-06-15,159,WAQAS AUTO BUFFER ZONE,3000,,1,N,
1518,2026-06-15,246,NASIR AUTO PEOPELS CHORANGI,1000,,1,N,
1519,2026-06-15,270,SARWAR AUTO PEOPELS CHOWRANGI,1500,,1,N,
1520,2026-06-15,217,BISMILLAH AUTO WATER PUMP,1000,,1,N,
1521,2026-06-15,178,B.S ALIYAN AUTO WATER PUMP,2000,,1,N,
1522,2026-06-15,176,ANSARI AUTO DASTAGIR,1000,,1,N,
1523,2026-06-15,213,YOUSUF AUTO GULLSHAN 13D,1000,,1,N,
1524,2026-06-13,79,REHMAN AUTO AJMEER NAGRI,5000,,1,N,
1525,2026-06-13,185,R.R AUTO SURJANI,10000,,1,N,
1526,2026-06-13,111,HAMZA AUTO SURJANI,3000,,1,N,
1527,2026-06-13,36,HADIA K1 NORTH NAZIMABAD,10000,,1,N,
1528,2026-06-13,68,ARIF AUTOS LANDHI,10000,,1,N,
1529,2026-06-13,57,RANA AUTOS LANDHI,20000,,1,N,
1530,2026-06-13,101,A.R AUTOS BAGH-E-KORANGI,13500,,1,N,
1531,2026-06-13,153,JUNAID AUTO SHAHFAISAL,17400,,1,N,
1532,2026-06-15,265,ARIF AUTO RAHIM YAR KHAN,10000,,1,N,
1533,2026-06-15,157,ASGHER AUTO UP,44450,,1,N,
1534,2026-06-15,116,ASIF SUPPLIER ZIP 1,10000,,1,N,
1535,2026-06-16,112,RAJPUT AUTO SABRI CHOWK ORANGI,10000,,1,N,
1536,2026-06-16,194,HAMZA KHAN WHEEL RIM,20000,,1,N,
1537,2026-06-16,71,HAMZA KHAN AUTOS ORANGI TOWN,10000,,1,N,
1538,2026-06-16,92,OSAMA ISLAM CHOWK,5000,,1,N,
1539,2026-06-16,89,WAQAS TYRE TUBE ISLAM CHOWK,10000,,1,N,
1540,2026-06-16,32,DAWOOD SULTAN AUTOS ORANGI TOW,2900,,1,N,
1541,2026-06-16,263,AL-MADINA AUTO WATER PUMP,15000,,1,N,
1542,2026-06-16,299,HASHTAG TRADERS LANDHI 6,9600,,1,N,
1543,2026-06-16,260,ASAD AUTO MALIR,2000,,1,N,
1544,2026-06-16,308,SHAN AUTO MALIR,2000,,1,N,
1546,2026-06-16,273,RIZWAN AUTO MALIR,5000,,1,N,
1547,2026-06-16,233,SHAMIM AUTO KALA BOARD,3000,,1,N,
1548,2026-06-16,158,PAKISTAN AUTO QUAIDABAD,8000,,1,N,
1549,2026-06-16,245,IMRAN AUTO MALIR,5000,,1,N,
1550,2026-06-16,256,PARTS WALA AUTO LANDHI 6,8000,,1,N,
1551,2026-06-16,132,ADNAN AUTO FAST,40000,,1,N,
1552,2026-06-17,96,GHAZI AUTOS GOLARCHI,50000,,1,N,
1553,2026-06-17,246,NASIR AUTO PEOPELS CHORANGI,1000,,1,N,
1554,2026-06-17,210,SHAH JI AUTO PEOPELS CHOWK,1000,,1,N,
1555,2026-06-17,217,BISMILLAH AUTO WATER PUMP,2000,,1,N,
1556,2026-06-17,182,SHAMA AUTO ELECTRIC W/P,2000,,1,N,
1557,2026-06-17,213,YOUSUF AUTO GULLSHAN 13D,2000,,1,N,
1558,2026-06-17,192,SUBHAN AUTO GULSHAN 13D,5500,,1,N,
1559,2026-06-17,109,BABU AUTO SINDHI HOTEL,5000,,1,N,
1560,2026-06-17,178,B.S ALIYAN AUTO WATER PUMP,2000,,1,N,
1561,2026-06-17,176,ANSARI AUTO DASTAGIR,1000,,1,N,
1562,2026-06-17,159,WAQAS AUTO BUFFER ZONE,2000,,1,N,
1563,2026-06-17,236,QUETTA AUTO SHAHLATIF,20000,,1,N,
1564,2026-06-17,237,J&B AUTO SHAH LATIF,15000,,1,N,
1565,2026-06-17,244,SAHIBZADA AUTO 89 MKT,10000,,1,N,
1566,2026-06-18,102,SALEEM MAMU,12280,,1,N,
1567,2026-06-18,199,SUFI BILAL COLONY KORANGI,4000,,8,N,
1568,2026-06-18,144,TAJ AUTO MEHRAN TOWN 2,400,,8,N,
1569,2026-06-18,173,B.S AUTO FARZAN BAK KORANGI,4000,,1,N,
1570,2026-06-18,207,B.S KORANGI 4 POOL,5000,,1,N,
1571,2026-06-18,227,HASNAIN AUTO KORANGI 51 A,4000,,1,N,
1572,2026-06-18,137,KHAN SHAHRUKH AUTO KORANGI,5000,,1,N,
1573,2026-06-18,191,SHAFI AUTO GULSHAN IQBAL,7000,,1,N,
1574,2026-06-18,284,SAMI AUTO GULLSHAN 13D,5000,,1,N,
1575,2026-06-18,213,YOUSUF AUTO GULLSHAN 13D,1000,,1,N,
1576,2026-06-18,246,NASIR AUTO PEOPELS CHORANGI,1000,,1,N,
1577,2026-06-18,270,SARWAR AUTO PEOPELS CHOWRANGI,1500,,1,N,
1578,2026-06-18,216,M/S AUTO 13D W/RIM,6800,,1,N,
1579,2026-06-18,215,M/S AUTO GULLSHAN 13D,8200,,1,N,
1580,2026-06-18,181,MAKKA AUTO KORANGI 3 NUMBER,3000,,1,N,
1581,2026-06-18,98,ASLAM AUTOS MARIPUR,20000,,1,N,
1582,2026-06-18,67,JAMEEL AUTOS LEE MARKET,20000,,1,N,
1583,2026-06-18,223,ABID AUTO LUCKY STAR,5500,,1,N,
1584,2026-06-18,77,MALIK AUTO LINES AREA,10000,,1,N,
1585,2026-06-18,116,ASIF SUPPLIER ZIP 1,10000,,1,N,
1586,2026-06-19,238,IMRAN AUTO SHER PAO,4000,,1,N,
1587,2026-06-19,170,ABDUL HADI AUTO DRIG ROAD,10000,,1,N,
1588,2026-06-19,148,IRFAN AUTO SHAH FAISAL,10000,,1,N,
1589,2026-06-19,167,QADRI AUTO SHAH FAISAL,5000,,1,N,
1590,2026-06-20,221,WAJAHAT SUPPLIER MARKET,46000,,1,N,
1591,2026-06-20,138,ASIM BROTHERS MARKET,5000,,1,N,
1592,2026-06-22,209,R-K AUTO MARKET,7000,,1,N,
1593,2026-06-22,25,AZAN AUTO BADIN,100000,,1,N,
1594,2026-06-22,186,MAMA ASHFAQ BADIN,45000,,1,N,
1595,2026-06-22,53,NOORANI AUTOS BADIN,15950,,1,N,
1596,2026-06-22,42,KHATAOMAL PANGRIO,100000,,1,N,
1597,2026-06-22,103,GHOUSIA AUTO JHUDDO,10000,,1,N,
1598,2026-06-22,264,NOOR AUTO JHUDDO,50000,,1,N,
1599,2026-06-22,150,M UMER BADIN,100000,,1,N,
1600,2026-06-22,171,MAMA JAMALI AUTO BADIN,40000,,1,N,
1601,2026-06-20,189,UBAID AUTO GULLSHAN 13D,5000,,1,N,
1602,2026-06-20,190,ASIF AUTO SABZI MANDI,3000,,1,N,
1603,2026-06-20,211,ZAFAR AUTO SABZI MANDI,4650,,1,N,
1604,2026-06-20,180,ARSALAN AUTO 13D GULLSHAN,5000,,1,N,
1605,2026-06-20,213,YOUSUF AUTO GULLSHAN 13D,1000,,1,N,
1606,2026-06-20,192,SUBHAN AUTO GULSHAN 13D,2000,,1,N,
1607,2026-06-20,307,SUBHAN AUTO 13D W/RIM,1000,,1,N,
1608,2026-06-20,246,NASIR AUTO PEOPELS CHORANGI,1000,,1,N,
1609,2026-06-20,210,SHAH JI AUTO PEOPELS CHOWK,1000,,1,N,
1610,2026-06-20,270,SARWAR AUTO PEOPELS CHOWRANGI,1000,,1,N,
1611,2026-06-20,217,BISMILLAH AUTO WATER PUMP,1000,,1,N,
1612,2026-06-20,182,SHAMA AUTO ELECTRIC W/P,1000,,1,N,
1613,2026-06-20,178,B.S ALIYAN AUTO WATER PUMP,2000,,1,N,
1614,2026-06-20,79,REHMAN AUTO AJMEER NAGRI,5000,,1,N,
1615,2026-06-20,321,NASEER AUTO LIYARI 36,20000,,1,N,
1616,2026-06-20,311,INSAF AUTO LIYARI 36,50000,,1,N,
1617,2026-06-20,81,TAYYABA AUTO SURJANI,5000,,1,N,
1618,2026-06-20,222,M.A AUTO UP,30000,,1,N,
1619,2026-06-20,69,WAQAS AUTOS ISLAM CHOWK,20000,,1,N,
1620,2026-06-20,68,ARIF AUTOS LANDHI,17000,,1,N,
1621,2026-06-20,287,HAFEEZ AUTO GHAZI GOTH,11350,,1,N,
1622,2026-06-20,75,YASIR AUTOS SACHAL GOTH,15000,,1,N,
1623,2026-06-20,289,GHAZI AUTO PEHALWAN GOTH,5000,,1,N,
1624,2026-06-20,228,KHALIL AUTO RABIA CITY,5000,,1,N,
1625,2026-06-20,253,IZZAT AGA AUTO RABIA CITY,7000,,1,N,
1626,2026-06-22,285,K.K AUTO RABIA CITY,8000,,1,N,
1627,2026-06-22,259,IMRAN AUTO PEHALWAN GOTH,5000,,1,N,
1628,2026-06-22,246,NASIR AUTO PEOPELS CHORANGI,1000,,1,N,
1629,2026-06-22,178,B.S ALIYAN AUTO WATER PUMP,2000,,1,N,
1630,2026-06-22,217,BISMILLAH AUTO WATER PUMP,1000,,1,N,
1631,2026-06-22,182,SHAMA AUTO ELECTRIC W/P,1000,,1,N,
1632,2026-06-22,176,ANSARI AUTO DASTAGIR,1000,,1,N,
1633,2026-06-22,213,YOUSUF AUTO GULLSHAN 13D,1000,,1,N,
1634,2026-06-22,280,MINHAJ AUTO MAYMAR,10000,,1,N,
1635,2026-06-22,164,STAR AUTO MAYMAR,10000,,1,N,
1636,2026-06-22,282,SALEEM AUTO MAYMAR,12000,,1,N,
1637,2026-06-22,298,IQBAL AUTO QAIDABAD,6000,,1,N,
1638,2026-06-22,158,PAKISTAN AUTO QUAIDABAD,8000,,1,N,
1639,2026-06-23,26,AZAN AUTOS JIMMY LANDHI,15000,,1,N,
1640,2026-06-23,101,A.R AUTOS BAGH-E-KORANGI,10000,,1,N,
1641,2026-06-23,174,FAROOQ AUTO SHAH FAISAL,3000,,1,N,
1642,2026-06-23,92,OSAMA ISLAM CHOWK,7000,,1,N,
1643,2026-06-23,71,HAMZA KHAN AUTOS ORANGI TOWN,15000,,1,N,
1644,2026-06-23,20,ALI AUTOS ISLAM CHOWK,20000,,1,N,
1645,2026-06-23,69,WAQAS AUTOS ISLAM CHOWK,20000,,1,N,
1646,2026-06-23,36,HADIA K1 NORTH NAZIMABAD,10000,,1,N,
1647,2026-06-23,89,WAQAS TYRE TUBE ISLAM CHOWK,7000,,1,N,
1648,2026-06-23,205,WAQAS TYRE ORANGI W/RIM,3000,,1,N,
1649,2026-06-23,231,STAR AUTO MALIR,10000,,1,N,
1650,2026-06-23,229,IMRAN AUTO FAQEERA GOTH,10000,,1,N,
1651,2026-06-23,273,RIZWAN AUTO MALIR,5000,,1,N,
1652,2026-06-23,149,SHEIKH AUTO PEHALWAN GOTH,20000,,1,N,
1653,2026-06-23,286,QUETTA AUTO BAKRA PIRI MALIR,9000,,1,N,
1654,2026-06-23,233,SHAMIM AUTO KALA BOARD,7019,,1,N,
1655,2026-06-23,260,ASAD AUTO MALIR,2000,,1,N,
1656,2026-06-23,132,ADNAN AUTO FAST,40000,,1,N,
1657,2026-06-27,51,NEW KAKAR AUTOS PIDC,5000,,1,N,
1658,2026-06-27,187,NASEER AUTO VINDER,32434,,1,N,
1659,2026-06-27,104,HAMZA AUTO MOSMIYAT,40000,,1,N,
1660,2026-06-27,170,ABDUL HADI AUTO DRIG ROAD,4000,,1,N,
1661,2026-06-27,167,QADRI AUTO SHAH FAISAL,5000,,1,N,
1662,2026-06-27,276,REHAN AUTO SHAH FAISAL,4119,,1,N,
1663,2026-06-27,148,IRFAN AUTO SHAH FAISAL,3437,,1,N,
1664,2026-06-27,243,KAZIM AUTO BAG E KORANGI,25000,,1,N,
1665,2026-06-27,141,ALI AUTO MEHMODABAD,10000,,1,N,
1666,2026-06-27,223,ABID AUTO LUCKY STAR,3000,,1,N,
1667,2026-06-27,310,TIGER AUTO LUCKY STAR,3000,,1,N,
1668,2026-06-27,111,HAMZA AUTO SURJANI,3000,,1,N,
1669,2026-06-27,68,ARIF AUTOS LANDHI,10000,,1,N,
1670,2026-06-27,57,RANA AUTOS LANDHI,15000,,1,N,
1671,2026-06-27,60,RIZWAN SUPPLIER KORANGI,30000,,1,N,
1672,2026-06-27,303,UNIQUE AUTO LANDHI W/RIM,32000,,1,N,
1673,2026-06-27,70,UNIQUE AUTOS LANDHI,8000,,1,N,
1674,2026-06-23,254,WARSI AUTO NAZIMABAD,3000,,1,N,
1675,2026-06-23,270,SARWAR AUTO PEOPELS CHOWRANGI,2000,,1,N,
1676,2026-06-23,213,YOUSUF AUTO GULLSHAN 13D,2000,,1,N,
1677,2026-06-23,217,BISMILLAH AUTO WATER PUMP,2000,,1,N,
1678,2026-06-23,246,NASIR AUTO PEOPELS CHORANGI,1000,,1,N,
1679,2026-06-23,178,B.S ALIYAN AUTO WATER PUMP,2000,,1,N,
1680,2026-06-23,182,SHAMA AUTO ELECTRIC W/P,1000,,1,N,
1681,2026-06-23,109,BABU AUTO SINDHI HOTEL,10000,,1,N,
1682,2026-06-23,161,SHAYAN AUTO U.P,10000,,1,N,
1683,2026-06-27,144,TAJ AUTO MEHRAN TOWN 2,5000,,8,N,
1684,2026-06-27,114,TAJ AUTO MEHRAN TOWN 1,5000,,1,N,
1685,2026-06-27,199,SUFI BILAL COLONY KORANGI,5000,,8,N,
1686,2026-06-27,295,SIDDIQUE AUTO BILAL COLONY,10000,,1,N,
1687,2026-06-27,181,MAKKA AUTO KORANGI 3 NUMBER,3000,,1,N,
1688,2026-06-27,215,M/S AUTO GULLSHAN 13D,10000,,1,N,
1689,2026-06-27,213,YOUSUF AUTO GULLSHAN 13D,1000,,1,N,
1690,2026-06-27,178,B.S ALIYAN AUTO WATER PUMP,1000,,1,N,
1691,2026-06-27,284,SAMI AUTO GULLSHAN 13D,14710,,1,N,
1692,2026-06-29,116,ASIF SUPPLIER ZIP 1,10000,,1,N,
1693,2026-06-29,132,ADNAN AUTO FAST,42700,,1,N,
1694,2026-06-29,169,TAYYAB AUTO MEHMODABAD,16000,,1,N,
1695,2026-06-29,79,REHMAN AUTO AJMEER NAGRI,5000,,1,N,
1696,2026-06-29,321,NASEER AUTO LIYARI 36,30000,,1,N,
1697,2026-06-29,313,INSAF LIYARI 36 W/RIM,30000,,1,N,
1698,2026-06-29,311,INSAF AUTO LIYARI 36,10000,,1,N,
1699,2026-06-29,81,TAYYABA AUTO SURJANI,3000,,1,N,
1700,2026-06-29,128,ZAIB AUTO WATER PUMP,50000,,1,N,
1701,2026-06-29,57,RANA AUTOS LANDHI,20000,,1,N,
1702,2026-06-29,68,ARIF AUTOS LANDHI,10000,,1,N,
1703,2026-06-29,26,AZAN AUTOS JIMMY LANDHI,15000,,1,N,
1704,2026-06-29,101,A.R AUTOS BAGH-E-KORANGI,10000,,1,N,
1705,2026-06-29,269,M/S AUTO SACHAL,3000,,1,N,
1706,2026-06-29,149,SHEIKH AUTO PEHALWAN GOTH,10000,,1,N,
1707,2026-06-29,253,IZZAT AGA AUTO RABIA CITY,10000,,1,N,
1708,2026-06-29,228,KHALIL AUTO RABIA CITY,5000,,1,N,
1709,2026-06-29,280,MINHAJ AUTO MAYMAR,5000,,1,N,
1710,2026-06-29,279,HABIB AUTO MAYMAR,9740,,7,N,
1711,2026-06-29,107,NIZAM AUTO MAYMAR,5000,,1,N,
1712,2026-06-29,297,AWAMI AUTO FAQEERA GOTH,7399,,1,N,
1713,2026-06-29,238,IMRAN AUTO SHER PAO,4000,,1,N,
1714,2026-06-29,178,B.S ALIYAN AUTO WATER PUMP,4000,,1,N,
1715,2026-06-29,190,ASIF AUTO SABZI MANDI,3000,,1,N,
1716,2026-06-29,211,ZAFAR AUTO SABZI MANDI,3000,,1,N,
1717,2026-06-29,246,NASIR AUTO PEOPELS CHORANGI,2000,,1,N,
1718,2026-06-29,213,YOUSUF AUTO GULLSHAN 13D,2000,,1,N,
1719,2026-06-29,270,SARWAR AUTO PEOPELS CHOWRANGI,2000,,1,N,
1720,2026-06-29,267,HAFIZ AUTO PEHALWAN GOTH,4500,,1,N,
1721,2026-06-29,285,K.K AUTO RABIA CITY,7000,,1,N,
1722,2026-06-29,217,BISMILLAH AUTO WATER PUMP,1000,,1,N,
1723,2026-06-29,176,ANSARI AUTO DASTAGIR,1000,,1,N,
1724,2026-06-29,210,SHAH JI AUTO PEOPELS CHOWK,1500,,1,N,
1725,2026-06-29,307,SUBHAN AUTO 13D W/RIM,3000,,1,N,
1726,2026-06-30,59,RIDER AUTO PARTS,50000,,1,N,
1727,2026-06-30,286,QUETTA AUTO BAKRA PIRI MALIR,6000,,1,N,
1728,2026-06-30,308,SHAN AUTO MALIR,2000,,1,N,
1729,2026-06-30,273,RIZWAN AUTO MALIR,5000,,1,N,
1730,2026-06-30,232,UNIQUE TRADERS KALA BOARD,18800,,1,N,
1731,2026-06-30,158,PAKISTAN AUTO QUAIDABAD,5000,,1,N,
1732,2026-06-30,220,SHAFI AUTO MEMON GOTH,11000,,1,N,
1733,2026-06-30,112,RAJPUT AUTO SABRI CHOWK ORANGI,10000,,1,N,
1734,2026-06-30,71,HAMZA KHAN AUTOS ORANGI TOWN,20000,,1,N,
1735,2026-06-30,20,ALI AUTOS ISLAM CHOWK,20000,,1,N,
1736,2026-06-30,92,OSAMA ISLAM CHOWK,7000,,1,N,
1737,2026-06-30,69,WAQAS AUTOS ISLAM CHOWK,30000,,1,N,
1738,2026-06-30,105,A.H AUTO ORANGI L BLOCK,1750,from waqas buffer zone,1,N,
1739,2026-07-01,230,M.A AUTO KHOPRA PAR 4 NUMBER,1580,,1,N,
1740,2026-07-01,236,QUETTA AUTO SHAHLATIF,20000,,1,N,
1741,2026-07-01,237,J&B AUTO SHAH LATIF,15000,,1,N,
1742,2026-07-01,244,SAHIBZADA AUTO 89 MKT,14800,,1,N,
1743,2026-07-01,158,PAKISTAN AUTO QUAIDABAD,5000,,1,N,
1744,2026-07-01,251,KARACHI AUTO QUAIDABAD,10000,,1,N,
1745,2026-07-01,180,ARSALAN AUTO 13D GULLSHAN,4000,,1,N,
1746,2026-07-01,307,SUBHAN AUTO 13D W/RIM,4000,,1,N,
1747,2026-07-01,270,SARWAR AUTO PEOPELS CHOWRANGI,2500,,1,N,
1748,2026-07-01,217,BISMILLAH AUTO WATER PUMP,2000,,1,N,
1749,2026-07-01,176,ANSARI AUTO DASTAGIR,1000,,1,N,
1750,2026-07-01,213,YOUSUF AUTO GULLSHAN 13D,2000,,1,N,
1751,2026-07-01,189,UBAID AUTO GULLSHAN 13D,6500,,1,N,
1752,2026-07-01,246,NASIR AUTO PEOPELS CHORANGI,1000,,1,N,
1753,2026-07-01,178,B.S ALIYAN AUTO WATER PUMP,2000,,1,N,
1754,2026-07-01,327,AJMERI AUTO SINDHI HOTEL,2000,,1,N,
1755,2026-07-02,331,M.UMAR AUTO NASIR JUMP KORANGI,10000,,1,N,
1756,2026-07-02,215,M/S AUTO GULLSHAN 13D,10000,,1,N,
1757,2026-07-02,192,SUBHAN AUTO GULSHAN 13D,5000,,1,N,
1758,2026-07-02,227,HASNAIN AUTO KORANGI 51 A,4000,,1,N,
1759,2026-07-02,144,TAJ AUTO MEHRAN TOWN 2,5000,,8,N,
1760,2026-07-02,114,TAJ AUTO MEHRAN TOWN 1,4000,,1,N,
1761,2026-07-02,173,B.S AUTO FARZAN BAK KORANGI,4000,,1,N,
1762,2026-07-02,181,MAKKA AUTO KORANGI 3 NUMBER,3000,,1,N,
1763,2026-07-02,191,SHAFI AUTO GULSHAN IQBAL,3500,,1,N,
1764,2026-07-02,178,B.S ALIYAN AUTO WATER PUMP,2000,,1,N,
1765,2026-07-02,246,NASIR AUTO PEOPELS CHORANGI,1000,,1,N,
1766,2026-07-02,176,ANSARI AUTO DASTAGIR,1000,,1,N,
1767,2026-07-02,213,YOUSUF AUTO GULLSHAN 13D,1000,,1,N,
1768,2026-07-02,207,B.S KORANGI 4 POOL,5000,,1,N,
1769,2026-07-02,77,MALIK AUTO LINES AREA,10000,,1,N,
1770,2026-07-02,310,TIGER AUTO LUCKY STAR,5000,,1,N,
1771,2026-07-02,223,ABID AUTO LUCKY STAR,3000,,1,N,
1772,2026-07-02,82,JUNAID AUTO AGRA TAJ,15000,,1,N,
1773,2026-07-02,67,JAMEEL AUTOS LEE MARKET,20000,,1,N,
1774,2026-07-02,129,B.S AUTO AZIZABAD,10000,,1,N,
1775,2026-07-02,296,ARIF AUTO TALHAR,100000,,1,N,
1776,2026-07-02,96,GHAZI AUTOS GOLARCHI,50000,,1,N,
1777,2026-07-04,238,IMRAN AUTO SHER PAO,4000,,1,N,
1778,2026-07-04,245,IMRAN AUTO MALIR,5000,,1,N,
1779,2026-07-04,248,FAISAL AUTO AZEEM PURA,5000,,1,N,
1780,2026-07-04,170,ABDUL HADI AUTO DRIG ROAD,5000,,1,N,
1781,2026-07-04,276,REHAN AUTO SHAH FAISAL,5000,,1,N,
1782,2026-07-04,167,QADRI AUTO SHAH FAISAL,5000,,1,N,
1783,2026-07-04,148,IRFAN AUTO SHAH FAISAL,10000,,1,N,
1784,2026-07-04,68,ARIF AUTOS LANDHI,10000,,1,N,
1785,2026-07-04,153,JUNAID AUTO SHAHFAISAL,39600,,1,N,
1786,2026-07-04,141,ALI AUTO MEHMODABAD,4000,,1,N,
1787,2026-07-04,116,ASIF SUPPLIER ZIP 1,10000,,1,N,
1788,2026-07-04,275,MUNAWAR GUMBHAT,35000,,1,N,
1789,2026-07-04,132,ADNAN AUTO FAST,8150,,1,N,
1790,2026-07-06,138,ASIM BROTHERS MARKET,7000,,1,N,
1791,2026-07-04,192,SUBHAN AUTO GULSHAN 13D,5000,,1,N,
1792,2026-07-04,211,ZAFAR AUTO SABZI MANDI,4000,,1,N,
1793,2026-07-04,190,ASIF AUTO SABZI MANDI,3000,,1,N,
1794,2026-07-04,246,NASIR AUTO PEOPELS CHORANGI,4500,,1,N,
1795,2026-07-04,178,B.S ALIYAN AUTO WATER PUMP,2000,,1,N,
1796,2026-07-04,217,BISMILLAH AUTO WATER PUMP,2000,,1,N,
1797,2026-07-04,213,YOUSUF AUTO GULLSHAN 13D,1000,,1,N,
1798,2026-07-04,270,SARWAR AUTO PEOPELS CHOWRANGI,1500,,1,N,
1799,2026-07-04,75,YASIR AUTOS SACHAL GOTH,8600,,1,N,
1800,2026-07-04,278,SHOAIB AUTO SACHAL,15000,,1,N,
1801,2026-07-04,281,SUBHAN ALLAH AUTO SACHAL,5000,,1,N,
1802,2026-07-04,149,SHEIKH AUTO PEHALWAN GOTH,10000,,1,N,
1803,2026-07-04,289,GHAZI AUTO PEHALWAN GOTH,5000,,1,N,
1804,2026-07-04,228,KHALIL AUTO RABIA CITY,5000,,1,N,
1805,2026-07-06,321,NASEER AUTO LIYARI 36,29700,,1,N,
1806,2026-07-06,311,INSAF AUTO LIYARI 36,17000,,1,N,
1807,2026-07-06,313,INSAF LIYARI 36 W/RIM,3000,,1,N,
1808,2026-07-06,111,HAMZA AUTO SURJANI,3000,,1,N,
1809,2026-07-06,141,ALI AUTO MEHMODABAD,6000,,1,N,
1810,2026-07-06,222,M.A AUTO UP,50000,,1,N,
1811,2026-07-06,36,HADIA K1 NORTH NAZIMABAD,10000,,1,N,
1812,2026-07-06,68,ARIF AUTOS LANDHI,10000,,1,N,
1813,2026-07-06,26,AZAN AUTOS JIMMY LANDHI,15000,,1,N,
1814,2026-07-06,101,A.R AUTOS BAGH-E-KORANGI,10000,,1,N,
1815,2026-07-06,285,K.K AUTO RABIA CITY,10000,,1,N,
1816,2026-07-06,259,IMRAN AUTO PEHALWAN GOTH,6000,,1,N,
1817,2026-07-06,266,MADNI AUTO PEHALWAN GOTH,5000,,1,N,
1818,2026-07-06,246,NASIR AUTO PEOPELS CHORANGI,1000,,1,N,
1819,2026-07-06,270,SARWAR AUTO PEOPELS CHOWRANGI,1000,,1,N,
1820,2026-07-06,217,BISMILLAH AUTO WATER PUMP,1000,,1,N,
1821,2026-07-06,213,YOUSUF AUTO GULLSHAN 13D,1000,,1,N,
1822,2026-07-06,176,ANSARI AUTO DASTAGIR,1000,,1,N,
1823,2026-07-06,287,HAFEEZ AUTO GHAZI GOTH,5000,,1,N,
1824,2026-07-06,280,MINHAJ AUTO MAYMAR,10000,,1,N,
1825,2026-07-06,164,STAR AUTO MAYMAR,10000,,1,N,
1826,2026-07-06,297,AWAMI AUTO FAQEERA GOTH,14947,,1,N,
1827,2026-07-06,229,IMRAN AUTO FAQEERA GOTH,10000,,1,N,
1828,2026-07-06,338,REHMAN AUTO JANJAL GOTH,5000,,1,N,
1829,2026-07-06,253,IZZAT AGA AUTO RABIA CITY,7000,,1,N,
1830,2026-07-06,104,HAMZA AUTO MOSMIYAT,35000,,1,N,
1831,2026-07-06,25,AZAN AUTO BADIN,100000,,1,N,
1832,2026-07-07,221,WAJAHAT SUPPLIER MARKET,1250,,1,N,
1833,2026-07-07,112,RAJPUT AUTO SABRI CHOWK ORANGI,10000,,1,N,
1834,2026-07-07,92,OSAMA ISLAM CHOWK,9000,,1,N,
1835,2026-07-07,20,ALI AUTOS ISLAM CHOWK,20000,,1,N,
1836,2026-07-07,71,HAMZA KHAN AUTOS ORANGI TOWN,15000,,1,N,
1837,2026-07-07,69,WAQAS AUTOS ISLAM CHOWK,25000,,1,N,
1838,2026-07-07,286,QUETTA AUTO BAKRA PIRI MALIR,7100,,1,N,
1839,2026-07-07,308,SHAN AUTO MALIR,2000,,1,N,
1840,2026-07-07,273,RIZWAN AUTO MALIR,4000,,1,N,
1841,2026-07-07,233,SHAMIM AUTO KALA BOARD,5000,,1,N,
1842,2026-07-07,292,AL-REHMAN AUTO MALIR,4000,,1,N,
1843,2026-07-07,260,ASAD AUTO MALIR,2000,,1,N,
1844,2026-07-07,158,PAKISTAN AUTO QUAIDABAD,5000,,1,N,
1845,2026-07-07,298,IQBAL AUTO QAIDABAD,5000,,1,N,
1846,2026-07-07,220,SHAFI AUTO MEMON GOTH,14000,,1,N,
1847,2026-07-07,150,M UMER BADIN,85000,,1,N,
1848,2026-07-07,51,NEW KAKAR AUTOS PIDC,10000,,1,N,
1849,2026-07-07,25,AZAN AUTO BADIN,50000,,1,N,
1850,2026-07-07,102,SALEEM MAMU,7000,,1,N,
1851,2026-07-07,132,ADNAN AUTO FAST,25650,,1,N,
1852,2026-07-07,132,ADNAN AUTO FAST,14350,,1,N,
1853,2026-07-08,209,R-K AUTO MARKET,6500,,1,N,
1854,2026-07-08,187,NASEER AUTO VINDER,4376,,1,N,
1855,2026-07-08,231,STAR AUTO MALIR,15530,,1,N,
1856,2026-07-08,237,J&B AUTO SHAH LATIF,15000,,1,N,
1857,2026-07-08,330,MADINA AUTO QUAIDABAD,10000,,1,N,
1858,2026-07-08,109,BABU AUTO SINDHI HOTEL,10000,,1,N,
1859,2026-07-08,161,SHAYAN AUTO U.P,15000,,1,N,
1860,2026-07-08,327,AJMERI AUTO SINDHI HOTEL,2000,,1,N,
1861,2026-07-08,213,YOUSUF AUTO GULLSHAN 13D,2000,,1,N,
1862,2026-07-08,217,BISMILLAH AUTO WATER PUMP,1000,,1,N,
1863,2026-07-08,178,B.S ALIYAN AUTO WATER PUMP,4000,,1,N,
1864,2026-07-08,246,NASIR AUTO PEOPELS CHORANGI,2000,,1,N,
1865,2026-07-08,270,SARWAR AUTO PEOPELS CHOWRANGI,2500,,1,N,
1866,2026-07-09,199,SUFI BILAL COLONY KORANGI,5000,,8,N,
1867,2026-07-09,144,TAJ AUTO MEHRAN TOWN 2,6000,,8,N,
1868,2026-07-09,114,TAJ AUTO MEHRAN TOWN 1,3000,,1,N,
1869,2026-07-09,173,B.S AUTO FARZAN BAK KORANGI,5000,,1,N,
1870,2026-07-09,181,MAKKA AUTO KORANGI 3 NUMBER,3000,,1,N,
1871,2026-07-09,207,B.S KORANGI 4 POOL,5000,,1,N,
1872,2026-07-09,215,M/S AUTO GULLSHAN 13D,5000,,1,N,
1873,2026-07-09,189,UBAID AUTO GULLSHAN 13D,5000,,1,N,
1874,2026-07-09,192,SUBHAN AUTO GULSHAN 13D,5000,,1,N,
1875,2026-07-09,176,ANSARI AUTO DASTAGIR,1000,,1,N,
1876,2026-07-09,246,NASIR AUTO PEOPELS CHORANGI,1000,,1,N,
1877,2026-07-09,178,B.S ALIYAN AUTO WATER PUMP,2000,,1,N,
1878,2026-07-09,270,SARWAR AUTO PEOPELS CHOWRANGI,1000,,1,N,
1879,2026-07-09,213,YOUSUF AUTO GULLSHAN 13D,2000,,1,N,
1880,2026-07-09,180,ARSALAN AUTO 13D GULLSHAN,3000,,1,N,
1881,2026-07-09,129,B.S AUTO AZIZABAD,10000,,1,N,
1882,2026-07-09,98,ASLAM AUTOS MARIPUR,20000,,1,N,
1883,2026-07-09,82,JUNAID AUTO AGRA TAJ,10800,,1,N,
1884,2026-07-09,67,JAMEEL AUTOS LEE MARKET,20000,,1,N,
1885,2026-07-09,223,ABID AUTO LUCKY STAR,3000,,1,N,
1886,2026-07-09,141,ALI AUTO MEHMODABAD,8000,,1,N,
1887,2026-07-09,115,HONDA KARACHI PAKISTAN CHOWK,20000,,1,N,
1888,2026-07-09,116,ASIF SUPPLIER ZIP 1,10000,,1,N,
1889,2026-07-09,272,KAMRAN AUTO SHEHDAD KOT,61660,,1,N,
1890,2026-07-10,215,M/S AUTO GULLSHAN 13D,10000,,1,N,
1891,2026-07-10,213,YOUSUF AUTO GULLSHAN 13D,3000,,1,N,
1892,2026-07-10,246,NASIR AUTO PEOPELS CHORANGI,2000,,1,N,
1893,2026-07-10,270,SARWAR AUTO PEOPELS CHOWRANGI,1000,,1,N,
1894,2026-07-10,217,BISMILLAH AUTO WATER PUMP,1000,,1,N,
1895,2026-07-10,68,ARIF AUTOS LANDHI,20000,,1,N,
1896,2026-07-10,57,RANA AUTOS LANDHI,40000,,1,N,
1897,2026-07-10,243,KAZIM AUTO BAG E KORANGI,15000,,1,N,
1898,2026-07-10,248,FAISAL AUTO AZEEM PURA,6000,,1,N,
1899,2026-07-10,335,MAHROOF AUTO SHAH FAISAL,2000,,1,N,
1900,2026-07-10,170,ABDUL HADI AUTO DRIG ROAD,4000,,1,N,
1901,2026-07-10,276,REHAN AUTO SHAH FAISAL,8000,,1,N,
1902,2026-07-10,167,QADRI AUTO SHAH FAISAL,5000,,1,N,
1903,2026-06-24,236,QUETTA AUTO SHAHLATIF,20000,,1,N,
1904,2026-06-24,239,AL-HAJ AUTO MANSERA COLONY,5000,,1,N,
1905,2026-06-24,256,PARTS WALA AUTO LANDHI 6,7000,,1,N,
1906,2026-06-24,251,KARACHI AUTO QUAIDABAD,8200,,1,N,
1907,2026-06-24,237,J&B AUTO SHAH LATIF,10000,,1,N,
1908,2026-07-10,293,SIDDIQUE AUTO LANDHI,8000,,1,N,
1909,2026-07-11,204,MADINA AUTO AL-ASIF SQUARE,135000,,1,N,
1910,2026-07-13,79,REHMAN AUTO AJMEER NAGRI,5000,,1,N,
1911,2026-07-13,36,HADIA K1 NORTH NAZIMABAD,10000,,1,N,
1912,2026-07-13,111,HAMZA AUTO SURJANI,2500,,1,N,
1913,2026-07-13,68,ARIF AUTOS LANDHI,10000,,1,N,
1914,2026-07-13,57,RANA AUTOS LANDHI,20000,,1,N,
1915,2026-07-13,26,AZAN AUTOS JIMMY LANDHI,10000,,1,N,
1916,2026-07-13,101,A.R AUTOS BAGH-E-KORANGI,15000,,1,N,
1917,2026-07-13,337,NOORANI AUTO SAFORA,10000,,1,N,
1918,2026-07-13,287,HAFEEZ AUTO GHAZI GOTH,4000,,1,N,
1919,2026-07-13,75,YASIR AUTOS SACHAL GOTH,5000,,1,N,
1920,2026-07-13,278,SHOAIB AUTO SACHAL,8350,,1,N,
1921,2026-07-13,281,SUBHAN ALLAH AUTO SACHAL,5000,,1,N,
1922,2026-07-13,269,M/S AUTO SACHAL,3000,,1,N,
1923,2026-07-13,149,SHEIKH AUTO PEHALWAN GOTH,10000,,1,N,
1924,2026-07-13,27,B.S BAKHTAWAR GOTH,10600,,1,N,
1925,2026-07-13,289,GHAZI AUTO PEHALWAN GOTH,3000,,1,N,
1926,2026-07-13,228,KHALIL AUTO RABIA CITY,3875,,1,N,
1927,2026-07-13,253,IZZAT AGA AUTO RABIA CITY,7000,,1,N,
1928,2026-07-13,336,DEEWAN AUTO SHAH FAISAL,5000,,1,N,
1929,2026-07-13,340,HAJI AUTO JAMALI PULL,15000,,1,N,
1930,2026-07-13,164,STAR AUTO MAYMAR,10000,,1,N,
1931,2026-07-13,282,SALEEM AUTO MAYMAR,5000,,1,N,
1932,2026-07-13,338,REHMAN AUTO JANJAL GOTH,5000,,1,N,
1933,2026-07-13,322,MIRAJ AUTO M.KHAN GOTH,4000,,1,N,
1934,2026-07-13,297,AWAMI AUTO FAQEERA GOTH,3000,,1,N,
1935,2026-07-13,238,IMRAN AUTO SHER PAO,5000,,1,N,
1936,2026-05-16,228,KHALIL AUTO RABIA CITY,5000,,1,N,
1937,2026-07-14,158,PAKISTAN AUTO QUAIDABAD,5000,,1,N,
1938,2026-07-14,298,IQBAL AUTO QAIDABAD,3500,,1,N,
1939,2026-07-14,229,IMRAN AUTO FAQEERA GOTH,17400,,1,N,
1940,2026-07-14,273,RIZWAN AUTO MALIR,5000,,1,N,
1941,2026-07-14,292,AL-REHMAN AUTO MALIR,5355,,1,N,
1942,2026-07-14,274,A.M AUTO MALIR,6540,,1,N,
1943,2026-07-14,260,ASAD AUTO MALIR,2000,,1,N,
1944,2026-07-14,256,PARTS WALA AUTO LANDHI 6,7000,,1,N,
1945,2026-07-14,342,AWAMI AUTO W/RIM,17000,,1,N,
1946,2026-07-14,92,OSAMA ISLAM CHOWK,10000,,1,N,
1947,2026-07-14,71,HAMZA KHAN AUTOS ORANGI TOWN,18000,,1,N,
1948,2026-07-14,69,WAQAS AUTOS ISLAM CHOWK,30000,,1,N,
1949,2026-07-14,25,AZAN AUTO BADIN,55000,,1,N,
1950,2026-07-14,42,KHATAOMAL PANGRIO,100000,,1,N,
1951,2026-07-15,254,WARSI AUTO NAZIMABAD,3000,,1,N,
1952,2026-07-15,192,SUBHAN AUTO GULSHAN 13D,5000,,1,N,
1953,2026-07-15,246,NASIR AUTO PEOPELS CHORANGI,3000,,1,N,
1954,2026-07-15,216,M/S AUTO 13D W/RIM,4000,,1,N,
1955,2026-07-15,270,SARWAR AUTO PEOPELS CHOWRANGI,2500,,1,N,
1956,2026-07-15,217,BISMILLAH AUTO WATER PUMP,2000,,1,N,
1957,2026-07-15,176,ANSARI AUTO DASTAGIR,1000,,1,N,
1958,2026-07-15,178,B.S ALIYAN AUTO WATER PUMP,1000,,1,N,
1959,2026-07-15,109,BABU AUTO SINDHI HOTEL,10000,,1,N,
1960,2026-07-15,231,STAR AUTO MALIR,25000,,1,N,
1961,2026-07-15,237,J&B AUTO SHAH LATIF,10000,,1,N,
1962,2026-07-15,239,AL-HAJ AUTO MANSERA COLONY,10000,,1,N,
1963,2026-07-15,168,B.S AUTO QUAIDABAD,20000,,1,N,
1964,2026-07-15,59,RIDER AUTO PARTS,50000,,1,N,
1965,2026-07-15,319,BILAL JAN AUTO GAWADAR,44840,,1,N,
1966,2026-07-15,275,MUNAWAR GUMBHAT,15000,,1,N,
1967,2026-07-15,226,QISMAT AUTO TANDO GHULAM ALI,16000,,1,N,
1968,2026-07-15,119,KARTAR AUTO CHOUARJAMALI,7500,,1,N,
1969,2026-07-15,25,AZAN AUTO BADIN,76500,,1,N,
1970,2026-07-16,82,JUNAID AUTO AGRA TAJ,20000,,1,N,
1971,2026-07-16,67,JAMEEL AUTOS LEE MARKET,20000,,1,N,
1972,2026-07-16,310,TIGER AUTO LUCKY STAR,3000,,1,N,
1973,2026-07-16,223,ABID AUTO LUCKY STAR,2500,,1,N,
1974,2026-07-16,77,MALIK AUTO LINES AREA,5000,,1,N,
1975,2026-07-16,101,A.R AUTOS BAGH-E-KORANGI,5000,,1,N,
1976,2026-07-16,199,SUFI BILAL COLONY KORANGI,5000,,8,N,
1977,2026-07-16,295,SIDDIQUE AUTO BILAL COLONY,5000,,1,N,
1978,2026-07-16,144,TAJ AUTO MEHRAN TOWN 2,7000,,8,N,
1979,2026-07-16,173,B.S AUTO FARZAN BAK KORANGI,8000,,1,N,
1980,2026-07-16,227,HASNAIN AUTO KORANGI 51 A,3000,,1,N,
1981,2026-07-16,192,SUBHAN AUTO GULSHAN 13D,5000,,1,N,
1982,2026-07-16,246,NASIR AUTO PEOPELS CHORANGI,1000,,1,N,
1983,2026-07-16,315,SHAYAN AUTO UP W/RIM,15000,,1,N,
1984,2026-07-16,213,YOUSUF AUTO GULLSHAN 13D,3000,,1,N,
1985,2026-07-16,209,R-K AUTO MARKET,500,,1,N,
1986,2026-07-16,305,ALI AUTO ISLAM CHOWK W/RIM,53114,RCV ZIP1 PAYBLE,1,N,
1987,2026-07-17,248,FAISAL AUTO AZEEM PURA,6000,,1,N,
1988,2026-07-17,335,MAHROOF AUTO SHAH FAISAL,2000,,1,N,
1989,2026-07-17,170,ABDUL HADI AUTO DRIG ROAD,5000,,1,N,
1990,2026-07-17,276,REHAN AUTO SHAH FAISAL,6000,,1,N,
1991,2026-07-17,148,IRFAN AUTO SHAH FAISAL,10000,,1,N,
1992,2026-07-17,167,QADRI AUTO SHAH FAISAL,5000,,1,N,
1993,2026-07-17,238,IMRAN AUTO SHER PAO,5000,,1,N,
1994,2026-07-17,60,RIZWAN SUPPLIER KORANGI,32000,,1,N,
1995,2026-07-17,68,ARIF AUTOS LANDHI,15000,,1,N,
1996,2026-07-17,174,FAROOQ AUTO SHAH FAISAL,8000,,1,N,
1997,2026-07-17,70,UNIQUE AUTOS LANDHI,100000,,1,N,
1998,2026-07-17,141,ALI AUTO MEHMODABAD,9000,,1,N,
1999,2026-07-17,215,M/S AUTO GULLSHAN 13D,10000,,1,N,
2000,2026-07-17,216,M/S AUTO 13D W/RIM,5000,,1,N,
2001,2026-07-17,213,YOUSUF AUTO GULLSHAN 13D,3000,,1,N,
2002,2026-07-17,178,B.S ALIYAN AUTO WATER PUMP,2000,,1,N,
2003,2026-07-17,217,BISMILLAH AUTO WATER PUMP,1000,,1,N,
2004,2026-07-17,176,ANSARI AUTO DASTAGIR,1000,,1,N,
2005,2026-07-17,270,SARWAR AUTO PEOPELS CHOWRANGI,1000,,1,N,
2006,2026-07-17,181,MAKKA AUTO KORANGI 3 NUMBER,3000,,1,N,
2007,2026-07-17,132,ADNAN AUTO FAST,23000,,1,N,
2008,2026-07-17,116,ASIF SUPPLIER ZIP 1,10000,,1,N,
2009,2026-07-17,132,ADNAN AUTO FAST,17000,,1,N,
2010,2026-07-17,132,ADNAN AUTO FAST,3500,,1,N,
2011,2026-07-17,275,MUNAWAR GUMBHAT,15000,,1,N,
2012,2026-07-07,70,UNIQUE AUTOS LANDHI,600,brake shoe rate difrens,1,N,
2013,2026-07-17,138,ASIM BROTHERS MARKET,10800,,1,N,
2014,2026-07-17,51,NEW KAKAR AUTOS PIDC,9000,,1,N,
2015,2026-07-13,246,NASIR AUTO PEOPELS CHORANGI,3000,,1,N,
2016,2026-07-13,178,B.S ALIYAN AUTO WATER PUMP,3000,,1,N,
2017,2026-07-13,176,ANSARI AUTO DASTAGIR,1000,,1,N,
2018,2026-07-13,213,YOUSUF AUTO GULLSHAN 13D,6000,,1,N,
2019,2026-07-13,192,SUBHAN AUTO GULSHAN 13D,5000,,1,N,
2020,2026-07-13,211,ZAFAR AUTO SABZI MANDI,3000,,1,N,
2021,2026-07-13,285,K.K AUTO RABIA CITY,10000,,1,N,
2022,2026-07-13,259,IMRAN AUTO PEHALWAN GOTH,10000,,1,N,
2023,2026-07-13,331,M.UMAR AUTO NASIR JUMP KORANGI,10000,,1,N,
2024,2026-07-13,217,BISMILLAH AUTO WATER PUMP,1000,,1,N,
2025,2026-07-13,270,SARWAR AUTO PEOPELS CHOWRANGI,1000,,1,N,
2026,2026-07-20,323,MAKRAN AUTO TURBAT,114000,,1,N,
2027,2026-07-20,104,HAMZA AUTO MOSMIYAT,35000,,1,N,
2028,2026-07-20,156,SUMAIR AUTO GOLIMAR,20000,,1,N,
2029,2026-07-20,80,HUSSAIN AUTO AJMEER NAGRI,20000,,1,N,
2030,2026-07-20,321,NASEER AUTO LIYARI 36,30000,,1,N,
2031,2026-07-20,81,TAYYABA AUTO SURJANI,6000,,1,N,
2032,2026-07-20,36,HADIA K1 NORTH NAZIMABAD,10000,,1,N,
2033,2026-07-20,128,ZAIB AUTO WATER PUMP,10000,,1,N,
2034,2026-07-20,68,ARIF AUTOS LANDHI,10000,,1,N,
2035,2026-07-20,26,AZAN AUTOS JIMMY LANDHI,10000,,1,N,
2036,2026-07-20,337,NOORANI AUTO SAFORA,10000,,1,N,
2037,2026-07-20,287,HAFEEZ AUTO GHAZI GOTH,10000,,1,N,
2038,2026-07-20,269,M/S AUTO SACHAL,3000,,1,N,
2039,2026-07-20,289,GHAZI AUTO PEHALWAN GOTH,7000,,1,N,
2040,2026-07-20,253,IZZAT AGA AUTO RABIA CITY,5000,,1,N,
2041,2026-07-20,255,BABA & SONS KORANGI 5/2,1050,,1,N,
2042,2026-07-20,340,HAJI AUTO JAMALI PULL,10000,,1,N,
2043,2026-07-20,280,MINHAJ AUTO MAYMAR,5000,,1,N,
2044,2026-07-20,164,STAR AUTO MAYMAR,5000,,1,N,
2045,2026-07-20,338,REHMAN AUTO JANJAL GOTH,5000,,1,N,
2046,2026-07-20,322,MIRAJ AUTO M.KHAN GOTH,3000,,1,N,
2047,2026-07-20,298,IQBAL AUTO QAIDABAD,4000,,1,N,
2048,2026-07-20,251,KARACHI AUTO QUAIDABAD,5000,,1,N,
2049,2026-07-20,220,SHAFI AUTO MEMON GOTH,14000,,1,N,
2050,2026-07-20,192,SUBHAN AUTO GULSHAN 13D,5000,,1,N,
2051,2026-07-20,213,YOUSUF AUTO GULLSHAN 13D,6000,,1,N,
2052,2026-07-20,211,ZAFAR AUTO SABZI MANDI,5000,,1,N,
2053,2026-07-20,190,ASIF AUTO SABZI MANDI,3000,,1,N,
2054,2026-07-20,178,B.S ALIYAN AUTO WATER PUMP,2000,,1,N,
2055,2026-07-20,246,NASIR AUTO PEOPELS CHORANGI,2500,,1,N,
2056,2026-07-20,270,SARWAR AUTO PEOPELS CHOWRANGI,2000,,1,N,
2057,2026-07-20,176,ANSARI AUTO DASTAGIR,1000,,1,N,
2058,2026-07-20,217,BISMILLAH AUTO WATER PUMP,2000,,1,N,
2059,2026-07-20,285,K.K AUTO RABIA CITY,8000,,1,N,
2060,2026-07-20,259,IMRAN AUTO PEHALWAN GOTH,5000,,1,N,
2061,2026-07-20,266,MADNI AUTO PEHALWAN GOTH,4650,,1,N,
2062,2026-07-20,267,HAFIZ AUTO PEHALWAN GOTH,7000,,1,N,
2063,2026-07-21,112,RAJPUT AUTO SABRI CHOWK ORANGI,10000,,1,N,
2064,2026-07-21,92,OSAMA ISLAM CHOWK,10000,,1,N,
2065,2026-07-21,71,HAMZA KHAN AUTOS ORANGI TOWN,20000,,1,N,
2066,2026-07-21,305,ALI AUTO ISLAM CHOWK W/RIM,9000,,1,N,
2067,2026-07-21,128,ZAIB AUTO WATER PUMP,25000,,1,N,
2068,2026-07-21,273,RIZWAN AUTO MALIR,5000,,1,N,
2069,2026-07-21,292,AL-REHMAN AUTO MALIR,6000,,1,N,
2070,2026-07-21,260,ASAD AUTO MALIR,2350,,1,N,
2071,2026-07-21,158,PAKISTAN AUTO QUAIDABAD,7000,,1,N,
2072,2026-07-22,334,PAK AUTO SHAHFAISAL SECTOR 22B,20000,,1,N,
2073,2026-07-22,236,QUETTA AUTO SHAHLATIF,8000,,1,N,
2074,2026-07-22,237,J&B AUTO SHAH LATIF,10600,,1,N,
2075,2026-07-22,239,AL-HAJ AUTO MANSERA COLONY,8300,,1,N,
2076,2026-07-22,231,STAR AUTO MALIR,25000,,1,N,
2077,2026-07-22,168,B.S AUTO QUAIDABAD,15000,,1,N,
2078,2026-07-22,316,ASLAM AUTO MAJEED COLONY,5000,,1,N,
2079,2026-07-22,192,SUBHAN AUTO GULSHAN 13D,10000,,1,N,
2080,2026-07-22,109,BABU AUTO SINDHI HOTEL,10000,,1,N,
2081,2026-07-22,213,YOUSUF AUTO GULLSHAN 13D,4000,,1,N,
2082,2026-07-22,327,AJMERI AUTO SINDHI HOTEL,5000,,1,N,
2083,2026-07-22,178,B.S ALIYAN AUTO WATER PUMP,2000,,1,N,
2084,2026-07-22,246,NASIR AUTO PEOPELS CHORANGI,2000,,1,N,
2085,2026-07-22,270,SARWAR AUTO PEOPELS CHOWRANGI,1000,,1,N,
2086,2026-07-22,217,BISMILLAH AUTO WATER PUMP,1000,,1,N,
2087,2026-07-22,180,ARSALAN AUTO 13D GULLSHAN,2450,,1,N,
2088,2026-07-22,171,MAMA JAMALI AUTO BADIN,10000,,1,N,
2089,2026-07-22,186,MAMA ASHFAQ BADIN,1090,,1,N,
2090,2026-07-22,132,ADNAN AUTO FAST,40000,,1,N,
2091,2026-07-23,98,ASLAM AUTOS MARIPUR,15000,,1,N,
2092,2026-07-23,82,JUNAID AUTO AGRA TAJ,24000,,1,N,
2093,2026-07-23,223,ABID AUTO LUCKY STAR,3000,,1,N,
2094,2026-07-23,199,SUFI BILAL COLONY KORANGI,5000,,8,N,
2095,2026-07-23,295,SIDDIQUE AUTO BILAL COLONY,10000,,1,N,
2096,2026-07-23,144,TAJ AUTO MEHRAN TOWN 2,5000,,8,N,
2097,2026-07-23,173,B.S AUTO FARZAN BAK KORANGI,5000,,1,N,
2098,2026-07-23,181,MAKKA AUTO KORANGI 3 NUMBER,3000,,1,N,
2099,2026-07-23,207,B.S KORANGI 4 POOL,3000,,1,N,
2100,2026-07-23,227,HASNAIN AUTO KORANGI 51 A,3000,,1,N,
2101,2026-07-23,213,YOUSUF AUTO GULLSHAN 13D,2000,,1,N,
2102,2026-07-23,215,M/S AUTO GULLSHAN 13D,14000,,1,N,
2103,2026-07-24,69,WAQAS AUTOS ISLAM CHOWK,25000,,1,N,
2104,2026-07-24,17,AHMED RAZA AUTOS REHMANIA MOR,9000,,1,N,
2105,2026-07-24,68,ARIF AUTOS LANDHI,10000,,1,N,
2106,2026-07-24,57,RANA AUTOS LANDHI,18000,,1,N,
2107,2026-07-24,70,UNIQUE AUTOS LANDHI,50000,,1,N,
2108,2026-07-24,153,JUNAID AUTO SHAHFAISAL,20000,,1,N,
2109,2026-07-24,243,KAZIM AUTO BAG E KORANGI,25000,,1,N,
2110,2026-07-24,170,ABDUL HADI AUTO DRIG ROAD,3000,,1,N,
2111,2026-07-24,276,REHAN AUTO SHAH FAISAL,4000,,1,N,
2112,2026-07-24,167,QADRI AUTO SHAH FAISAL,5000,,1,N,
2113,2026-07-24,148,IRFAN AUTO SHAH FAISAL,5000,,1,N,
2114,2026-07-24,336,DEEWAN AUTO SHAH FAISAL,5000,,1,N,
2115,2026-07-24,251,KARACHI AUTO QUAIDABAD,5904,,1,N,
2116,2026-07-24,238,IMRAN AUTO SHER PAO,5000,,1,N,
2117,2026-07-24,116,ASIF SUPPLIER ZIP 1,10000,,1,N,
2118,2026-07-24,171,MAMA JAMALI AUTO BADIN,34000,,1,N,
2119,2026-07-24,83,SINDH KOHLI SAMARO,10000,,1,N,
2120,2026-07-24,264,NOOR AUTO JHUDDO,57730,,1,N,
2121,2026-07-24,333,A-ONE AUTO NUKOT,30000,,1,N,
2122,2026-07-24,133,YOUSUF AUTO SATO MAIL,20000,,1,N,
2123,2026-07-24,150,M UMER BADIN,300000,,1,N,
2124,2026-07-25,204,MADINA AUTO AL-ASIF SQUARE,100000,,1,N,
2125,2026-07-25,115,HONDA KARACHI PAKISTAN CHOWK,20000,,1,N,
2126,2026-07-27,321,NASEER AUTO LIYARI 36,25000,,1,N,
2127,2026-07-27,36,HADIA K1 NORTH NAZIMABAD,14790,,1,N,
2128,2026-07-27,80,HUSSAIN AUTO AJMEER NAGRI,10000,,1,N,
2129,2026-07-27,156,SUMAIR AUTO GOLIMAR,16000,,1,N,
2130,2026-07-27,337,NOORANI AUTO SAFORA,10000,,1,N,
2131,2026-07-27,287,HAFEEZ AUTO GHAZI GOTH,10000,,1,N,
2132,2026-07-27,281,SUBHAN ALLAH AUTO SACHAL,7000,,1,N,
2133,2026-07-27,149,SHEIKH AUTO PEHALWAN GOTH,10000,,1,N,
2134,2026-07-27,289,GHAZI AUTO PEHALWAN GOTH,3000,,1,N,
2135,2026-07-27,253,IZZAT AGA AUTO RABIA CITY,6000,,1,N,
2136,2026-07-27,340,HAJI AUTO JAMALI PULL,7000,,1,N,
2137,2026-07-27,280,MINHAJ AUTO MAYMAR,5000,,1,N,
2138,2026-07-27,282,SALEEM AUTO MAYMAR,5000,,1,N,
2139,2026-07-27,349,SALEEM AUTO HASNABAD,3000,,1,N,
2140,2026-07-27,338,REHMAN AUTO JANJAL GOTH,5000,,1,N,
2141,2026-07-27,158,PAKISTAN AUTO QUAIDABAD,5000,,1,N,
2142,2026-07-27,217,BISMILLAH AUTO WATER PUMP,5000,,1,N,
2143,2026-07-27,270,SARWAR AUTO PEOPELS CHOWRANGI,3500,,1,N,
2144,2026-07-27,178,B.S ALIYAN AUTO WATER PUMP,2000,,1,N,
2145,2026-07-27,285,K.K AUTO RABIA CITY,10000,,1,N,
2146,2026-07-27,259,IMRAN AUTO PEHALWAN GOTH,5000,,1,N,
2147,2026-07-27,176,ANSARI AUTO DASTAGIR,1900,,1,N,
2148,2026-07-27,348,MUKHTAR AUTO KAMRAN CHORANGI,20650,,1,N,
2149,2026-07-28,71,HAMZA KHAN AUTOS ORANGI TOWN,30000,,1,N,
2150,2026-07-28,305,ALI AUTO ISLAM CHOWK W/RIM,5000,,1,N,
2151,2026-07-28,92,OSAMA ISLAM CHOWK,8000,,1,N,
2152,2026-07-28,57,RANA AUTOS LANDHI,20000,,1,N,
2153,2026-07-28,101,A.R AUTOS BAGH-E-KORANGI,10000,,1,N,
2154,2026-07-28,120,BHATTI AUTO GULSHAN BLK 2,6000,,1,N,
2155,2026-07-28,229,IMRAN AUTO FAQEERA GOTH,10000,,1,N,
2156,2026-07-28,353,MUNAWWAR AUTO MALIR,3000,,1,N,
2157,2026-07-28,273,RIZWAN AUTO MALIR,5000,,1,N,
2158,2026-07-28,291,FAISAL AUTO PEHAWAN GOTH,5000,,1,N,
2159,2026-07-28,51,NEW KAKAR AUTOS PIDC,69300,,1,N,
2160,2026-07-29,231,STAR AUTO MALIR,25000,,1,N,
2161,2026-07-29,330,MADINA AUTO QUAIDABAD,10000,,1,N,
2162,2026-07-29,292,AL-REHMAN AUTO MALIR,5000,,1,N,
2163,2026-07-30,350,HUZAIFA AUTO KORANGI 5/1,5000,,1,N,
2164,2026-07-30,256,PARTS WALA AUTO LANDHI 6,5000,,1,N,
2165,2026-07-30,168,B.S AUTO QUAIDABAD,15000,,1,N,
2166,2026-07-30,82,JUNAID AUTO AGRA TAJ,25000,,1,N,
2167,2026-07-30,67,JAMEEL AUTOS LEE MARKET,22000,,1,N,
2168,2026-07-30,242,KING AUTO BEHAR COLONY,5000,,1,N,
2169,2026-07-30,310,TIGER AUTO LUCKY STAR,3000,,1,N,
2170,2026-07-30,77,MALIK AUTO LINES AREA,5000,,1,N,
2171,2026-07-30,116,ASIF SUPPLIER ZIP 1,10000,,1,N,
2172,2026-07-30,254,WARSI AUTO NAZIMABAD,2000,,1,N,
2173,2026-07-30,270,SARWAR AUTO PEOPELS CHOWRANGI,1000,,1,N,
2174,2026-07-30,123,LUCKY AUTO WATER PUMP,6000,,1,N,
2175,2026-07-30,178,B.S ALIYAN AUTO WATER PUMP,1000,,1,N,
2176,2026-07-30,217,BISMILLAH AUTO WATER PUMP,2000,,1,N,
2177,2026-07-30,161,SHAYAN AUTO U.P,10000,,1,N,
2178,2026-07-30,327,AJMERI AUTO SINDHI HOTEL,2000,,1,N,
2179,2026-07-30,331,M.UMAR AUTO NASIR JUMP KORANGI,10000,,1,N,
2180,2026-07-30,199,SUFI BILAL COLONY KORANGI,5000,,8,N,
2181,2026-07-30,144,TAJ AUTO MEHRAN TOWN 2,5000,,8,N,
2182,2026-07-30,114,TAJ AUTO MEHRAN TOWN 1,5000,,1,N,
2183,2026-07-30,173,B.S AUTO FARZAN BAK KORANGI,5000,,1,N,
2184,2026-07-30,181,MAKKA AUTO KORANGI 3 NUMBER,3000,,1,N,
2185,2026-07-30,132,ADNAN AUTO FAST,40000,,1,N,
2186,2026-07-31,235,QUETTA AUTO BHAINS COLONY,20750,,1,N,
2187,2026-07-31,247,RIZWAN AUTO AZEEM PURA,5000,,1,N,
2188,2026-07-31,170,ABDUL HADI AUTO DRIG ROAD,4000,,1,N,
2189,2026-07-31,276,REHAN AUTO SHAH FAISAL,5000,,1,N,
2190,2026-07-31,148,IRFAN AUTO SHAH FAISAL,10000,,1,N,
2191,2026-07-31,167,QADRI AUTO SHAH FAISAL,5000,,1,N,
2192,2026-07-31,336,DEEWAN AUTO SHAH FAISAL,4000,,1,N,
2193,2026-07-31,220,SHAFI AUTO MEMON GOTH,40000,,1,N,
2194,2026-07-31,337,NOORANI AUTO SAFORA,69000,,1,N,
2195,2026-07-31,60,RIZWAN SUPPLIER KORANGI,70000,,1,N,
2196,2026-07-31,68,ARIF AUTOS LANDHI,15000,,1,N,
2197,2026-07-31,57,RANA AUTOS LANDHI,20000,,1,N,
2198,2026-07-31,70,UNIQUE AUTOS LANDHI,30000,,1,N,
2199,2026-07-31,153,JUNAID AUTO SHAHFAISAL,20000,,1,N,
2200,2026-07-31,51,NEW KAKAR AUTOS PIDC,10000,,1,N,
2201,2026-07-31,293,SIDDIQUE AUTO LANDHI,5000,,1,N,
2202,2026-08-01,25,AZAN AUTO BADIN,28000,,1,N,
2203,2026-08-03,337,NOORANI AUTO SAFORA,4850,,1,N,
2204,2026-08-03,287,HAFEEZ AUTO GHAZI GOTH,10000,,1,N,
2205,2026-08-03,322,MIRAJ AUTO M.KHAN GOTH,5000,,1,N,
2206,2026-08-03,149,SHEIKH AUTO PEHALWAN GOTH,9000,,1,N,
2207,2026-08-03,289,GHAZI AUTO PEHALWAN GOTH,5000,,1,N,
2208,2026-08-03,238,IMRAN AUTO SHER PAO,5000,,1,N,
2209,2026-08-03,228,KHALIL AUTO RABIA CITY,6000,,1,N,
2210,2026-08-03,340,HAJI AUTO JAMALI PULL,7000,,1,N,
2211,2026-08-03,280,MINHAJ AUTO MAYMAR,5000,,1,N,
2212,2026-08-03,349,SALEEM AUTO HASNABAD,5000,,1,N,
2213,2026-08-03,355,A.B AUTO GHANIABAD,8000,,1,N,
2214,2026-08-03,164,STAR AUTO MAYMAR,5000,,1,N,
2215,2026-08-03,281,SUBHAN ALLAH AUTO SACHAL,5000,,1,N,
2216,2026-08-03,322,MIRAJ AUTO M.KHAN GOTH,3000,,1,N,
2217,2026-08-03,79,REHMAN AUTO AJMEER NAGRI,5000,,1,N,
2218,2026-08-03,309,AHMED RAZA REHMANIA W/RIM,9000,,1,N,
2219,2026-08-03,81,TAYYABA AUTO SURJANI,10000,,1,N,
2220,2026-08-03,36,HADIA K1 NORTH NAZIMABAD,10000,,1,N,
2221,2026-08-03,101,A.R AUTOS BAGH-E-KORANGI,10000,,1,N,
2222,2026-08-03,174,FAROOQ AUTO SHAH FAISAL,5000,,1,N,
2223,2026-08-03,285,K.K AUTO RABIA CITY,12000,,1,N,
2224,2026-08-03,266,MADNI AUTO PEHALWAN GOTH,7000,,1,N,
2225,2026-08-03,267,HAFIZ AUTO PEHALWAN GOTH,4000,,1,N,
2226,2026-08-03,259,IMRAN AUTO PEHALWAN GOTH,5000,,1,N,
2227,2026-08-03,217,BISMILLAH AUTO WATER PUMP,4000,,1,N,
2228,2026-08-03,270,SARWAR AUTO PEOPELS CHOWRANGI,2500,,1,N,
2229,2026-08-03,213,YOUSUF AUTO GULLSHAN 13D,5000,,1,N,
2230,2026-08-03,178,B.S ALIYAN AUTO WATER PUMP,2000,,1,N,
2231,2026-08-03,190,ASIF AUTO SABZI MANDI,2000,,1,N,
2232,2026-08-03,154,HAFEEZ AUTO KHAN BELA,50000,,1,N,
2233,2026-08-03,324,DODA AUTO TURBAT,134500,,1,N,
2234,2026-08-05,253,IZZAT AGA AUTO RABIA CITY,7000,,1,N,
2235,2026-08-05,292,AL-REHMAN AUTO MALIR,5000,,1,N,
2236,2026-08-05,273,RIZWAN AUTO MALIR,5000,,1,N,
2237,2026-08-05,298,IQBAL AUTO QAIDABAD,4500,,1,N,
2238,2026-08-05,231,STAR AUTO MALIR,25000,,1,N,
2239,2026-08-05,168,B.S AUTO QUAIDABAD,15000,,1,N,
2240,2026-08-05,330,MADINA AUTO QUAIDABAD,5000,,1,N,
2241,2026-08-05,112,RAJPUT AUTO SABRI CHOWK ORANGI,10000,,1,N,
2242,2026-08-05,92,OSAMA ISLAM CHOWK,5000,,1,N,
2243,2026-08-05,71,HAMZA KHAN AUTOS ORANGI TOWN,15000,,1,N,
2244,2026-08-05,130,ALVI AUTO BALDIA 4 NUMBER,10000,,1,N,
2245,2026-08-05,189,UBAID AUTO GULLSHAN 13D,7000,,1,N,
2246,2026-08-05,192,SUBHAN AUTO GULSHAN 13D,5000,,1,N,
2247,2026-08-05,178,B.S ALIYAN AUTO WATER PUMP,2000,,1,N,
2248,2026-08-05,270,SARWAR AUTO PEOPELS CHOWRANGI,1000,,1,N,
2249,2026-08-05,246,NASIR AUTO PEOPELS CHORANGI,1000,,1,N,
2250,2026-08-05,217,BISMILLAH AUTO WATER PUMP,2000,,1,N,
2251,2026-08-05,109,BABU AUTO SINDHI HOTEL,10000,,1,N,
2252,2026-08-05,178,B.S ALIYAN AUTO WATER PUMP,2000,,1,N,
2253,2026-08-05,213,YOUSUF AUTO GULLSHAN 13D,3000,,1,N,
2254,2026-08-05,270,SARWAR AUTO PEOPELS CHOWRANGI,1000,,1,N,
2255,2026-08-05,123,LUCKY AUTO WATER PUMP,3000,,1,N,
2256,2026-08-05,73,HUSSAIN AUTO SHAH FAISAL,5000,,1,N,
2257,2026-08-06,59,RIDER AUTO PARTS,20000,,1,N,
2258,2026-08-06,56,RAHIM BHAI CLASSIC MOTORCYCLE,39500,,1,N,
2259,2026-08-06,275,MUNAWAR GUMBHAT,45450,,1,N,
2260,2026-08-06,275,MUNAWAR GUMBHAT,1900,,1,N,
2261,2026-08-06,73,HUSSAIN AUTO SHAH FAISAL,4560,,1,N,
2262,2026-08-06,277,NASIR MAQBOOL MKT,21150,,1,N,
2263,2026-08-06,150,M UMER BADIN,70000,,1,N,
2264,2026-08-06,317,MAST QALANDAR AUTO MATLI,10000,,1,N,
2265,2026-08-06,333,A-ONE AUTO NUKOT,20000,,1,N,
2266,2026-08-06,226,QISMAT AUTO TANDO GHULAM ALI,13000,,1,N,
2267,2026-08-06,132,ADNAN AUTO FAST,40000,,1,N,
2268,2026-08-06,69,WAQAS AUTOS ISLAM CHOWK,25000,,1,N,
2269,2026-08-06,98,ASLAM AUTOS MARIPUR,25000,,1,N,
2270,2026-08-07,68,ARIF AUTOS LANDHI,15000,,1,N,
2271,2026-08-07,57,RANA AUTOS LANDHI,20000,,1,N,
2272,2026-08-07,70,UNIQUE AUTOS LANDHI,20000,,1,N,
2273,2026-08-07,153,JUNAID AUTO SHAHFAISAL,20000,,1,N,
2274,2026-08-07,243,KAZIM AUTO BAG E KORANGI,25000,,1,N,
2275,2026-08-07,248,FAISAL AUTO AZEEM PURA,10000,,1,N,
2276,2026-08-07,170,ABDUL HADI AUTO DRIG ROAD,3000,,1,N,
2277,2026-08-07,167,QADRI AUTO SHAH FAISAL,5000,,1,N,
2278,2026-08-07,148,IRFAN AUTO SHAH FAISAL,5000,,1,N,
2279,2026-08-07,295,SIDDIQUE AUTO BILAL COLONY,10000,,1,N,
2280,2026-08-07,199,SUFI BILAL COLONY KORANGI,5000,,8,N,
2281,2026-08-07,144,TAJ AUTO MEHRAN TOWN 2,3000,,8,N,
2282,2026-08-07,114,TAJ AUTO MEHRAN TOWN 1,4000,,1,N,
2283,2026-08-07,173,B.S AUTO FARZAN BAK KORANGI,5000,,1,N,
2284,2026-08-07,227,HASNAIN AUTO KORANGI 51 A,3000,,1,N,
2285,2026-08-07,192,SUBHAN AUTO GULSHAN 13D,5000,,1,N,
2286,2026-08-07,213,YOUSUF AUTO GULLSHAN 13D,3000,,1,N,
2287,2026-08-07,217,BISMILLAH AUTO WATER PUMP,2000,,1,N,
2288,2026-08-07,270,SARWAR AUTO PEOPELS CHOWRANGI,1000,,1,N,
2289,2026-08-07,293,SIDDIQUE AUTO LANDHI,5000,,1,N,
2290,2026-08-07,116,ASIF SUPPLIER ZIP 1,10000,,1,N,
2291,2026-08-08,115,HONDA KARACHI PAKISTAN CHOWK,15000,,1,N,
2292,2026-08-10,287,HAFEEZ AUTO GHAZI GOTH,10000,,1,N,
2293,2026-08-10,75,YASIR AUTOS SACHAL GOTH,4000,,1,N,
2294,2026-08-10,281,SUBHAN ALLAH AUTO SACHAL,6000,,1,N,
2295,2026-08-10,269,M/S AUTO SACHAL,2440,,1,N,
2296,2026-08-10,149,SHEIKH AUTO PEHALWAN GOTH,8000,,1,N,
2297,2026-08-10,27,B.S BAKHTAWAR GOTH,21500,,1,N,
2298,2026-08-10,289,GHAZI AUTO PEHALWAN GOTH,5000,,1,N,
2299,2026-08-10,253,IZZAT AGA AUTO RABIA CITY,5000,,1,N,
2300,2026-08-10,220,SHAFI AUTO MEMON GOTH,25000,,1,N,
2301,2026-08-10,238,IMRAN AUTO SHER PAO,5000,,1,N,
2302,2026-08-10,340,HAJI AUTO JAMALI PULL,5000,,1,N,
2303,2026-08-10,349,SALEEM AUTO HASNABAD,5000,,1,N,
2304,2026-08-10,355,A.B AUTO GHANIABAD,5000,,1,N,
2305,2026-08-10,282,SALEEM AUTO MAYMAR,5000,,1,N,
2306,2026-08-10,164,STAR AUTO MAYMAR,5000,,1,N,
2307,2026-08-10,107,NIZAM AUTO MAYMAR,7650,,1,N,
2308,2026-08-10,338,REHMAN AUTO JANJAL GOTH,5000,,1,N,
2309,2026-08-10,298,IQBAL AUTO QAIDABAD,3500,,1,N,
2310,2026-08-10,158,PAKISTAN AUTO QUAIDABAD,6000,,1,N,
2311,2026-08-10,115,HONDA KARACHI PAKISTAN CHOWK,5000,,1,N,
2312,2026-08-10,51,NEW KAKAR AUTOS PIDC,10000,,1,N,
2313,2026-08-10,104,HAMZA AUTO MOSMIYAT,30000,,1,N,
2315,2026-08-10,215,M/S AUTO GULLSHAN 13D,10000,,1,N,
2316,2026-08-10,178,B.S ALIYAN AUTO WATER PUMP,3000,,1,N,
2317,2026-08-10,217,BISMILLAH AUTO WATER PUMP,2000,,1,N,
2318,2026-08-10,246,NASIR AUTO PEOPELS CHORANGI,1500,,1,N,
2319,2026-08-10,270,SARWAR AUTO PEOPELS CHOWRANGI,1000,,1,N,
2320,2026-08-10,213,YOUSUF AUTO GULLSHAN 13D,3000,,1,N,
2321,2026-08-10,204,MADINA AUTO AL-ASIF SQUARE,27440,,1,N,
2322,2026-08-10,80,HUSSAIN AUTO AJMEER NAGRI,20000,,1,N,
2323,2026-08-10,313,INSAF LIYARI 36 W/RIM,150,,1,N,
2324,2026-08-10,311,INSAF AUTO LIYARI 36,24850,,1,N,
2325,2026-08-10,185,R.R AUTO SURJANI,10000,,1,N,
2326,2026-08-10,36,HADIA K1 NORTH NAZIMABAD,10000,,1,N,
2327,2026-08-10,57,RANA AUTOS LANDHI,23000,,1,N,
2328,2026-08-10,26,AZAN AUTOS JIMMY LANDHI,20000,,1,N,
2329,2026-08-10,70,UNIQUE AUTOS LANDHI,1970,LES DISCOUNT,1,N,
2330,2026-08-11,336,DEEWAN AUTO SHAH FAISAL,5000,,1,N,
2331,2026-08-11,273,RIZWAN AUTO MALIR,6000,,1,N,
2332,2026-08-11,300,RAZA AUTO MALIR,5900,,1,N,
2333,2026-08-11,112,RAJPUT AUTO SABRI CHOWK ORANGI,10000,,1,N,
2334,2026-08-12,168,B.S AUTO QUAIDABAD,15000,,1,N,
2335,2026-08-12,334,PAK AUTO SHAHFAISAL SECTOR 22B,20000,,1,N,
2336,2026-08-12,316,ASLAM AUTO MAJEED COLONY,8000,,1,N,
2337,2026-08-12,292,AL-REHMAN AUTO MALIR,5000,,1,N,
2338,2026-08-12,330,MADINA AUTO QUAIDABAD,10000,,1,N,
2339,2026-08-12,206,AKBER SUZUKI,2000,,1,N,
2340,2026-08-12,224,TIGER,5000,,1,N,
2341,2026-08-13,82,JUNAID AUTO AGRA TAJ,30000,,1,N,
2342,2026-08-13,98,ASLAM AUTOS MARIPUR,20000,,1,N,
2343,2026-08-13,116,ASIF SUPPLIER ZIP 1,10000,,1,N,
2344,2026-08-15,256,PARTS WALA AUTO LANDHI 6,5000,,1,N,
2345,2026-08-15,350,HUZAIFA AUTO KORANGI 5/1,5000,,1,N,
2346,2026-08-15,299,HASHTAG TRADERS LANDHI 6,20000,,1,N,
2347,2026-08-15,247,RIZWAN AUTO AZEEM PURA,5500,,1,N,
2348,2026-08-15,170,ABDUL HADI AUTO DRIG ROAD,4000,,1,N,
2349,2026-08-15,336,DEEWAN AUTO SHAH FAISAL,11000,,1,N,
2350,2026-08-15,276,REHAN AUTO SHAH FAISAL,5000,,1,N,
2351,2026-08-15,167,QADRI AUTO SHAH FAISAL,5000,,1,N,
2352,2026-08-15,148,IRFAN AUTO SHAH FAISAL,5000,,1,N,
2353,2026-08-15,231,STAR AUTO MALIR,25000,,1,N,
2354,2026-08-15,60,RIZWAN SUPPLIER KORANGI,40000,,1,N,
2355,2026-08-15,153,JUNAID AUTO SHAHFAISAL,20000,,1,N,
2356,2026-08-17,199,SUFI BILAL COLONY KORANGI,5000,,8,N,
2357,2026-08-17,114,TAJ AUTO MEHRAN TOWN 1,5500,,1,N,
2358,2026-08-17,173,B.S AUTO FARZAN BAK KORANGI,5000,,1,N,
2359,2026-08-17,207,B.S KORANGI 4 POOL,3000,,1,N,
2360,2026-08-17,213,YOUSUF AUTO GULLSHAN 13D,3000,,1,N,
2361,2026-08-17,270,SARWAR AUTO PEOPELS CHOWRANGI,1000,,1,N,
2362,2026-08-17,246,NASIR AUTO PEOPELS CHORANGI,5000,,1,N,
2363,2026-08-17,285,K.K AUTO RABIA CITY,10000,,1,N,
2364,2026-08-17,266,MADNI AUTO PEHALWAN GOTH,7000,,1,N,
2366,2026-08-17,266,MADNI AUTO PEHALWAN GOTH,4000,,1,N,
2367,2026-08-17,267,HAFIZ AUTO PEHALWAN GOTH,4500,,1,N,
2368,2026-08-17,285,K.K AUTO RABIA CITY,10000,,1,N,
2369,2026-08-17,246,NASIR AUTO PEOPELS CHORANGI,2000,,1,N,
2370,2026-08-17,270,SARWAR AUTO PEOPELS CHOWRANGI,1000,,1,N,
2371,2026-08-17,217,BISMILLAH AUTO WATER PUMP,2000,,1,N,
2372,2026-08-17,213,YOUSUF AUTO GULLSHAN 13D,3000,,1,N,
2373,2026-08-17,36,HADIA K1 NORTH NAZIMABAD,30000,,1,N,
2374,2026-08-17,80,HUSSAIN AUTO AJMEER NAGRI,20000,,1,N,
2375,2026-08-17,81,TAYYABA AUTO SURJANI,10000,,1,N,
2376,2026-08-17,309,AHMED RAZA REHMANIA W/RIM,9000,,1,N,
2377,2026-08-17,68,ARIF AUTOS LANDHI,10000,,1,N,
2378,2026-08-17,57,RANA AUTOS LANDHI,18000,,1,N,
2379,2026-08-17,26,AZAN AUTOS JIMMY LANDHI,20000,,1,N,
2380,2026-08-17,101,A.R AUTOS BAGH-E-KORANGI,10000,,1,N,
2381,2026-08-17,337,NOORANI AUTO SAFORA,15000,,1,N,
2382,2026-08-17,287,HAFEEZ AUTO GHAZI GOTH,10000,,1,N,
2383,2026-08-17,78,MARWAT AUTO SCOUT COLONY,5000,,1,N,
2384,2026-08-17,149,SHEIKH AUTO PEHALWAN GOTH,10000,,1,N,
2385,2026-08-17,27,B.S BAKHTAWAR GOTH,5500,,1,N,
2386,2026-08-17,289,GHAZI AUTO PEHALWAN GOTH,5000,,1,N,
2387,2026-08-17,291,FAISAL AUTO PEHAWAN GOTH,5000,,1,N,
2388,2026-08-17,253,IZZAT AGA AUTO RABIA CITY,5000,,1,N,
2389,2026-08-17,238,IMRAN AUTO SHER PAO,5000,,1,N,
2390,2026-08-17,340,HAJI AUTO JAMALI PULL,5000,,1,N,
2391,2026-08-17,349,SALEEM AUTO HASNABAD,5700,,1,N,
2392,2026-08-17,355,A.B AUTO GHANIABAD,5000,,1,N,
2393,2026-08-17,282,SALEEM AUTO MAYMAR,3500,,1,N,
2394,2026-08-17,164,STAR AUTO MAYMAR,15000,,1,N,
2395,2026-08-17,229,IMRAN AUTO FAQEERA GOTH,10000,,1,N,
2396,2026-08-17,338,REHMAN AUTO JANJAL GOTH,5000,,1,N,
2397,2026-08-17,281,SUBHAN ALLAH AUTO SACHAL,6000,,1,N,
2398,2026-08-17,322,MIRAJ AUTO M.KHAN GOTH,2000,,1,N,
2399,2026-08-17,298,IQBAL AUTO QAIDABAD,3500,,1,N,
2400,2026-08-17,132,ADNAN AUTO FAST,40000,,1,N,
2401,2026-08-17,104,HAMZA AUTO MOSMIYAT,29000,,1,N,
2402,2026-08-17,115,HONDA KARACHI PAKISTAN CHOWK,20000,,1,N,
2403,2026-08-17,36,HADIA K1 NORTH NAZIMABAD,3165,DISCOUNT DIFRENS 3%,1,N,
2404,2026-08-18,364,SHAN AUTO GULSHAN JAMALI,42010,,1,N,
2405,2026-08-18,105,A.H AUTO ORANGI L BLOCK,4955,,1,N,
2406,2026-08-18,91,ADNAN SURJANI 7B,350,,1,N,
2407,2026-08-18,160,HAJI IQBAL QURESHI U.P,2015,,1,N,
2408,2026-08-18,90,HAMMAD SURJANI,50,,1,N,
2409,2026-08-18,183,M.A AUTO LIYARI 36,50,,1,N,
2410,2026-08-18,162,M.S MURAD ORANGI,140,,1,N,
2412,2026-08-18,241,RAJPUT AUTO ORANGI W/RIM,5000,,1,N,
2413,2026-08-18,112,RAJPUT AUTO SABRI CHOWK ORANGI,5000,,1,N,
2414,2026-08-18,92,OSAMA ISLAM CHOWK,5000,,1,N,
2415,2026-08-18,69,WAQAS AUTOS ISLAM CHOWK,30000,,1,N,
2416,2026-08-18,20,ALI AUTOS ISLAM CHOWK,20000,,1,N,
2417,2026-08-18,194,HAMZA KHAN WHEEL RIM,20000,,1,N,
2418,2026-08-18,71,HAMZA KHAN AUTOS ORANGI TOWN,10000,,1,N,
2419,2026-08-18,220,SHAFI AUTO MEMON GOTH,15000,,1,N,
2420,2026-08-18,273,RIZWAN AUTO MALIR,5000,,1,N,
2421,2026-08-18,286,QUETTA AUTO BAKRA PIRI MALIR,3000,,1,N,
2422,2026-08-18,292,AL-REHMAN AUTO MALIR,4000,,1,N,
2423,2026-08-18,345,SAMI AUTO MALIR KALA BOARD,5000,,1,N,
2424,2026-08-18,277,NASIR MAQBOOL MKT,10620,,1,N,
2425,2026-08-18,305,ALI AUTO ISLAM CHOWK W/RIM,7926,rcv zip payble to paid zip1,1,N,
2426,2026-08-19,187,NASEER AUTO VINDER,20000,,1,N,
2427,2026-08-19,316,ASLAM AUTO MAJEED COLONY,5000,,1,N,
2428,2026-08-19,168,B.S AUTO QUAIDABAD,19000,,1,N,
2429,2026-08-19,158,PAKISTAN AUTO QUAIDABAD,5000,,1,N,
2430,2026-08-19,327,AJMERI AUTO SINDHI HOTEL,3000,,1,N,
2431,2026-08-19,109,BABU AUTO SINDHI HOTEL,10000,,1,N,
2432,2026-08-19,246,NASIR AUTO PEOPELS CHORANGI,1500,,1,N,
2433,2026-08-19,270,SARWAR AUTO PEOPELS CHOWRANGI,1000,,1,N,
2434,2026-08-19,215,M/S AUTO GULLSHAN 13D,10000,,1,N,
2435,2026-08-19,216,M/S AUTO 13D W/RIM,5000,,1,N,
2436,2026-08-19,178,B.S ALIYAN AUTO WATER PUMP,2000,,1,N,
2437,2026-08-19,217,BISMILLAH AUTO WATER PUMP,1000,,1,N,
2438,2026-08-20,138,ASIM BROTHERS MARKET,16000,,1,N,
2439,2026-08-20,243,KAZIM AUTO BAG E KORANGI,40000,,1,N,
2440,2026-08-20,256,PARTS WALA AUTO LANDHI 6,5100,,1,N,
2441,2026-08-20,350,HUZAIFA AUTO KORANGI 5/1,5000,,1,N,
2442,2026-08-20,98,ASLAM AUTOS MARIPUR,20000,,1,N,
2443,2026-08-20,82,JUNAID AUTO AGRA TAJ,20000,,1,N,
2444,2026-08-20,242,KING AUTO BEHAR COLONY,5000,,1,N,
2445,2026-08-20,310,TIGER AUTO LUCKY STAR,2000,,1,N,
2446,2026-08-20,223,ABID AUTO LUCKY STAR,1500,,1,N,
2447,2026-08-20,199,SUFI BILAL COLONY KORANGI,5000,,8,N,
2448,2026-08-20,295,SIDDIQUE AUTO BILAL COLONY,15000,,1,N,
2449,2026-08-20,144,TAJ AUTO MEHRAN TOWN 2,5000,,8,N,
2450,2026-08-20,114,TAJ AUTO MEHRAN TOWN 1,4000,,1,N,
2451,2026-08-20,173,B.S AUTO FARZAN BAK KORANGI,5000,,1,N,
2452,2026-08-20,181,MAKKA AUTO KORANGI 3 NUMBER,3000,,1,N,
2453,2026-08-20,227,HASNAIN AUTO KORANGI 51 A,2000,,1,N,
2454,2026-08-20,208,DANISH AUTO KORANGI 51C,3000,,1,N,
2455,2026-08-20,270,SARWAR AUTO PEOPELS CHOWRANGI,1000,,1,N,
2456,2026-08-20,217,BISMILLAH AUTO WATER PUMP,2000,,1,N,
2457,2026-08-20,213,YOUSUF AUTO GULLSHAN 13D,2000,,1,N,
2458,2026-08-20,315,SHAYAN AUTO UP W/RIM,8000,,1,N,
2459,2026-08-20,272,KAMRAN AUTO SHEHDAD KOT,2940,,1,N,
2460,2026-08-21,245,IMRAN AUTO MALIR,5500,,1,N,
2461,2026-08-21,274,A.M AUTO MALIR,5000,,1,N,
2462,2026-08-21,335,MAHROOF AUTO SHAH FAISAL,2000,,1,N,
2463,2026-08-21,170,ABDUL HADI AUTO DRIG ROAD,7000,,1,N,
2464,2026-08-21,336,DEEWAN AUTO SHAH FAISAL,4000,,1,N,
2465,2026-08-21,148,IRFAN AUTO SHAH FAISAL,5000,,1,N,
2466,2026-08-21,167,QADRI AUTO SHAH FAISAL,5000,,1,N,
2467,2026-08-21,238,IMRAN AUTO SHER PAO,5000,,1,N,
2468,2026-08-21,68,ARIF AUTOS LANDHI,10000,,1,N,
2469,2026-08-21,70,UNIQUE AUTOS LANDHI,70000,,1,N,
2470,2026-08-21,293,SIDDIQUE AUTO LANDHI,5000,,1,N,
2471,2026-08-07,97,BHITTAI AUTOS SAMARO,25000,,1,N,
2472,2026-08-22,116,ASIF SUPPLIER ZIP 1,13900,,1,N,
2473,2026-08-22,132,ADNAN AUTO FAST,40000,,1,N,
2474,2026-08-24,129,B.S AUTO AZIZABAD,5000,,1,N,
2475,2026-08-24,79,REHMAN AUTO AJMEER NAGRI,5000,,1,N,
2476,2026-08-24,80,HUSSAIN AUTO AJMEER NAGRI,10000,,1,N,
2477,2026-08-24,321,NASEER AUTO LIYARI 36,20000,,1,N,
2478,2026-08-24,36,HADIA K1 NORTH NAZIMABAD,10000,,1,N,
2479,2026-08-24,68,ARIF AUTOS LANDHI,5000,,1,N,
2480,2026-08-24,57,RANA AUTOS LANDHI,48000,,1,N,
2481,2026-08-24,153,JUNAID AUTO SHAHFAISAL,20000,,1,N,
2482,2026-08-24,337,NOORANI AUTO SAFORA,15000,,1,N,
2483,2026-08-24,287,HAFEEZ AUTO GHAZI GOTH,10000,,1,N,
2484,2026-08-24,361,HLK AUTO KAMRAN CHOWRANGI,4000,,1,N,
2485,2026-08-24,149,SHEIKH AUTO PEHALWAN GOTH,15000,,1,N,
2486,2026-08-24,289,GHAZI AUTO PEHALWAN GOTH,2500,,1,N,
2487,2026-08-24,228,KHALIL AUTO RABIA CITY,5000,,1,N,
2488,2026-08-24,253,IZZAT AGA AUTO RABIA CITY,9000,,1,N,
2489,2026-08-24,340,HAJI AUTO JAMALI PULL,10000,,1,N,
2490,2026-08-24,349,SALEEM AUTO HASNABAD,5000,,1,N,
2491,2026-08-24,164,STAR AUTO MAYMAR,15000,,1,N,
2492,2026-08-24,338,REHMAN AUTO JANJAL GOTH,5500,,1,N,
2493,2026-08-24,281,SUBHAN ALLAH AUTO SACHAL,5000,,1,N,
2494,2026-08-24,298,IQBAL AUTO QAIDABAD,5000,,1,N,
2495,2026-08-24,192,SUBHAN AUTO GULSHAN 13D,3000,,1,N,
2496,2026-08-24,213,YOUSUF AUTO GULLSHAN 13D,3000,,1,N,
2497,2026-08-24,178,B.S ALIYAN AUTO WATER PUMP,2000,,1,N,
2498,2026-08-24,217,BISMILLAH AUTO WATER PUMP,2000,,1,N,
2499,2026-08-24,246,NASIR AUTO PEOPELS CHORANGI,1000,,1,N,
2500,2026-08-24,181,MAKKA AUTO KORANGI 3 NUMBER,1000,,1,N,
2501,2026-08-24,266,MADNI AUTO PEHALWAN GOTH,4500,,1,N,
2502,2026-08-24,267,HAFIZ AUTO PEHALWAN GOTH,5000,,1,N,
2503,2026-08-24,259,IMRAN AUTO PEHALWAN GOTH,3000,,1,N,
2504,2026-08-24,285,K.K AUTO RABIA CITY,10000,,1,N,
2505,2026-08-24,270,SARWAR AUTO PEOPELS CHOWRANGI,1000,,1,N,
2506,2026-08-24,217,BISMILLAH AUTO WATER PUMP,2000,,1,N,
2507,2026-08-24,218,B.S ALIYAN WATER PUMP W/RIM,1000,,1,N,
2508,2026-08-24,213,YOUSUF AUTO GULLSHAN 13D,2000,,1,N,
2509,2026-08-24,246,NASIR AUTO PEOPELS CHORANGI,1000,,1,N,
2510,2026-08-24,137,KHAN SHAHRUKH AUTO KORANGI,10000,,1,N,
2511,2026-08-24,317,MAST QALANDAR AUTO MATLI,5000,,1,N,
2512,2026-08-24,150,M UMER BADIN,500000,,1,N,
2513,2026-08-24,42,KHATAOMAL PANGRIO,100000,,1,N,
2514,2026-08-24,171,MAMA JAMALI AUTO BADIN,14000,,1,N,
2515,2026-08-24,53,NOORANI AUTOS BADIN,50000,,1,N,
2516,2026-08-24,104,HAMZA AUTO MOSMIYAT,30000,,1,N,
2517,2026-08-24,347,S.K AUTO PEHALWAN GOTH,3335,,1,N,
2518,2026-08-24,157,ASGHER AUTO UP,100000,,1,N,
2519,2026-08-24,364,SHAN AUTO GULSHAN JAMALI,5340,,1,N,
2520,2026-08-25,231,STAR AUTO MALIR,25000,,1,N,
2521,2026-08-25,299,HASHTAG TRADERS LANDHI 6,12500,,1,N,
2522,2026-08-25,344,KARACHI AUTO MALIR JINNAH SQUA,20000,,1,N,
2523,2026-08-25,273,RIZWAN AUTO MALIR,6000,,1,N,
2524,2026-08-25,92,OSAMA ISLAM CHOWK,3710,,1,N,
2525,2026-08-25,71,HAMZA KHAN AUTOS ORANGI TOWN,10000,,1,N,
2526,2026-08-25,20,ALI AUTOS ISLAM CHOWK,20000,,1,N,
2527,2026-08-25,130,ALVI AUTO BALDIA 4 NUMBER,10000,,1,N,
2528,2026-08-25,123,LUCKY AUTO WATER PUMP,5000,,1,N,
2529,2026-08-25,217,BISMILLAH AUTO WATER PUMP,2000,,1,N,
2530,2026-08-25,189,UBAID AUTO GULLSHAN 13D,5000,,1,N,
2531,2026-08-25,372,RANA AUTO KORANGI,20000,,1,N,
