cashno,cashdate,ccode,cname,amount,remarks,collector_id,is_instrument,bank_id
1,2025-11-04,56,RAHIM BHAI CLASSIC MOTORCYCLE,40000.0,,1,N,0
2,2025-11-06,56,RAHIM BHAI CLASSIC MOTORCYCLE,64000.0,,1,N,0
3,2025-11-13,61,SAAD HUMAYUN TRADERS,14920.0,,1,N,0
4,2025-11-28,61,SAAD HUMAYUN TRADERS,10000.0,,1,N,0
5,2025-11-24,57,RANA AUTOS LANDHI,10000.0,,1,N,0
6,2025-11-28,57,RANA AUTOS LANDHI,5000.0,,1,N,0
7,2025-12-11,37,HANIF SUPPLIER,10000.0,,1,N,0
8,2025-11-28,58,RAZA AUTOS KORANGI,7500.0,,1,N,0
9,2025-12-05,58,RAZA AUTOS KORANGI,10000.0,,1,N,0
10,2025-12-06,25,AZAN AUTO BADIN,48000.0,,1,N,0
11,2025-12-11,25,AZAN AUTO BADIN,30000.0,,1,N,0
12,2025-12-05,25,AZAN AUTO BADIN,25000.0,,1,N,0
13,2025-12-06,25,AZAN AUTO BADIN,2000.0,,1,N,0
14,2025-12-11,25,AZAN AUTO BADIN,20000.0,,1,N,0
15,2025-12-12,73,HUSSAIN AUTO SHAH FAISAL,50000.0,,1,N,0
16,2025-12-13,73,HUSSAIN AUTO SHAH FAISAL,300000.0,,1,N,0
17,2025-12-20,25,AZAN AUTO BADIN,120000.0,,1,N,0
18,2025-12-20,62,SADIQ SONS QUETTA,41000.0,,1,N,0
19,2025-12-20,62,SADIQ SONS QUETTA,3100.0,,1,N,0
20,2025-12-19,37,HANIF SUPPLIER,20000.0,,1,N,0
21,2025-12-19,60,RIZWAN SUPPLIER KORANGI,50000.0,,1,N,0
22,2025-12-19,58,RAZA AUTOS KORANGI,10000.0,,1,N,0
23,2025-12-19,57,RANA AUTOS LANDHI,15000.0,,1,N,0
24,2025-12-15,20,ALI AUTOS ISLAM CHOWK,15000.0,,1,N,0
25,2025-12-15,46,MARHABA AUTOS ORANGI DUA CHOWK,20000.0,,1,N,0
26,2025-12-14,57,RANA AUTOS LANDHI,7000.0,,1,N,0
27,2025-12-24,89,WAQAS TYRE TUBE ISLAM CHOWK,13400.0,,1,N,0
28,2025-12-24,69,WAQAS AUTOS ISLAM CHOWK,25000.0,,1,N,0
29,2025-12-24,77,MALIK AUTO LINES AREA,11500.0,,1,N,0
30,2025-12-24,20,ALI AUTOS ISLAM CHOWK,10000.0,,1,N,0
31,2025-12-25,25,AZAN AUTO BADIN,4800.0,,1,N,0
32,2025-12-25,65,SHANDAR AUTOS NAUKOT,20000.0,,1,N,0
33,2025-12-27,73,HUSSAIN AUTO SHAH FAISAL,100000.0,,1,N,0
34,2025-12-21,61,SAAD HUMAYUN TRADERS,7110.0,,1,N,0
35,2025-12-31,25,AZAN AUTO BADIN,70000.0,,1,N,0
36,2025-12-29,25,AZAN AUTO BADIN,30000.0,,1,N,0
37,2025-12-29,81,TAYYABA AUTO SURJANI,10000.0,,1,N,0
38,2025-12-30,57,RANA AUTOS LANDHI,10000.0,,1,N,0
39,2025-12-30,58,RAZA AUTOS KORANGI,10000.0,,1,N,0
40,2025-12-30,20,ALI AUTOS ISLAM CHOWK,10000.0,,1,N,0
42,2026-01-01,60,RIZWAN SUPPLIER KORANGI,50000.0,,1,N,0
43,2026-01-01,58,RAZA AUTOS KORANGI,10000.0,,1,N,0
44,2025-12-31,77,MALIK AUTO LINES AREA,10000.0,,1,N,0
45,2025-12-31,82,JUNAID AUTO AGRA TAJ,10000.0,,1,N,0
46,2026-01-01,102,SALEEM MAMU,8500.0,,1,N,0
47,2026-01-04,37,HANIF SUPPLIER,48000.0,,1,N,0
48,2026-01-06,102,SALEEM MAMU,5000.0,,1,N,0
49,2026-01-06,69,WAQAS AUTOS ISLAM CHOWK,32000.0,,1,N,0
50,2026-01-06,71,HAMZA KHAN AUTOS ORANGI TOWN,20000.0,,1,N,0
51,2026-01-06,46,MARHABA AUTOS ORANGI DUA CHOWK,7200.0,,1,N,0
52,2026-01-06,58,RAZA AUTOS KORANGI,10000.0,,1,N,0
53,2026-01-06,57,RANA AUTOS LANDHI,18000.0,,1,N,0
54,2026-01-06,101,A.R AUTOS BAGH-E-KORANGI,5000.0,,1,N,0
55,2026-01-07,42,KHATAOMAL PANGRIO,40500.0,,1,N,0
56,2026-01-07,34,F.A AUTOS THATTA,38800.0,,1,N,0
57,2026-01-08,91,ADNAN SURJANI 7B,8000.0,,1,N,0
58,2026-01-08,81,TAYYABA AUTO SURJANI,6000.0,,1,N,0
59,2026-01-08,73,HUSSAIN AUTO SHAH FAISAL,100000.0,,1,N,0
60,2026-01-09,25,AZAN AUTO BADIN,50000.0,,1,N,0
61,2026-01-08,69,WAQAS AUTOS ISLAM CHOWK,18000.0,,1,N,0
62,2026-01-08,58,RAZA AUTOS KORANGI,10000.0,,1,N,0
63,2026-01-08,70,UNIQUE AUTOS LANDHI,14000.0,,1,N,0
64,2026-01-11,52,NOOR AUTOS QUAIDABAD,30000.0,,1,N,0
65,2026-01-11,79,REHMAN AUTO AJMEER NAGRI,5000.0,,1,N,0
66,2026-01-11,92,OSAMA ISLAM CHOWK,7000.0,,1,N,0
67,2026-01-12,23,AMJAD NOOR,50000.0,,1,N,0
68,2026-01-12,105,A.H AUTO ORANGI L BLOCK,3000.0,,1,N,0
69,2026-01-14,80,HUSSAIN AUTO AJMEER NAGRI,22740.0,,1,N,0
70,2026-01-14,20,ALI AUTOS ISLAM CHOWK,10000.0,,1,N,0
71,2026-01-14,71,HAMZA KHAN AUTOS ORANGI TOWN,10000.0,,1,N,0
72,2026-01-14,77,MALIK AUTO LINES AREA,15000.0,,1,N,0
73,2026-01-15,82,JUNAID AUTO AGRA TAJ,15000.0,,1,N,0
74,2026-01-15,67,JAMEEL AUTOS LEE MARKET,20000.0,,1,N,0
75,2026-01-16,91,ADNAN SURJANI 7B,6000.0,,1,N,0
76,2026-01-16,27,B.S BAKHTAWAR GOTH,30000.0,,1,N,0
77,2026-01-16,60,RIZWAN SUPPLIER KORANGI,70000.0,,1,N,0
78,2026-01-16,58,RAZA AUTOS KORANGI,10000.0,,1,N,0
79,2026-01-16,57,RANA AUTOS LANDHI,10000.0,,1,N,0
80,2026-01-19,92,OSAMA ISLAM CHOWK,5000.0,,1,N,0
81,2026-01-19,105,A.H AUTO ORANGI L BLOCK,4000.0,,1,N,0
82,2026-01-20,25,AZAN AUTO BADIN,100000.0,,1,N,0
83,2026-01-20,73,HUSSAIN AUTO SHAH FAISAL,110000.0,,1,N,0
84,2026-01-20,72,PRINCE AUTOS SAKRO,84000.0,,1,N,0
85,2026-01-20,62,SADIQ SONS QUETTA,51000.0,,1,N,0
86,2026-01-20,108,SALEEM MEMON MARKET,47000.0,,1,N,0
87,2026-01-20,108,SALEEM MEMON MARKET,800.0,DISCOUNT EXP,1,N,0
88,2026-01-21,58,RAZA AUTOS KORANGI,10000.0,,1,N,0
89,2026-01-21,101,A.R AUTOS BAGH-E-KORANGI,10000.0,,1,N,0
90,2026-01-21,57,RANA AUTOS LANDHI,27000.0,,1,N,0
91,2026-01-21,69,WAQAS AUTOS ISLAM CHOWK,43000.0,,1,N,0
92,2026-01-21,20,ALI AUTOS ISLAM CHOWK,10000.0,,1,N,0
93,2026-01-21,71,HAMZA KHAN AUTOS ORANGI TOWN,15000.0,,1,N,0
94,2026-01-22,98,ASLAM AUTOS MARIPUR,41000.0,,1,N,0
95,2026-01-22,82,JUNAID AUTO AGRA TAJ,10000.0,,1,N,0
96,2026-01-22,67,JAMEEL AUTOS LEE MARKET,20000.0,,1,N,0
98,2026-01-22,106,HASAN AUTO NAZIA SQUARE,3000.0,,1,N,0
99,2026-01-22,23,AMJAD NOOR,40000.0,,1,N,0
100,2026-01-23,58,RAZA AUTOS KORANGI,11300.0,,1,N,0
101,2026-01-23,68,ARIF AUTOS LANDHI,30000.0,,1,N,0
102,2026-01-23,79,REHMAN AUTO AJMEER NAGRI,5000.0,,1,N,0
103,2026-01-20,28,SHOAIB AHMED ZIP 1,1000.0,,1,N,0
104,2026-01-26,92,OSAMA ISLAM CHOWK,3000.0,,1,N,0
105,2026-01-26,110,TALHA QALANDRIYA,4000.0,,1,N,0
106,2026-01-26,75,YASIR AUTOS SACHAL GOTH,15000.0,,1,N,0
107,2026-01-26,27,B.S BAKHTAWAR GOTH,15000.0,,1,N,0
108,2026-01-26,68,ARIF AUTOS LANDHI,30000.0,,1,N,0
109,2026-01-26,99,FAISAL AUTOS KORANGI,20000.0,,1,N,0
110,2026-01-26,26,AZAN AUTOS JIMMY LANDHI,15000.0,,1,N,0
111,2026-01-26,113,QALANDRI AUTO LANDHI,5000.0,,1,N,0
112,2026-01-26,101,A.R AUTOS BAGH-E-KORANGI,7000.0,,1,N,0
113,2026-01-26,65,SHANDAR AUTOS NAUKOT,10000.0,,1,N,0
114,2026-01-26,103,GHOUSIA AUTO JHUDDO,8880.0,,1,N,0
115,2026-01-26,97,BHITTAI AUTOS SAMARO,18320.0,,1,N,0
117,2026-01-26,102,SALEEM MAMU,13500.0,,1,N,0
118,2026-01-27,111,HAMZA AUTO SURJANI,6000.0,,1,N,0
119,2026-01-27,104,HAMZA AUTO MOSMIYAT,25000.0,,1,N,0
120,2026-01-27,112,RAJPUT AUTO SABRI CHOWK ORANGI,17000.0,,1,N,0
121,2026-01-27,20,ALI AUTOS ISLAM CHOWK,10000.0,,1,N,0
122,2026-01-27,69,WAQAS AUTOS ISLAM CHOWK,25000.0,,1,N,0
123,2026-01-27,89,WAQAS TYRE TUBE ISLAM CHOWK,13400.0,,1,N,0
124,2026-01-28,93,ABBAS AUTO GULLBURG,3000.0,,1,N,0
125,2026-01-29,109,BABU AUTO SINDHI HOTEL,6000.0,,1,N,0
126,2026-01-29,90,HAMMAD SURJANI,5000.0,,1,N,0
127,2026-01-29,106,HASAN AUTO NAZIA SQUARE,3000.0,,1,N,0
128,2026-01-29,73,HUSSAIN AUTO SHAH FAISAL,100000.0,,1,N,0
129,2026-01-29,69,WAQAS AUTOS ISLAM CHOWK,25000.0,,1,N,0
130,2026-01-29,82,JUNAID AUTO AGRA TAJ,10000.0,,1,N,0
131,2026-01-29,98,ASLAM AUTOS MARIPUR,25000.0,,1,N,0
132,2026-01-29,77,MALIK AUTO LINES AREA,13000.0,,1,N,0
133,2026-01-31,117,JAFFER B CLOCK TOWER(SHOAIB),7750.0,,1,N,0
134,2026-01-31,25,AZAN AUTO BADIN,75000.0,,1,N,0
135,2026-02-02,125,MADINA AUTO SAFORA,3550.0,,1,N,0
137,2026-02-02,27,B.S BAKHTAWAR GOTH,6800.0,,1,N,0
138,2026-02-02,107,NIZAM AUTO MAYMAR,1820.0,,1,N,0
139,2026-02-02,75,YASIR AUTOS SACHAL GOTH,10900.0,,1,N,0
140,2026-02-02,29,BILAL WHEEL THROUGH SACHAL,14200.0,,1,N,0
141,2026-02-02,37,HANIF SUPPLIER,1280.0,,1,N,0
142,2026-02-02,26,AZAN AUTOS JIMMY LANDHI,16000.0,,1,N,0
143,2026-02-02,79,REHMAN AUTO AJMEER NAGRI,6000.0,,1,N,0
144,2026-02-02,110,TALHA QALANDRIYA,4000.0,,1,N,0
145,2026-02-02,32,DAWOOD SULTAN AUTOS ORANGI TOW,10000.0,,1,N,0
146,2026-02-02,105,A.H AUTO ORANGI L BLOCK,7000.0,,1,N,0
147,2026-02-02,80,HUSSAIN AUTO AJMEER NAGRI,5000.0,,1,N,0
148,2026-02-03,111,HAMZA AUTO SURJANI,6000.0,easy paisa,1,N,0
149,2026-02-03,69,WAQAS AUTOS ISLAM CHOWK,30000.0,mohsin,1,N,0
150,2026-02-03,28,SHOAIB AHMED ZIP 1,8750.0,easy paisa,1,N,0
151,2026-02-03,25,AZAN AUTO BADIN,50000.0,,1,N,0
152,2026-02-05,78,MARWAT AUTO SCOUT COLONY,5000.0,,1,N,0
153,2026-02-05,17,AHMED RAZA AUTOS REHMANIA MOR,3000.0,,1,N,0
154,2026-02-05,93,ABBAS AUTO GULLBURG,3000.0,,1,N,0
155,2026-02-05,73,HUSSAIN AUTO SHAH FAISAL,100000.0,,1,N,0
156,2026-02-05,96,GHAZI AUTOS GOLARCHI,100000.0,,1,N,0
157,2026-02-05,25,AZAN AUTO BADIN,20000.0,,1,N,0
158,2026-02-05,77,MALIK AUTO LINES AREA,15000.0,,1,N,0
159,2026-02-05,82,JUNAID AUTO AGRA TAJ,10000.0,,1,N,0
160,2026-02-05,57,RANA AUTOS LANDHI,10000.0,,1,N,0
161,2026-02-05,121,AL-KARAM AUTO MARKET,10000.0,,1,N,0
163,2026-02-06,79,REHMAN AUTO AJMEER NAGRI,8000.0,,1,N,0
164,2026-02-06,60,RIZWAN SUPPLIER KORANGI,80000.0,,1,N,0
165,2026-02-06,68,ARIF AUTOS LANDHI,40000.0,,1,N,0
166,2026-02-06,99,FAISAL AUTOS KORANGI,20000.0,,1,N,0
167,2026-02-06,57,RANA AUTOS LANDHI,35000.0,,1,N,0
168,2026-02-07,23,AMJAD NOOR,30000.0,,1,N,0
169,2026-01-30,59,RIDER AUTO PARTS,100000.0,,1,N,0
170,2026-02-09,67,JAMEEL AUTOS LEE MARKET,20000.0,,1,N,0
171,2026-02-09,101,A.R AUTOS BAGH-E-KORANGI,10000.0,,1,N,0
172,2026-02-09,113,QALANDRI AUTO LANDHI,4500.0,,1,N,0
173,2026-02-09,118,OSAMA NORTH KARACHI,3000.0,,1,N,0
174,2026-02-09,81,TAYYABA AUTO SURJANI,10000.0,,1,N,0
175,2026-02-10,104,HAMZA AUTO MOSMIYAT,43000.0,,1,N,0
176,2026-02-10,134,SAEED BHAI PLAZA,5150.0,,1,N,0
177,2026-02-10,69,WAQAS AUTOS ISLAM CHOWK,40000.0,,1,N,0
178,2026-02-10,89,WAQAS TYRE TUBE ISLAM CHOWK,17000.0,,1,N,0
179,2026-02-10,20,ALI AUTOS ISLAM CHOWK,13000.0,,1,N,0
180,2026-02-10,112,RAJPUT AUTO SABRI CHOWK ORANGI,5000.0,,1,N,0
181,2026-02-10,23,AMJAD NOOR,50000.0,,1,N,0
182,2026-02-11,25,AZAN AUTO BADIN,45000.0,,1,N,0
183,2026-02-11,122,NASIR AUTO ORANGZAIB MARKET,8000.0,,1,N,0
184,2026-02-12,109,BABU AUTO SINDHI HOTEL,10000.0,,1,N,0
185,2026-02-12,78,MARWAT AUTO SCOUT COLONY,9000.0,,1,N,0
186,2026-02-12,111,HAMZA AUTO SURJANI,2000.0,,1,N,0
187,2026-02-12,77,MALIK AUTO LINES AREA,14000.0,,1,N,0
188,2026-02-12,98,ASLAM AUTOS MARIPUR,20000.0,,1,N,0
189,2026-02-12,82,JUNAID AUTO AGRA TAJ,12000.0,,1,N,0
190,2026-02-12,67,JAMEEL AUTOS LEE MARKET,12000.0,,1,N,0
191,2026-02-12,123,LUCKY AUTO WATER PUMP,5000.0,,1,N,0
192,2026-02-12,23,AMJAD NOOR,19800.0,,1,N,0
193,2026-02-13,23,AMJAD NOOR,70000.0,,1,N,0
194,2026-02-13,38,IBRAHIM KORANGI (SHOAIB),10650.0,,1,N,0
195,2026-02-14,25,AZAN AUTO BADIN,50000.0,,1,N,0
196,2026-02-12,121,AL-KARAM AUTO MARKET,10000.0,,1,N,0
197,2026-02-12,99,FAISAL AUTOS KORANGI,10000.0,,1,N,0
198,2026-02-12,68,ARIF AUTOS LANDHI,20000.0,,1,N,0
199,2026-02-12,57,RANA AUTOS LANDHI,20000.0,,1,N,0
200,2026-02-12,58,RAZA AUTOS KORANGI,10000.0,,1,N,0
201,2026-02-12,51,NEW KAKAR AUTOS PIDC,8700.0,,1,N,0
202,2026-02-17,104,HAMZA AUTO MOSMIYAT,35000.0,,1,N,0
203,2026-02-17,93,ABBAS AUTO GULLBURG,3000.0,,1,N,0
204,2026-02-17,118,OSAMA NORTH KARACHI,3000.0,,1,N,0
205,2026-02-17,17,AHMED RAZA AUTOS REHMANIA MOR,2900.0,,1,N,0
206,2026-02-17,68,ARIF AUTOS LANDHI,65000.0,,1,N,0
207,2026-02-17,137,KHAN SHAHRUKH AUTO KORANGI,10000.0,,1,N,0
208,2026-02-17,130,ALVI AUTO BALDIA 4 NUMBER,13000.0,,1,N,0
209,2026-02-17,139,IQBAL AUTO BALDIA,5000.0,,1,N,0
210,2026-02-17,112,RAJPUT AUTO SABRI CHOWK ORANGI,10000.0,,1,N,0
211,2026-02-17,71,HAMZA KHAN AUTOS ORANGI TOWN,15500.0,,1,N,0
212,2026-02-17,69,WAQAS AUTOS ISLAM CHOWK,45000.0,,1,N,0
213,2026-02-17,89,WAQAS TYRE TUBE ISLAM CHOWK,19000.0,,1,N,0
214,2026-02-17,123,LUCKY AUTO WATER PUMP,10000.0,,1,N,0
215,2026-02-19,115,HONDA KARACHI PAKISTAN CHOWK,14000.0,,1,N,0
216,2026-02-19,24,AYAN AUTOS CLIFTON,15000.0,,1,N,0
217,2026-02-19,141,ALI AUTO MEHMODABAD,8000.0,,1,N,0
218,2026-02-19,98,ASLAM AUTOS MARIPUR,30000.0,,1,N,0
219,2026-02-19,68,ARIF AUTOS LANDHI,23000.0,,1,N,0
220,2026-02-20,109,BABU AUTO SINDHI HOTEL,7000.0,,1,N,0
221,2026-02-20,17,AHMED RAZA AUTOS REHMANIA MOR,8000.0,,1,N,0
222,2026-02-20,99,FAISAL AUTOS KORANGI,10000.0,,1,N,0
223,2026-02-20,57,RANA AUTOS LANDHI,30000.0,,1,N,0
224,2026-02-21,25,AZAN AUTO BADIN,43000.0,,1,N,0
225,2026-02-21,25,AZAN AUTO BADIN,40000.0,,1,N,0
226,2026-02-23,68,ARIF AUTOS LANDHI,20000.0,,1,N,0
227,2026-02-23,57,RANA AUTOS LANDHI,20000.0,,1,N,0
228,2026-02-23,113,QALANDRI AUTO LANDHI,3000.0,,1,N,0
229,2026-02-23,137,KHAN SHAHRUKH AUTO KORANGI,10000.0,,1,N,0
230,2026-02-23,23,AMJAD NOOR,17000.0,,1,N,0
231,2026-02-24,117,JAFFER B CLOCK TOWER(SHOAIB),10000.0,,1,N,0
232,2026-02-24,139,IQBAL AUTO BALDIA,10000.0,,1,N,0
233,2026-02-24,112,RAJPUT AUTO SABRI CHOWK ORANGI,22000.0,,1,N,0
234,2026-02-24,69,WAQAS AUTOS ISLAM CHOWK,40000.0,,1,N,0
235,2026-02-24,89,WAQAS TYRE TUBE ISLAM CHOWK,10000.0,,1,N,0
236,2026-02-25,81,TAYYABA AUTO SURJANI,2000.0,,1,N,0
237,2026-02-25,93,ABBAS AUTO GULLBURG,2000.0,,1,N,0
238,2026-02-25,110,TALHA QALANDRIYA,6000.0,,1,N,0
239,2026-02-25,90,HAMMAD SURJANI,10000.0,,1,N,0
240,2026-02-26,104,HAMZA AUTO MOSMIYAT,30000.0,,1,N,0
241,2026-02-26,73,HUSSAIN AUTO SHAH FAISAL,300000.0,,1,N,0
242,2026-02-26,141,ALI AUTO MEHMODABAD,10000.0,,1,N,0
243,2026-02-26,24,AYAN AUTOS CLIFTON,15000.0,,1,N,0
244,2026-02-26,77,MALIK AUTO LINES AREA,15000.0,,1,N,0
245,2026-02-26,67,JAMEEL AUTOS LEE MARKET,20000.0,,1,N,0
246,2026-02-26,20,ALI AUTOS ISLAM CHOWK,20000.0,,1,N,0
247,2026-02-26,115,HONDA KARACHI PAKISTAN CHOWK,20000.0,,1,N,0
248,2026-02-27,109,BABU AUTO SINDHI HOTEL,10000.0,,1,N,0
249,2026-02-27,17,AHMED RAZA AUTOS REHMANIA MOR,4000.0,,1,N,0
250,2026-02-27,144,TAJ AUTO MEHRAN TOWN 2,7000.0,,1,N,0
251,2026-02-27,99,FAISAL AUTOS KORANGI,7000.0,,1,N,0
252,2026-02-27,60,RIZWAN SUPPLIER KORANGI,50000.0,,1,N,0
253,2026-02-27,57,RANA AUTOS LANDHI,25000.0,,1,N,0
254,2026-02-27,68,ARIF AUTOS LANDHI,25000.0,,1,N,0
255,2026-02-27,58,RAZA AUTOS KORANGI,10000.0,,1,N,0
256,2026-02-28,65,SHANDAR AUTOS NAUKOT,8000.0,,1,N,0
257,2026-03-02,132,ADNAN AUTO FAST,100000.0,,1,N,0
258,2026-03-02,59,RIDER AUTO PARTS,95000.0,,1,N,0
259,2026-03-02,23,AMJAD NOOR,47000.0,,1,N,0
260,2026-03-02,79,REHMAN AUTO AJMEER NAGRI,5000.0,,1,N,0
261,2026-03-02,118,OSAMA NORTH KARACHI,3000.0,,1,N,0
262,2026-03-02,92,OSAMA ISLAM CHOWK,10000.0,,1,N,0
263,2026-03-02,32,DAWOOD SULTAN AUTOS ORANGI TOW,5000.0,,1,N,0
264,2026-03-02,137,KHAN SHAHRUKH AUTO KORANGI,10000.0,,1,N,0
265,2026-03-02,68,ARIF AUTOS LANDHI,10000.0,,1,N,0
266,2026-03-02,57,RANA AUTOS LANDHI,10000.0,,1,N,0
267,2026-03-02,101,A.R AUTOS BAGH-E-KORANGI,20000.0,,1,N,0
268,2026-03-02,142,MADINA AUTO AZIZABAD,8000.0,,1,N,0
269,2026-03-02,113,QALANDRI AUTO LANDHI,5000.0,,1,N,0
270,2026-03-03,139,IQBAL AUTO BALDIA,10000.0,,1,N,0
271,2026-03-03,130,ALVI AUTO BALDIA 4 NUMBER,10000.0,,1,N,0
272,2026-03-03,71,HAMZA KHAN AUTOS ORANGI TOWN,20000.0,,1,N,0
273,2026-03-03,69,WAQAS AUTOS ISLAM CHOWK,30000.0,,1,N,0
274,2026-03-03,112,RAJPUT AUTO SABRI CHOWK ORANGI,15000.0,,1,N,0
275,2026-03-03,140,MAMA A-1 GULSHAN 13D,10000.0,,1,N,0
276,2026-03-03,145,HUMA AUTO KORANGI,3000.0,,1,N,0
277,2026-03-03,90,HAMMAD SURJANI,10000.0,,1,N,0
278,2026-03-04,132,ADNAN AUTO FAST,50000.0,,1,N,0
279,2026-03-04,126,ALAM AUTO GODHRA,24000.0,,1,N,0
280,2026-03-04,97,BHITTAI AUTOS SAMARO,40000.0,,1,N,0
281,2026-03-04,83,SINDH KOHLI SAMARO,25000.0,,1,N,0
282,2026-03-04,122,NASIR AUTO ORANGZAIB MARKET,7000.0,,1,N,0
283,2026-03-04,24,AYAN AUTOS CLIFTON,15000.0,,1,N,0
284,2026-03-04,141,ALI AUTO MEHMODABAD,15000.0,,1,N,0
285,2026-03-04,93,ABBAS AUTO GULLBURG,2500.0,,1,N,0
286,2026-03-05,129,B.S AUTO AZIZABAD,16780.0,,1,N,0
287,2026-03-05,82,JUNAID AUTO AGRA TAJ,15000.0,,1,N,0
288,2026-03-05,67,JAMEEL AUTOS LEE MARKET,20000.0,,1,N,0
289,2026-03-05,123,LUCKY AUTO WATER PUMP,10000.0,,1,N,0
290,2026-03-05,104,HAMZA AUTO MOSMIYAT,28000.0,,1,N,0
291,2026-03-05,25,AZAN AUTO BADIN,200000.0,,1,N,0
292,2026-03-07,144,TAJ AUTO MEHRAN TOWN 2,10000.0,,1,N,0
293,2026-03-07,99,FAISAL AUTOS KORANGI,7000.0,,1,N,0
294,2026-03-07,68,ARIF AUTOS LANDHI,15000.0,,1,N,0
295,2026-03-07,106,HASAN AUTO NAZIA SQUARE,2000.0,,1,N,0
296,2026-02-24,51,NEW KAKAR AUTOS PIDC,15000.0,,1,N,0
297,2026-01-26,150,M UMER BADIN,30000.0,,1,N,0
298,2026-03-09,149,SHEIKH AUTO PEHALWAN GOTH,15000.0,,1,N,0
299,2026-03-09,27,B.S BAKHTAWAR GOTH,12740.0,,1,N,0
300,2026-03-09,148,IRFAN AUTO SHAH FAISAL,5000.0,,1,N,0
301,2026-03-09,158,PAKISTAN AUTO QUAIDABAD,5000.0,,1,N,0
302,2026-03-09,79,REHMAN AUTO AJMEER NAGRI,5000.0,,1,N,0
303,2026-03-09,118,OSAMA NORTH KARACHI,3000.0,,1,N,0
304,2026-03-09,92,OSAMA ISLAM CHOWK,10000.0,,1,N,0
305,2026-03-09,51,NEW KAKAR AUTOS PIDC,15000.0,,1,N,0
306,2026-03-09,115,HONDA KARACHI PAKISTAN CHOWK,20000.0,,1,N,0
307,2026-03-09,98,ASLAM AUTOS MARIPUR,20000.0,,1,N,0
308,2026-03-09,57,RANA AUTOS LANDHI,20000.0,,1,N,0
309,2026-03-09,68,ARIF AUTOS LANDHI,30510.0,,1,N,0
310,2026-03-10,138,ASIM BROTHERS MARKET,10000.0,,1,N,0
311,2026-03-10,132,ADNAN AUTO FAST,50000.0,,1,N,0
312,2026-03-10,28,SHOAIB AHMED ZIP 1,8000.0,,1,N,0
313,2026-03-10,111,HAMZA AUTO SURJANI,5000.0,,1,N,0
314,2026-03-10,81,TAYYABA AUTO SURJANI,5000.0,,1,N,0
315,2026-03-10,112,RAJPUT AUTO SABRI CHOWK ORANGI,15000.0,,1,N,0
316,2026-03-10,69,WAQAS AUTOS ISLAM CHOWK,30000.0,,1,N,0
317,2026-03-10,89,WAQAS TYRE TUBE ISLAM CHOWK,20000.0,,1,N,0
318,2026-03-10,20,ALI AUTOS ISLAM CHOWK,10000.0,,1,N,0
319,2026-03-10,145,HUMA AUTO KORANGI,3000.0,,1,N,0
320,2026-03-10,146,ATTARI AUTO KORANGI,5000.0,,1,N,0
321,2026-03-10,142,MADINA AUTO AZIZABAD,7500.0,,1,N,0
322,2026-03-10,137,KHAN SHAHRUKH AUTO KORANGI,18000.0,,1,N,0
323,2026-03-12,109,BABU AUTO SINDHI HOTEL,10000.0,,1,N,0
324,2026-03-12,121,AL-KARAM AUTO MARKET,8000.0,,1,N,0
325,2026-03-12,141,ALI AUTO MEHMODABAD,10000.0,,1,N,0
326,2026-03-12,24,AYAN AUTOS CLIFTON,20000.0,,1,N,0
327,2026-03-12,98,ASLAM AUTOS MARIPUR,15000.0,,1,N,0
328,2026-03-12,82,JUNAID AUTO AGRA TAJ,15000.0,,1,N,0
329,2026-03-12,123,LUCKY AUTO WATER PUMP,6000.0,,1,N,0
330,2026-03-12,104,HAMZA AUTO MOSMIYAT,48000.0,,1,N,0
331,2026-03-12,172,FINAL AUTO MARKET,16580.0,,1,N,0
332,2026-03-14,148,IRFAN AUTO SHAH FAISAL,10000.0,,1,N,0
333,2026-03-14,167,QADRI AUTO SHAH FAISAL,5000.0,,1,N,0
334,2026-03-14,170,ABDUL HADI AUTO DRIG ROAD,3000.0,,1,N,0
335,2026-03-14,144,TAJ AUTO MEHRAN TOWN 2,7000.0,,1,N,0
336,2026-03-14,99,FAISAL AUTOS KORANGI,7000.0,,1,N,0
337,2026-03-14,68,ARIF AUTOS LANDHI,20000.0,,1,N,0
338,2026-03-14,57,RANA AUTOS LANDHI,15000.0,,1,N,0
339,2026-03-14,176,ANSARI AUTO DASTAGIR,1000.0,,1,N,0
340,2026-03-14,182,SHAMA AUTO ELECTRIC W/P,1000.0,,1,N,0
341,2026-03-14,61,SAAD HUMAYUN TRADERS,6389.0,,1,N,0
342,2026-03-14,147,JIJAL AUTO GHARO,39000.0,,1,N,0
343,2026-03-16,68,ARIF AUTOS LANDHI,15000.0,,1,N,0
344,2026-03-16,57,RANA AUTOS LANDHI,20000.0,,1,N,0
345,2026-03-16,101,A.R AUTOS BAGH-E-KORANGI,15000.0,,1,N,0
346,2026-03-16,121,AL-KARAM AUTO MARKET,13000.0,,1,N,0
347,2026-03-16,79,REHMAN AUTO AJMEER NAGRI,5000.0,,1,N,0
348,2026-03-16,118,OSAMA NORTH KARACHI,3000.0,,1,N,0
349,2026-03-16,92,OSAMA ISLAM CHOWK,15000.0,,1,N,0
350,2026-03-16,36,HADIA K1 NORTH NAZIMABAD,10000.0,,1,N,0
351,2026-03-16,162,M.S MURAD ORANGI,5000.0,,1,N,0
352,2026-03-16,32,DAWOOD SULTAN AUTOS ORANGI TOW,5000.0,,1,N,0
353,2026-03-16,159,WAQAS AUTO BUFFER ZONE,5000.0,,1,N,0
354,2026-03-16,164,STAR AUTO MAYMAR,10000.0,,1,N,0
355,2026-03-16,158,PAKISTAN AUTO QUAIDABAD,5000.0,,1,N,0
356,2026-03-16,38,IBRAHIM KORANGI (SHOAIB),7750.0,,1,N,0
357,2026-03-17,109,BABU AUTO SINDHI HOTEL,10000.0,,1,N,0
358,2026-03-14,178,B.S ALIYAN AUTO WATER PUMP,2000.0,,1,N,0
359,2026-03-14,179,A.W AUTO WATER PUMP,2000.0,,1,N,0
360,2026-03-14,175,JAPAN AUTO WATER PUMP,2000.0,,1,N,0
361,2026-03-14,142,MADINA AUTO AZIZABAD,7000.0,,1,N,0
362,2026-03-16,182,SHAMA AUTO ELECTRIC W/P,1000.0,,1,N,0
363,2026-03-16,176,ANSARI AUTO DASTAGIR,1000.0,,1,N,0
364,2026-03-16,146,ATTARI AUTO KORANGI,5000.0,,1,N,0
365,2026-03-16,145,HUMA AUTO KORANGI,3000.0,,1,N,0
366,2026-03-17,123,LUCKY AUTO WATER PUMP,5000.0,,1,N,0
367,2026-03-17,179,A.W AUTO WATER PUMP,2000.0,,1,N,0
368,2026-03-17,175,JAPAN AUTO WATER PUMP,2000.0,,1,N,0
369,2026-03-17,178,B.S ALIYAN AUTO WATER PUMP,2000.0,,1,N,0
370,2026-03-17,177,FARHAN AUTO WATER PUMP,1000.0,,1,N,0
371,2026-03-17,132,ADNAN AUTO FAST,50000.0,,1,N,0
372,2026-03-17,56,RAHIM BHAI CLASSIC MOTORCYCLE,100000.0,,1,N,0
373,2026-03-17,71,HAMZA KHAN AUTOS ORANGI TOWN,20000.0,,1,N,0
374,2026-03-17,20,ALI AUTOS ISLAM CHOWK,10000.0,,1,N,0
375,2026-03-17,69,WAQAS AUTOS ISLAM CHOWK,30000.0,,1,N,0
376,2026-03-17,112,RAJPUT AUTO SABRI CHOWK ORANGI,15000.0,,1,N,0
377,2026-03-17,139,IQBAL AUTO BALDIA,5000.0,,1,N,0
378,2026-03-18,24,AYAN AUTOS CLIFTON,26000.0,,1,N,0
379,2026-03-18,141,ALI AUTO MEHMODABAD,10000.0,,1,N,0
380,2026-03-18,129,B.S AUTO AZIZABAD,10000.0,,1,N,0
381,2026-03-18,77,MALIK AUTO LINES AREA,8000.0,,1,N,0
382,2026-03-18,176,ANSARI AUTO DASTAGIR,2000.0,,1,N,0
383,2026-03-18,177,FARHAN AUTO WATER PUMP,1000.0,,1,N,0
384,2026-03-18,175,JAPAN AUTO WATER PUMP,1000.0,,1,N,0
385,2026-03-18,179,A.W AUTO WATER PUMP,1000.0,,1,N,0
386,2026-03-18,182,SHAMA AUTO ELECTRIC W/P,1000.0,,1,N,0
387,2026-03-18,168,B.S AUTO QUAIDABAD,21600.0,,1,N,0
388,2026-03-18,149,SHEIKH AUTO PEHALWAN GOTH,20000.0,,1,N,0
389,2026-03-18,138,ASIM BROTHERS MARKET,10000.0,,1,N,0
390,2026-03-19,104,HAMZA AUTO MOSMIYAT,45000.0,,1,N,0
391,2026-03-19,91,ADNAN SURJANI 7B,10000.0,,1,N,0
392,2026-03-19,42,KHATAOMAL PANGRIO,68000.0,,1,N,0
393,2026-03-19,114,TAJ AUTO MEHRAN TOWN 1,5000.0,,1,N,0
394,2026-03-19,173,B.S AUTO FARZAN BAK KORANGI,5000.0,,1,N,0
395,2026-03-19,179,A.W AUTO WATER PUMP,2000.0,,1,N,0
396,2026-03-19,178,B.S ALIYAN AUTO WATER PUMP,2000.0,,1,N,0
397,2026-03-19,175,JAPAN AUTO WATER PUMP,1000.0,,1,N,0
398,2026-03-19,177,FARHAN AUTO WATER PUMP,1000.0,,1,N,0
399,2026-03-19,182,SHAMA AUTO ELECTRIC W/P,1000.0,,1,N,0
400,2026-03-19,176,ANSARI AUTO DASTAGIR,1000.0,,1,N,0
401,2025-10-01,23,AMJAD NOOR,22500.0,,1,N,0
402,2026-03-20,71,HAMZA KHAN AUTOS ORANGI TOWN,20000.0,,1,N,0
403,2026-03-20,82,JUNAID AUTO AGRA TAJ,15000.0,,1,N,0
404,2026-03-20,68,ARIF AUTOS LANDHI,20000.0,,1,N,0
405,2026-03-20,196,MAMA A-1 13D WHEEL RIM,24000.0,,1,N,0
406,2026-03-20,170,ABDUL HADI AUTO DRIG ROAD,3000.0,,1,N,0
407,2026-03-20,148,IRFAN AUTO SHAH FAISAL,10000.0,,1,N,0
408,2026-03-20,167,QADRI AUTO SHAH FAISAL,5000.0,,1,N,0
409,2026-03-20,59,RIDER AUTO PARTS,100000.0,,1,N,0
410,2026-03-20,56,RAHIM BHAI CLASSIC MOTORCYCLE,30000.0,,1,N,0
411,2026-03-25,73,HUSSAIN AUTO SHAH FAISAL,200000.0,,1,N,0
412,2026-03-25,192,SUBHAN AUTO GULSHAN 13D,5000.0,,1,N,0
413,2026-03-25,178,B.S ALIYAN AUTO WATER PUMP,2000.0,,1,N,0
414,2026-03-25,177,FARHAN AUTO WATER PUMP,1000.0,,1,N,0
415,2026-03-25,175,JAPAN AUTO WATER PUMP,1000.0,,1,N,0
416,2026-03-25,176,ANSARI AUTO DASTAGIR,1000.0,,1,N,0
417,2026-03-25,51,NEW KAKAR AUTOS PIDC,25000.0,,1,N,0
418,2026-03-25,42,KHATAOMAL PANGRIO,100000.0,,1,N,0
419,2026-03-26,57,RANA AUTOS LANDHI,20000.0,,1,N,0
420,2026-03-26,101,A.R AUTOS BAGH-E-KORANGI,5000.0,,1,N,0
421,2026-03-26,98,ASLAM AUTOS MARIPUR,25000.0,,1,N,0
422,2026-03-26,82,JUNAID AUTO AGRA TAJ,20000.0,,1,N,0
423,2026-03-26,199,SUFI BILAL COLONY KORANGI,8000.0,,1,N,0
424,2026-03-26,144,TAJ AUTO MEHRAN TOWN 2,5000.0,,1,N,0
425,2026-03-26,173,B.S AUTO FARZAN BAK KORANGI,5000.0,,1,N,0
426,2026-03-26,146,ATTARI AUTO KORANGI,5000.0,,1,N,0
427,2026-03-26,181,MAKKA AUTO KORANGI 3 NUMBER,3000.0,,1,N,0
428,2026-03-26,191,SHAFI AUTO GULSHAN IQBAL,2000.0,,1,N,0
429,2026-03-26,193,KHAN AUTO PEOPELS CHOWRANGI,2000.0,,1,N,0
430,2026-03-26,176,ANSARI AUTO DASTAGIR,1000.0,,1,N,0
431,2026-03-26,178,B.S ALIYAN AUTO WATER PUMP,2000.0,,1,N,0
432,2026-03-27,190,ASIF AUTO SABZI MANDI,5000.0,,1,N,0
433,2026-03-27,193,KHAN AUTO PEOPELS CHOWRANGI,2000.0,,1,N,0
434,2026-03-27,178,B.S ALIYAN AUTO WATER PUMP,2000.0,,1,N,0
435,2026-03-27,177,FARHAN AUTO WATER PUMP,1000.0,,1,N,0
436,2026-03-27,179,A.W AUTO WATER PUMP,2000.0,,1,N,0
437,2026-03-27,192,SUBHAN AUTO GULSHAN 13D,3000.0,,1,N,0
438,2026-03-27,145,HUMA AUTO KORANGI,3000.0,,1,N,0
439,2026-03-27,189,UBAID AUTO GULLSHAN 13D,5000.0,,1,N,0
440,2026-03-27,79,REHMAN AUTO AJMEER NAGRI,10000.0,,1,N,0
441,2026-03-27,109,BABU AUTO SINDHI HOTEL,10000.0,,1,N,0
442,2026-03-27,170,ABDUL HADI AUTO DRIG ROAD,5000.0,,1,N,0
443,2026-03-27,158,PAKISTAN AUTO QUAIDABAD,5000.0,,1,N,0
444,2026-03-27,148,IRFAN AUTO SHAH FAISAL,10000.0,,1,N,0
445,2026-03-27,68,ARIF AUTOS LANDHI,20000.0,,1,N,0
446,2026-03-27,57,RANA AUTOS LANDHI,20000.0,,1,N,0
447,2026-03-27,58,RAZA AUTOS KORANGI,10000.0,,1,N,0
448,2026-03-28,20,ALI AUTOS ISLAM CHOWK,42000.0,,1,N,0
449,2026-03-28,20,ALI AUTOS ISLAM CHOWK,19000.0,,1,N,0
450,2026-03-28,169,TAYYAB AUTO MEHMODABAD,19500.0,,1,N,0
451,2026-03-30,162,M.S MURAD ORANGI,10000.0,,1,N,0
452,2026-03-30,36,HADIA K1 NORTH NAZIMABAD,15000.0,,1,N,0
453,2026-03-30,92,OSAMA ISLAM CHOWK,10000.0,,1,N,0
454,2026-03-30,118,OSAMA NORTH KARACHI,3000.0,,1,N,0
455,2026-03-30,32,DAWOOD SULTAN AUTOS ORANGI TOW,5000.0,,1,N,0
456,2026-03-30,203,MASHALLAH WATER PUMP W/RIM,25000.0,,1,N,0
457,2026-03-30,101,A.R AUTOS BAGH-E-KORANGI,10000.0,,1,N,0
458,2026-03-30,113,QALANDRI AUTO LANDHI,3000.0,,1,N,0
459,2026-03-30,154,HAFEEZ AUTO KHAN BELA,14240.0,,1,N,0
460,2026-03-30,169,TAYYAB AUTO MEHMODABAD,5500.0,,1,N,0
461,2026-03-30,25,AZAN AUTO BADIN,135000.0,,1,N,0
462,2026-03-30,132,ADNAN AUTO FAST,50000.0,,1,N,0
463,2026-03-30,158,PAKISTAN AUTO QUAIDABAD,7000.0,,1,N,0
464,2026-03-30,164,STAR AUTO MAYMAR,10000.0,,1,N,0
465,2026-03-30,74,B.S QAZI AHMED,36000.0,,1,N,0
466,2026-03-30,38,IBRAHIM KORANGI (SHOAIB),10000.0,,1,N,0
467,2026-03-30,140,MAMA A-1 GULSHAN 13D,5000.0,,1,N,0
468,2026-03-30,142,MADINA AUTO AZIZABAD,7000.0,,1,N,0
469,2026-03-30,193,KHAN AUTO PEOPELS CHOWRANGI,2000.0,,1,N,0
470,2026-03-30,178,B.S ALIYAN AUTO WATER PUMP,2000.0,,1,N,0
471,2026-03-30,179,A.W AUTO WATER PUMP,1000.0,,1,N,0
472,2026-03-30,177,FARHAN AUTO WATER PUMP,1000.0,,1,N,0
473,2026-03-30,182,SHAMA AUTO ELECTRIC W/P,1000.0,,1,N,0
474,2026-03-30,176,ANSARI AUTO DASTAGIR,2000.0,,1,N,0
475,2026-03-31,193,KHAN AUTO PEOPELS CHOWRANGI,2000.0,,1,N,0
476,2026-03-31,182,SHAMA AUTO ELECTRIC W/P,1000.0,,1,N,0
477,2026-03-31,177,FARHAN AUTO WATER PUMP,1500.0,,1,N,0
478,2026-03-31,178,B.S ALIYAN AUTO WATER PUMP,1500.0,,1,N,0
479,2026-03-31,179,A.W AUTO WATER PUMP,1500.0,,1,N,0
480,2026-03-31,104,HAMZA AUTO MOSMIYAT,49000.0,,1,N,0
481,2026-03-31,149,SHEIKH AUTO PEHALWAN GOTH,10000.0,,1,N,0
482,2026-03-31,194,HAMZA KHAN WHEEL RIM,20000.0,,1,N,0
483,2026-03-31,69,WAQAS AUTOS ISLAM CHOWK,50000.0,,1,N,0
484,2026-03-31,89,WAQAS TYRE TUBE ISLAM CHOWK,26400.0,,1,N,0
485,2026-03-31,20,ALI AUTOS ISLAM CHOWK,10000.0,,1,N,0
486,2026-03-31,123,LUCKY AUTO WATER PUMP,5000.0,,1,N,0
487,2026-03-31,120,BHATTI AUTO GULSHAN BLK 2,14000.0,,1,N,0
488,2026-04-01,122,NASIR AUTO ORANGZAIB MARKET,7700.0,,1,N,0
489,2026-04-01,121,AL-KARAM AUTO MARKET,10000.0,,1,N,0
490,2026-04-01,141,ALI AUTO MEHMODABAD,14500.0,,1,N,0
491,2026-04-01,128,ZAIB AUTO WATER PUMP,80000.0,,1,N,0
492,2026-04-01,109,BABU AUTO SINDHI HOTEL,10000.0,,1,N,0
493,2026-03-31,183,M.A AUTO LIYARI 36,30000.0,,1,N,0
494,2026-03-31,17,AHMED RAZA AUTOS REHMANIA MOR,9000.0,,1,N,0
495,2026-03-31,161,SHAYAN AUTO U.P,3000.0,,1,N,0
496,2026-03-31,90,HAMMAD SURJANI,8000.0,,1,N,0
497,2026-03-31,184,NEW-RIYAZ AUTO LIYARI 36,5000.0,,1,N,0
498,2026-04-01,193,KHAN AUTO PEOPELS CHOWRANGI,2000.0,,1,N,0
499,2026-04-01,178,B.S ALIYAN AUTO WATER PUMP,2000.0,,1,N,0
500,2026-04-01,182,SHAMA AUTO ELECTRIC W/P,1000.0,,1,N,0
501,2026-04-01,192,SUBHAN AUTO GULSHAN 13D,3000.0,,1,N,0
502,2026-04-01,177,FARHAN AUTO WATER PUMP,2000.0,,1,N,0
503,2026-04-01,176,ANSARI AUTO DASTAGIR,2000.0,,1,N,0
504,2026-04-01,51,NEW KAKAR AUTOS PIDC,20000.0,,1,N,0
505,2026-04-01,96,GHAZI AUTOS GOLARCHI,50000.0,,1,N,0
506,2026-04-01,133,YOUSUF AUTO SATO MAIL,12000.0,,1,N,0
507,2026-04-02,129,B.S AUTO AZIZABAD,15000.0,,1,N,0
508,2026-04-02,82,JUNAID AUTO AGRA TAJ,15000.0,,1,N,0
509,2026-04-02,67,JAMEEL AUTOS LEE MARKET,11000.0,,1,N,0
510,2026-04-02,199,SUFI BILAL COLONY KORANGI,10000.0,,1,N,0
511,2026-04-02,114,TAJ AUTO MEHRAN TOWN 1,10000.0,,1,N,0
512,2026-04-02,144,TAJ AUTO MEHRAN TOWN 2,8000.0,,1,N,0
513,2026-04-02,145,HUMA AUTO KORANGI,5000.0,,1,N,0
514,2026-04-02,146,ATTARI AUTO KORANGI,5000.0,,1,N,0
515,2026-04-02,173,B.S AUTO FARZAN BAK KORANGI,5000.0,,1,N,0
516,2026-04-02,181,MAKKA AUTO KORANGI 3 NUMBER,4000.0,,1,N,0
517,2026-04-02,207,B.S KORANGI 4 POOL,3000.0,,1,N,0
518,2026-04-02,208,DANISH AUTO KORANGI 51C,4000.0,,1,N,0
519,2026-04-02,191,SHAFI AUTO GULSHAN IQBAL,5000.0,,1,N,0
520,2026-04-02,189,UBAID AUTO GULLSHAN 13D,5000.0,,1,N,0
521,2026-04-02,178,B.S ALIYAN AUTO WATER PUMP,2000.0,,1,N,0
522,2026-04-02,182,SHAMA AUTO ELECTRIC W/P,1000.0,,1,N,0
523,2026-04-02,179,A.W AUTO WATER PUMP,1000.0,,1,N,0
524,2026-04-02,176,ANSARI AUTO DASTAGIR,2000.0,,1,N,0
525,2026-04-03,148,IRFAN AUTO SHAH FAISAL,5000.0,,1,N,0
526,2026-04-03,25,AZAN AUTO BADIN,100000.0,,1,N,0
527,2026-04-03,150,M UMER BADIN,50000.0,,1,N,0
528,2026-04-03,164,STAR AUTO MAYMAR,5000.0,,1,N,0
529,2026-04-04,138,ASIM BROTHERS MARKET,7000.0,,1,N,0
530,2026-04-04,147,JIJAL AUTO GHARO,25080.0,,1,N,0
531,2026-04-04,59,RIDER AUTO PARTS,200000.0,,1,N,0
532,2026-04-04,34,F.A AUTOS THATTA,50000.0,,1,N,0
533,2026-04-06,102,SALEEM MAMU,13500.0,,1,N,0
534,2026-04-06,204,MADINA AUTO AL-ASIF SQUARE,100000.0,,1,N,0
535,2026-04-06,203,MASHALLAH WATER PUMP W/RIM,15000.0,,1,N,0
536,2026-04-06,197,ALI MEHMODABAD WHEEL RIM,18000.0,,1,N,0
537,2026-04-07,20,ALI AUTOS ISLAM CHOWK,28705.0,,1,N,0
538,2026-04-07,99,FAISAL AUTOS KORANGI,5000.0,,1,N,0
539,2026-04-07,60,RIZWAN SUPPLIER KORANGI,20000.0,,1,N,0
540,2026-04-07,198,KHAN SHAHRUKH W/RIM,9000.0,,1,N,0
541,2026-04-07,68,ARIF AUTOS LANDHI,25000.0,,1,N,0
542,2026-04-07,58,RAZA AUTOS KORANGI,10000.0,,1,N,0
543,2026-04-07,101,A.R AUTOS BAGH-E-KORANGI,20000.0,,1,N,0
544,2026-04-07,153,JUNAID AUTO SHAHFAISAL,20000.0,,1,N,0
545,2026-04-07,128,ZAIB AUTO WATER PUMP,50000.0,,1,N,0
546,2026-04-07,130,ALVI AUTO BALDIA 4 NUMBER,20000.0,,1,N,0
547,2026-04-07,139,IQBAL AUTO BALDIA,5000.0,,1,N,0
548,2026-04-07,194,HAMZA KHAN WHEEL RIM,20000.0,,1,N,0
549,2026-04-07,71,HAMZA KHAN AUTOS ORANGI TOWN,10000.0,,1,N,0
550,2026-04-07,20,ALI AUTOS ISLAM CHOWK,7500.0,,1,N,0
551,2026-04-07,128,ZAIB AUTO WATER PUMP,33800.0,,1,N,0
552,2026-04-06,193,KHAN AUTO PEOPELS CHOWRANGI,2000.0,,1,N,0
553,2026-04-06,210,SHAH JI AUTO PEOPELS CHOWK,2000.0,,1,N,0
554,2026-04-06,182,SHAMA AUTO ELECTRIC W/P,1000.0,,1,N,0
555,2026-04-06,177,FARHAN AUTO WATER PUMP,1000.0,,1,N,0
556,2026-04-06,178,B.S ALIYAN AUTO WATER PUMP,2000.0,,1,N,0
557,2026-04-06,179,A.W AUTO WATER PUMP,1000.0,,1,N,0
558,2026-04-06,192,SUBHAN AUTO GULSHAN 13D,5000.0,,1,N,0
559,2026-04-06,190,ASIF AUTO SABZI MANDI,5000.0,,1,N,0
560,2026-04-06,213,YOUSUF AUTO GULLSHAN 13D,4000.0,,1,N,0
561,2026-04-06,214,YOUSUF AUTO 13D W/RIM,8250.0,,1,N,0
562,2026-04-06,217,BISMILLAH AUTO WATER PUMP,1000.0,,1,N,0
563,2026-04-06,176,ANSARI AUTO DASTAGIR,2000.0,,1,N,0
564,2026-04-07,176,ANSARI AUTO DASTAGIR,2000.0,,1,N,0
565,2026-04-07,193,KHAN AUTO PEOPELS CHOWRANGI,2000.0,,1,N,0
566,2026-04-07,179,A.W AUTO WATER PUMP,1000.0,,1,N,0
567,2026-04-07,177,FARHAN AUTO WATER PUMP,1000.0,,1,N,0
568,2026-04-07,182,SHAMA AUTO ELECTRIC W/P,1000.0,,1,N,0
569,2026-04-07,192,SUBHAN AUTO GULSHAN 13D,3000.0,,1,N,0
570,2026-04-07,213,YOUSUF AUTO GULLSHAN 13D,2000.0,,1,N,0
571,2026-04-07,216,M/S AUTO 13D W/RIM,7000.0,,1,N,0
572,2026-04-07,142,MADINA AUTO AZIZABAD,6000.0,,1,N,0
573,2026-04-07,217,BISMILLAH AUTO WATER PUMP,1000.0,,1,N,0
574,2026-04-07,149,SHEIKH AUTO PEHALWAN GOTH,14600.0,,1,N,0
575,2026-04-07,164,STAR AUTO MAYMAR,15000.0,,1,N,0
576,2026-04-07,107,NIZAM AUTO MAYMAR,5000.0,,1,N,0
577,2026-04-07,158,PAKISTAN AUTO QUAIDABAD,8000.0,,1,N,0
578,2026-04-07,93,ABBAS AUTO GULLBURG,500.0,,1,N,0
579,2026-04-07,160,HAJI IQBAL QURESHI U.P,15000.0,,1,N,0
580,2026-04-07,106,HASAN AUTO NAZIA SQUARE,2000.0,,1,N,0
581,2026-04-07,159,WAQAS AUTO BUFFER ZONE,4000.0,,1,N,0
582,2026-04-07,91,ADNAN SURJANI 7B,10000.0,,1,N,0
583,2026-04-07,81,TAYYABA AUTO SURJANI,9000.0,,1,N,0
584,2026-04-07,36,HADIA K1 NORTH NAZIMABAD,15000.0,,1,N,0
585,2026-04-07,92,OSAMA ISLAM CHOWK,15000.0,,1,N,0
586,2026-04-07,211,ZAFAR AUTO SABZI MANDI,5000.0,,1,N,0
587,2026-04-07,184,NEW-RIYAZ AUTO LIYARI 36,5000.0,,1,N,0
588,2026-04-07,90,HAMMAD SURJANI,7000.0,,1,N,0
589,2026-04-07,53,NOORANI AUTOS BADIN,100000.0,,1,N,0
590,2026-04-07,104,HAMZA AUTO MOSMIYAT,45000.0,,1,N,0
591,2026-04-07,154,HAFEEZ AUTO KHAN BELA,46960.0,,1,N,0
592,2026-04-07,62,SADIQ SONS QUETTA,62000.0,,1,N,0
593,2026-04-07,56,RAHIM BHAI CLASSIC MOTORCYCLE,100000.0,,1,N,0
594,2026-04-07,119,KARTAR AUTO CHOUARJAMALI,15000.0,,1,N,0
595,2026-04-07,97,BHITTAI AUTOS SAMARO,25280.0,,1,N,0
596,2026-04-08,168,B.S AUTO QUAIDABAD,20000.0,,1,N,0
597,2026-04-08,193,KHAN AUTO PEOPELS CHOWRANGI,2000.0,,1,N,0
598,2026-04-08,210,SHAH JI AUTO PEOPELS CHOWK,1500.0,,1,N,0
599,2026-04-08,217,BISMILLAH AUTO WATER PUMP,1000.0,,1,N,0
600,2026-04-08,179,A.W AUTO WATER PUMP,1000.0,,1,N,0
601,2026-04-08,177,FARHAN AUTO WATER PUMP,1000.0,,1,N,0
602,2026-04-08,192,SUBHAN AUTO GULSHAN 13D,1500.0,,1,N,0
603,2026-04-08,213,YOUSUF AUTO GULLSHAN 13D,1000.0,,1,N,0
604,2026-04-08,123,LUCKY AUTO WATER PUMP,5000.0,,1,N,0
605,2026-04-08,218,B.S ALIYAN WATER PUMP W/RIM,5000.0,,1,N,0
606,2026-04-09,173,B.S AUTO FARZAN BAK KORANGI,5000.0,,1,N,0
607,2026-04-09,181,MAKKA AUTO KORANGI 3 NUMBER,5000.0,,1,N,0
608,2026-04-09,207,B.S KORANGI 4 POOL,3000.0,,1,N,0
609,2026-04-09,191,SHAFI AUTO GULSHAN IQBAL,5000.0,,1,N,0
610,2026-04-09,213,YOUSUF AUTO GULLSHAN 13D,1000.0,,1,N,0
611,2026-04-09,192,SUBHAN AUTO GULSHAN 13D,3000.0,,1,N,0
612,2026-04-09,179,A.W AUTO WATER PUMP,1000.0,,1,N,0
613,2026-04-09,177,FARHAN AUTO WATER PUMP,1000.0,,1,N,0
614,2026-04-09,208,DANISH AUTO KORANGI 51C,4000.0,,1,N,0
615,2026-04-09,217,BISMILLAH AUTO WATER PUMP,1000.0,,1,N,0
616,2026-04-09,114,TAJ AUTO MEHRAN TOWN 1,10000.0,,1,N,0
617,2026-04-09,144,TAJ AUTO MEHRAN TOWN 2,7000.0,,1,N,0
618,2026-04-09,215,M/S AUTO GULLSHAN 13D,4000.0,,1,N,0
619,2026-04-09,115,HONDA KARACHI PAKISTAN CHOWK,20000.0,,1,N,0
620,2026-04-09,98,ASLAM AUTOS MARIPUR,25000.0,,1,N,0
621,2026-04-09,82,JUNAID AUTO AGRA TAJ,15000.0,,1,N,0
622,2026-04-09,77,MALIK AUTO LINES AREA,15000.0,,1,N,0
623,2026-04-09,202,RANA LANDHI W/RIM,30000.0,,1,N,0
624,2026-04-09,199,SUFI BILAL COLONY KORANGI,10000.0,,1,N,0
625,2026-04-09,195,FARHAN W/P WHEEL RIM,35000.0,,1,N,0
626,2026-04-09,141,ALI AUTO MEHMODABAD,10000.0,,1,N,0
627,2026-04-09,161,SHAYAN AUTO U.P,4000.0,,1,N,0
628,2026-04-09,185,R.R AUTO SURJANI,20000.0,,1,N,0
629,2026-04-09,79,REHMAN AUTO AJMEER NAGRI,10000.0,,1,N,0
630,2026-04-09,91,ADNAN SURJANI 7B,5000.0,,1,N,0
631,2026-04-09,17,AHMED RAZA AUTOS REHMANIA MOR,6000.0,,1,N,0
632,2026-04-10,180,ARSALAN AUTO 13D GULLSHAN,10000.0,,1,N,0
633,2026-04-10,189,UBAID AUTO GULLSHAN 13D,5000.0,,1,N,0
634,2026-04-10,213,YOUSUF AUTO GULLSHAN 13D,1000.0,,1,N,0
635,2026-04-10,178,B.S ALIYAN AUTO WATER PUMP,3000.0,,1,N,0
636,2026-04-10,175,JAPAN AUTO WATER PUMP,2000.0,,1,N,0
637,2026-04-10,177,FARHAN AUTO WATER PUMP,1000.0,,1,N,0
638,2026-04-10,182,SHAMA AUTO ELECTRIC W/P,1000.0,,1,N,0
639,2026-04-10,176,ANSARI AUTO DASTAGIR,3000.0,,1,N,0
640,2026-04-10,193,KHAN AUTO PEOPELS CHOWRANGI,2000.0,,1,N,0
641,2026-04-10,210,SHAH JI AUTO PEOPELS CHOWK,1000.0,,1,N,0
642,2026-04-10,69,WAQAS AUTOS ISLAM CHOWK,30000.0,,1,N,0
643,2026-04-10,99,FAISAL AUTOS KORANGI,6000.0,,1,N,0
644,2026-04-10,68,ARIF AUTOS LANDHI,25000.0,,1,N,0
645,2026-04-10,170,ABDUL HADI AUTO DRIG ROAD,5000.0,,1,N,0
646,2026-04-10,148,IRFAN AUTO SHAH FAISAL,10000.0,,1,N,0
647,2026-04-10,167,QADRI AUTO SHAH FAISAL,1575.0,,1,N,0
648,2026-04-10,73,HUSSAIN AUTO SHAH FAISAL,384000.0,,1,N,0
650,2026-04-10,165,ORANGZAIB AUTO SHEDAD PUR,36000.0,,1,N,0
651,2026-04-10,51,NEW KAKAR AUTOS PIDC,15000.0,,1,N,0
652,2026-04-11,132,ADNAN AUTO FAST,50000.0,,1,N,0
653,2026-04-11,171,MAMA JAMALI AUTO BADIN,50000.0,,1,N,0
654,2026-04-11,83,SINDH KOHLI SAMARO,10000.0,,1,N,0
655,2026-04-11,156,SUMAIR AUTO GOLIMAR,50000.0,,1,N,0
657,2026-04-11,25,AZAN AUTO BADIN,40000.0,,1,N,0
658,2026-04-13,104,HAMZA AUTO MOSMIYAT,60000.0,,1,N,0
659,2026-04-13,57,RANA AUTOS LANDHI,20000.0,,1,N,0
660,2026-04-13,128,ZAIB AUTO WATER PUMP,25000.0,,1,N,0
661,2026-04-13,101,A.R AUTOS BAGH-E-KORANGI,10000.0,,1,N,0
662,2026-04-13,198,KHAN SHAHRUKH W/RIM,10000.0,,1,N,0
663,2026-04-13,121,AL-KARAM AUTO MARKET,10000.0,,1,N,0
664,2026-04-13,107,NIZAM AUTO MAYMAR,10000.0,,1,N,0
665,2026-04-13,164,STAR AUTO MAYMAR,15000.0,,1,N,0
666,2026-04-13,158,PAKISTAN AUTO QUAIDABAD,9000.0,,1,N,0
667,2026-04-13,190,ASIF AUTO SABZI MANDI,5000.0,,1,N,0
668,2026-04-13,182,SHAMA AUTO ELECTRIC W/P,2000.0,,1,N,0
669,2026-04-13,178,B.S ALIYAN AUTO WATER PUMP,2000.0,,1,N,0
670,2026-04-13,179,A.W AUTO WATER PUMP,2000.0,,1,N,0
671,2026-04-13,217,BISMILLAH AUTO WATER PUMP,1000.0,,1,N,0
672,2026-04-13,177,FARHAN AUTO WATER PUMP,1000.0,,1,N,0
673,2026-04-13,175,JAPAN AUTO WATER PUMP,2000.0,,1,N,0
674,2026-04-13,53,NOORANI AUTOS BADIN,50000.0,,1,N,0
675,2026-04-13,221,WAJAHAT SUPPLIER MARKET,67200.0,,1,N,0
676,2026-04-13,138,ASIM BROTHERS MARKET,4000.0,,1,N,0
677,2026-04-13,172,FINAL AUTO MARKET,8600.0,,1,N,0
678,2026-04-13,172,FINAL AUTO MARKET,3720.0,,1,N,0
679,2026-04-13,250,MOHSIN ZIP SHOP,13470.0,,1,N,0
680,2026-04-14,116,ASIF SUPPLIER ZIP 1,45000.0,,1,N,0
681,2026-04-14,139,IQBAL AUTO BALDIA,10000.0,,1,N,0
682,2026-04-14,112,RAJPUT AUTO SABRI CHOWK ORANGI,20000.0,,1,N,0
683,2026-04-14,194,HAMZA KHAN WHEEL RIM,8500.0,,1,N,0
684,2026-04-14,71,HAMZA KHAN AUTOS ORANGI TOWN,11500.0,,1,N,0
685,2026-04-14,69,WAQAS AUTOS ISLAM CHOWK,25000.0,,1,N,0
686,2026-04-14,205,WAQAS TYRE ORANGI W/RIM,37500.0,,1,N,0
687,2026-04-14,203,MASHALLAH WATER PUMP W/RIM,8000.0,,1,N,0
688,2026-04-14,128,ZAIB AUTO WATER PUMP,37000.0,,1,N,0
689,2026-04-14,116,ASIF SUPPLIER ZIP 1,15000.0,,1,N,0
690,2026-04-15,235,QUETTA AUTO BHAINS COLONY,43200.0,,1,N,0
691,2026-04-15,168,B.S AUTO QUAIDABAD,25600.0,,1,N,0
692,2026-04-15,239,AL-HAJ AUTO MANSERA COLONY,15000.0,,1,N,0
693,2026-04-15,160,HAJI IQBAL QURESHI U.P,15000.0,,1,N,0
694,2026-04-15,36,HADIA K1 NORTH NAZIMABAD,10000.0,,1,N,0
695,2026-04-15,92,OSAMA ISLAM CHOWK,15000.0,,1,N,0
696,2026-04-15,211,ZAFAR AUTO SABZI MANDI,4000.0,,1,N,0
697,2026-04-15,105,A.H AUTO ORANGI L BLOCK,3000.0,,1,N,0
698,2026-04-15,184,NEW-RIYAZ AUTO LIYARI 36,5000.0,,1,N,0
699,2026-04-15,81,TAYYABA AUTO SURJANI,8000.0,,1,N,0
700,2026-04-15,118,OSAMA NORTH KARACHI,3000.0,,1,N,0
701,2026-04-15,153,JUNAID AUTO SHAHFAISAL,29000.0,,1,N,0
702,2026-04-15,141,ALI AUTO MEHMODABAD,17120.0,,1,N,0
703,2026-04-15,197,ALI MEHMODABAD WHEEL RIM,2880.0,,1,N,0
704,2026-04-15,77,MALIK AUTO LINES AREA,12000.0,,1,N,0
705,2026-04-15,223,ABID AUTO LUCKY STAR,2500.0,,1,N,0
706,2026-04-15,59,RIDER AUTO PARTS,100000.0,,1,N,0
707,2026-04-15,72,PRINCE AUTOS SAKRO,100000.0,,1,N,0
708,2026-04-16,209,R-K AUTO MARKET,20000.0,,1,N,0
709,2026-04-16,129,B.S AUTO AZIZABAD,12000.0,,1,N,0
710,2026-04-16,82,JUNAID AUTO AGRA TAJ,15000.0,,1,N,0
711,2026-04-16,67,JAMEEL AUTOS LEE MARKET,25500.0,,1,N,0
712,2026-04-16,101,A.R AUTOS BAGH-E-KORANGI,5000.0,,1,N,0
713,2026-04-16,243,KAZIM AUTO BAG E KORANGI,20000.0,,1,N,0
714,2026-04-15,192,SUBHAN AUTO GULSHAN 13D,3000.0,,1,N,0
715,2026-04-15,213,YOUSUF AUTO GULLSHAN 13D,1000.0,,1,N,0
716,2026-04-15,210,SHAH JI AUTO PEOPELS CHOWK,3000.0,,1,N,0
717,2026-04-15,246,NASIR AUTO PEOPELS CHORANGI,1000.0,,1,N,0
718,2026-04-15,217,BISMILLAH AUTO WATER PUMP,1000.0,,1,N,0
719,2026-04-15,179,A.W AUTO WATER PUMP,1000.0,,1,N,0
720,2026-04-15,178,B.S ALIYAN AUTO WATER PUMP,2000.0,,1,N,0
721,2026-04-15,175,JAPAN AUTO WATER PUMP,1500.0,,1,N,0
722,2026-04-15,182,SHAMA AUTO ELECTRIC W/P,1000.0,,1,N,0
723,2026-04-15,176,ANSARI AUTO DASTAGIR,3000.0,,1,N,0
724,2026-04-15,142,MADINA AUTO AZIZABAD,3000.0,,1,N,0
725,2026-04-16,199,SUFI BILAL COLONY KORANGI,10000.0,,1,N,0
726,2026-04-16,144,TAJ AUTO MEHRAN TOWN 2,7000.0,,1,N,0
727,2026-04-16,114,TAJ AUTO MEHRAN TOWN 1,8000.0,,1,N,0
728,2026-04-16,181,MAKKA AUTO KORANGI 3 NUMBER,5000.0,,1,N,0
729,2026-04-16,198,KHAN SHAHRUKH W/RIM,10000.0,,1,N,0
730,2026-04-16,208,DANISH AUTO KORANGI 51C,3000.0,,1,N,0
731,2026-04-16,51,NEW KAKAR AUTOS PIDC,15000.0,,1,N,0
732,2026-04-16,224,TIGER,5150.0,,1,N,0
733,2026-04-10,201,SUMAIR GOLIMAR W/RIM,20000.0,,1,N,0
734,2026-04-17,68,ARIF AUTOS LANDHI,20000.0,,1,N,0
735,2026-04-17,121,AL-KARAM AUTO MARKET,10000.0,,1,N,0
736,2026-04-17,57,RANA AUTOS LANDHI,30000.0,,1,N,0
737,2026-04-17,174,FAROOQ AUTO SHAH FAISAL,10000.0,,1,N,0
738,2026-04-17,248,FAISAL AUTO AZEEM PURA,10000.0,,1,N,0
739,2026-04-17,170,ABDUL HADI AUTO DRIG ROAD,5000.0,,1,N,0
740,2026-04-17,167,QADRI AUTO SHAH FAISAL,5000.0,,1,N,0
741,2026-04-17,238,IMRAN AUTO SHER PAO,4000.0,,1,N,0
742,2026-04-17,109,BABU AUTO SINDHI HOTEL,6000.0,,1,N,0
743,2026-04-17,191,SHAFI AUTO GULSHAN IQBAL,5000.0,,1,N,0
744,2026-04-17,215,M/S AUTO GULLSHAN 13D,5000.0,,1,N,0
745,2026-04-17,189,UBAID AUTO GULLSHAN 13D,4500.0,,1,N,0
746,2026-04-17,192,SUBHAN AUTO GULSHAN 13D,3000.0,,1,N,0
747,2026-04-17,213,YOUSUF AUTO GULLSHAN 13D,1000.0,,1,N,0
748,2026-04-17,217,BISMILLAH AUTO WATER PUMP,1000.0,,1,N,0
749,2026-04-17,179,A.W AUTO WATER PUMP,1000.0,,1,N,0
750,2026-04-17,175,JAPAN AUTO WATER PUMP,2000.0,,1,N,0
751,2026-04-17,178,B.S ALIYAN AUTO WATER PUMP,1500.0,,1,N,0
752,2026-04-17,177,FARHAN AUTO WATER PUMP,1000.0,,1,N,0
753,2026-04-17,182,SHAMA AUTO ELECTRIC W/P,1000.0,,1,N,0
754,2026-04-17,123,LUCKY AUTO WATER PUMP,3000.0,,1,N,0
755,2026-04-17,246,NASIR AUTO PEOPELS CHORANGI,1000.0,,1,N,0
756,2026-04-17,173,B.S AUTO FARZAN BAK KORANGI,10000.0,,1,N,0
757,2026-04-17,146,ATTARI AUTO KORANGI,5000.0,,1,N,0
758,2026-04-17,138,ASIM BROTHERS MARKET,4000.0,,1,N,0
759,2026-04-20,228,KHALIL AUTO RABIA CITY,5000.0,,1,N,0
760,2026-04-20,107,NIZAM AUTO MAYMAR,7000.0,,1,N,0
761,2026-04-20,164,STAR AUTO MAYMAR,10000.0,,1,N,0
762,2026-04-20,158,PAKISTAN AUTO QUAIDABAD,10000.0,,1,N,0
763,2026-04-20,185,R.R AUTO SURJANI,15000.0,,1,N,0
764,2026-04-20,36,HADIA K1 NORTH NAZIMABAD,10000.0,,1,N,0
765,2026-04-20,211,ZAFAR AUTO SABZI MANDI,4000.0,,1,N,0
766,2026-04-20,159,WAQAS AUTO BUFFER ZONE,8000.0,,1,N,0
767,2026-04-20,204,MADINA AUTO AL-ASIF SQUARE,50000.0,,1,N,0
768,2026-04-20,68,ARIF AUTOS LANDHI,10000.0,,1,N,0
769,2026-04-20,200,AZAN LANDHI W/RIM,24000.0,,1,N,0
770,2026-04-20,57,RANA AUTOS LANDHI,20000.0,,1,N,0
771,2026-04-20,173,B.S AUTO FARZAN BAK KORANGI,10000.0,,1,N,0
772,2026-04-20,190,ASIF AUTO SABZI MANDI,5000.0,,1,N,0
773,2026-04-20,142,MADINA AUTO AZIZABAD,4000.0,,1,N,0
774,2026-04-20,216,M/S AUTO 13D W/RIM,8360.0,,1,N,0
775,2026-04-20,218,B.S ALIYAN WATER PUMP W/RIM,5600.0,,1,N,0
776,2026-04-20,217,BISMILLAH AUTO WATER PUMP,2000.0,,1,N,0
777,2026-04-20,179,A.W AUTO WATER PUMP,2000.0,,1,N,0
778,2026-04-20,177,FARHAN AUTO WATER PUMP,1000.0,,1,N,0
779,2026-04-20,182,SHAMA AUTO ELECTRIC W/P,1000.0,,1,N,0
780,2026-04-20,213,YOUSUF AUTO GULLSHAN 13D,1000.0,,1,N,0
781,2026-04-20,192,SUBHAN AUTO GULSHAN 13D,2500.0,,1,N,0
782,2026-04-20,210,SHAH JI AUTO PEOPELS CHOWK,1500.0,,1,N,0
783,2026-04-20,246,NASIR AUTO PEOPELS CHORANGI,2000.0,,1,N,0
784,2026-04-20,104,HAMZA AUTO MOSMIYAT,48000.0,,1,N,0
785,2026-04-21,192,SUBHAN AUTO GULSHAN 13D,3000.0,,1,N,0
786,2026-04-21,213,YOUSUF AUTO GULLSHAN 13D,1000.0,,1,N,0
787,2026-04-21,176,ANSARI AUTO DASTAGIR,2000.0,,1,N,0
788,2026-04-21,217,BISMILLAH AUTO WATER PUMP,1000.0,,1,N,0
789,2026-04-21,175,JAPAN AUTO WATER PUMP,1000.0,,1,N,0
790,2026-04-21,218,B.S ALIYAN WATER PUMP W/RIM,1200.0,,1,N,0
791,2026-04-21,177,FARHAN AUTO WATER PUMP,1000.0,,1,N,0
792,2026-04-21,246,NASIR AUTO PEOPELS CHORANGI,2500.0,,1,N,0
793,2026-04-21,112,RAJPUT AUTO SABRI CHOWK ORANGI,10000.0,,1,N,0
794,2026-04-21,130,ALVI AUTO BALDIA 4 NUMBER,10000.0,,1,N,0
795,2026-04-21,71,HAMZA KHAN AUTOS ORANGI TOWN,28500.0,,1,N,0
796,2026-04-21,20,ALI AUTOS ISLAM CHOWK,10000.0,,1,N,0
797,2026-04-21,69,WAQAS AUTOS ISLAM CHOWK,30000.0,,1,N,0
798,2026-04-21,205,WAQAS TYRE ORANGI W/RIM,30000.0,,1,N,0
799,2026-04-21,195,FARHAN W/P WHEEL RIM,2000.0,,1,N,0
800,2026-04-21,183,M.A AUTO LIYARI 36,15000.0,,1,N,0
801,2026-04-21,184,NEW-RIYAZ AUTO LIYARI 36,5000.0,,1,N,0
802,2026-04-22,115,HONDA KARACHI PAKISTAN CHOWK,20000.0,,1,N,0
803,2026-04-22,234,QUETTA AUTO SHERPAO,15000.0,,1,N,0
804,2026-04-22,236,QUETTA AUTO SHAHLATIF,10000.0,,1,N,0
805,2026-04-22,239,AL-HAJ AUTO MANSERA COLONY,10000.0,,1,N,0
806,2026-04-22,147,JIJAL AUTO GHARO,9520.0,,1,N,0
807,2026-04-22,141,ALI AUTO MEHMODABAD,20000.0,,1,N,0
808,2026-04-22,73,HUSSAIN AUTO SHAH FAISAL,300000.0,,1,N,0
809,2026-04-11,150,M UMER BADIN,30000.0,,1,N,0
810,2026-04-23,51,NEW KAKAR AUTOS PIDC,15000.0,,1,N,0
811,2026-04-23,25,AZAN AUTO BADIN,33000.0,,1,N,0
812,2026-04-23,132,ADNAN AUTO FAST,50000.0,,1,N,0
813,2026-04-23,137,KHAN SHAHRUKH AUTO KORANGI,10000.0,,1,N,0
814,2026-04-23,227,HASNAIN AUTO KORANGI 51 A,5000.0,,1,N,0
815,2026-04-23,208,DANISH AUTO KORANGI 51C,3000.0,,1,N,0
816,2026-04-23,207,B.S KORANGI 4 POOL,3000.0,,1,N,0
817,2026-04-23,181,MAKKA AUTO KORANGI 3 NUMBER,5000.0,,1,N,0
818,2026-04-23,199,SUFI BILAL COLONY KORANGI,6880.0,,1,N,0
819,2026-04-23,144,TAJ AUTO MEHRAN TOWN 2,5000.0,,1,N,0
820,2026-04-23,192,SUBHAN AUTO GULSHAN 13D,7000.0,,1,N,0
821,2026-04-23,213,YOUSUF AUTO GULLSHAN 13D,2000.0,,1,N,0
822,2026-04-23,215,M/S AUTO GULLSHAN 13D,10000.0,,1,N,0
823,2026-04-23,177,FARHAN AUTO WATER PUMP,1000.0,,1,N,0
824,2026-04-23,178,B.S ALIYAN AUTO WATER PUMP,2000.0,,1,N,0
825,2026-04-23,175,JAPAN AUTO WATER PUMP,1000.0,,1,N,0
826,2026-04-23,179,A.W AUTO WATER PUMP,2000.0,,1,N,0
827,2026-04-23,246,NASIR AUTO PEOPELS CHORANGI,1000.0,,1,N,0
828,2026-04-23,217,BISMILLAH AUTO WATER PUMP,1000.0,,1,N,0
829,2026-04-23,182,SHAMA AUTO ELECTRIC W/P,1000.0,,1,N,0
830,2026-04-23,129,B.S AUTO AZIZABAD,12000.0,,1,N,0
831,2026-04-23,98,ASLAM AUTOS MARIPUR,30000.0,,1,N,0
832,2026-04-23,82,JUNAID AUTO AGRA TAJ,15000.0,,1,N,0
833,2026-04-23,128,ZAIB AUTO WATER PUMP,30000.0,,1,N,0
834,2026-04-23,77,MALIK AUTO LINES AREA,10000.0,,1,N,0
835,2026-04-24,68,ARIF AUTOS LANDHI,20000.0,,1,N,0
836,2026-04-24,242,KING AUTO BEHAR COLONY,7000.0,,1,N,0
837,2026-04-24,99,FAISAL AUTOS KORANGI,7000.0,,1,N,0
838,2026-04-24,101,A.R AUTOS BAGH-E-KORANGI,34000.0,,1,N,0
839,2026-04-24,246,NASIR AUTO PEOPELS CHORANGI,1000.0,,1,N,0
840,2026-04-24,210,SHAH JI AUTO PEOPELS CHOWK,1000.0,,1,N,0
841,2026-04-24,179,A.W AUTO WATER PUMP,1000.0,,1,N,0
842,2026-04-24,178,B.S ALIYAN AUTO WATER PUMP,2000.0,,1,N,0
843,2026-04-24,175,JAPAN AUTO WATER PUMP,1000.0,,1,N,0
844,2026-04-24,177,FARHAN AUTO WATER PUMP,1000.0,,1,N,0
845,2026-04-24,182,SHAMA AUTO ELECTRIC W/P,1000.0,,1,N,0
846,2026-04-24,176,ANSARI AUTO DASTAGIR,2000.0,,1,N,0
847,2026-04-24,213,YOUSUF AUTO GULLSHAN 13D,1000.0,,1,N,0
848,2026-04-24,161,SHAYAN AUTO U.P,3000.0,,1,N,0
849,2026-04-24,248,FAISAL AUTO AZEEM PURA,10000.0,,1,N,0
850,2026-04-24,148,IRFAN AUTO SHAH FAISAL,10000.0,,1,N,0
851,2026-04-24,167,QADRI AUTO SHAH FAISAL,5000.0,,1,N,0
852,2026-04-24,238,IMRAN AUTO SHER PAO,4000.0,,1,N,0
853,2026-04-24,161,SHAYAN AUTO U.P,2000.0,,1,N,0
854,2026-04-24,133,YOUSUF AUTO SATO MAIL,5000.0,,1,N,0
855,2026-04-24,103,GHOUSIA AUTO JHUDDO,13560.0,,1,N,0
856,2026-04-24,150,M UMER BADIN,20000.0,,1,N,0
857,2026-04-25,186,MAMA ASHFAQ BADIN,20000.0,,1,N,0
858,2026-04-27,192,SUBHAN AUTO GULSHAN 13D,5000.0,,1,N,0
859,2026-04-27,142,MADINA AUTO AZIZABAD,6000.0,,1,N,0
860,2026-04-27,213,YOUSUF AUTO GULLSHAN 13D,2000.0,,1,N,0
861,2026-04-27,246,NASIR AUTO PEOPELS CHORANGI,1000.0,,1,N,0
862,2026-04-27,217,BISMILLAH AUTO WATER PUMP,2000.0,,1,N,0
863,2026-04-27,179,A.W AUTO WATER PUMP,2000.0,,1,N,0
864,2026-04-27,178,B.S ALIYAN AUTO WATER PUMP,4000.0,,1,N,0
865,2026-04-27,175,JAPAN AUTO WATER PUMP,5000.0,,1,N,0
866,2026-04-27,182,SHAMA AUTO ELECTRIC W/P,2000.0,,1,N,0
867,2026-04-27,228,KHALIL AUTO RABIA CITY,5000.0,,1,N,0
868,2026-04-27,253,IZZAT AGA AUTO RABIA CITY,5000.0,,1,N,0
869,2026-04-27,107,NIZAM AUTO MAYMAR,6000.0,,1,N,0
870,2026-04-27,68,ARIF AUTOS LANDHI,20000.0,,1,N,0
871,2026-04-27,57,RANA AUTOS LANDHI,33000.0,,1,N,0
872,2026-04-27,204,MADINA AUTO AL-ASIF SQUARE,37350.0,,1,N,0
873,2026-04-27,36,HADIA K1 NORTH NAZIMABAD,10000.0,,1,N,0
874,2026-04-27,162,M.S MURAD ORANGI,2500.0,,1,N,0
875,2026-04-27,165,ORANGZAIB AUTO SHEDAD PUR,10000.0,,1,N,0
876,2026-04-27,171,MAMA JAMALI AUTO BADIN,37000.0,,1,N,0
877,2026-04-27,252,OKASHA MEHAR,64800.0,,1,N,0
878,2026-04-27,169,TAYYAB AUTO MEHMODABAD,25000.0,,1,N,0
879,2026-04-28,138,ASIM BROTHERS MARKET,10000.0,,1,N,0
880,2026-04-28,197,ALI MEHMODABAD WHEEL RIM,18000.0,,1,N,0
881,2026-04-28,139,IQBAL AUTO BALDIA,16000.0,,1,N,0
882,2026-04-28,112,RAJPUT AUTO SABRI CHOWK ORANGI,10000.0,,1,N,0
883,2026-04-28,205,WAQAS TYRE ORANGI W/RIM,30000.0,,1,N,0
884,2026-04-28,20,ALI AUTOS ISLAM CHOWK,10000.0,,1,N,0
885,2026-04-28,25,AZAN AUTO BADIN,70000.0,,1,N,0
886,2026-04-28,154,HAFEEZ AUTO KHAN BELA,100000.0,,1,N,0
887,2026-04-29,79,REHMAN AUTO AJMEER NAGRI,6000.0,,1,N,0
888,2026-04-29,183,M.A AUTO LIYARI 36,30000.0,,1,N,0
889,2026-04-29,184,NEW-RIYAZ AUTO LIYARI 36,5000.0,,1,N,0
890,2026-04-29,115,HONDA KARACHI PAKISTAN CHOWK,20000.0,,1,N,0
891,2026-04-29,226,QISMAT AUTO TANDO GHULAM ALI,37350.0,,1,N,0
892,2026-04-29,186,MAMA ASHFAQ BADIN,9710.0,,1,N,0
893,2026-04-29,191,SHAFI AUTO GULSHAN IQBAL,10000.0,,1,N,0
894,2026-04-29,175,JAPAN AUTO WATER PUMP,1000.0,,1,N,0
895,2026-04-29,180,ARSALAN AUTO 13D GULLSHAN,6500.0,,1,N,0
896,2026-04-29,254,WARSI AUTO NAZIMABAD,3000.0,,1,N,0
897,2026-04-29,192,SUBHAN AUTO GULSHAN 13D,3000.0,,1,N,0
898,2026-04-29,246,NASIR AUTO PEOPELS CHORANGI,2000.0,,1,N,0
899,2026-04-29,210,SHAH JI AUTO PEOPELS CHOWK,1500.0,,1,N,0
900,2026-04-29,217,BISMILLAH AUTO WATER PUMP,1000.0,,1,N,0
901,2026-04-29,213,YOUSUF AUTO GULLSHAN 13D,1000.0,,1,N,0
902,2026-04-29,178,B.S ALIYAN AUTO WATER PUMP,3000.0,,1,N,0
903,2026-04-29,177,FARHAN AUTO WATER PUMP,1000.0,,1,N,0
904,2026-04-29,182,SHAMA AUTO ELECTRIC W/P,1000.0,,1,N,0
905,2026-04-29,176,ANSARI AUTO DASTAGIR,2000.0,,1,N,0
906,2026-04-29,187,NASEER AUTO VINDER,25000.0,,1,N,0
907,2026-04-29,121,AL-KARAM AUTO MARKET,10000.0,,1,N,0
908,2026-04-30,215,M/S AUTO GULLSHAN 13D,10000.0,,1,N,0
909,2026-04-30,199,SUFI BILAL COLONY KORANGI,3000.0,,1,N,0
910,2026-04-30,181,MAKKA AUTO KORANGI 3 NUMBER,3000.0,,1,N,0
911,2026-04-30,207,B.S KORANGI 4 POOL,4100.0,,1,N,0
912,2026-04-30,208,DANISH AUTO KORANGI 51C,2500.0,,1,N,0
913,2026-04-30,189,UBAID AUTO GULLSHAN 13D,5000.0,,1,N,0
914,2026-04-30,213,YOUSUF AUTO GULLSHAN 13D,1000.0,,1,N,0
915,2026-04-30,227,HASNAIN AUTO KORANGI 51 A,4000.0,,1,N,0
916,2026-04-30,192,SUBHAN AUTO GULSHAN 13D,5000.0,,1,N,0
917,2026-04-30,144,TAJ AUTO MEHRAN TOWN 2,5000.0,,1,N,0
918,2026-04-30,173,B.S AUTO FARZAN BAK KORANGI,2500.0,,1,N,0
919,2026-04-30,145,HUMA AUTO KORANGI,1450.0,,1,N,0
920,2026-04-30,243,KAZIM AUTO BAG E KORANGI,3220.0,,1,N,0
921,2026-04-30,244,SAHIBZADA AUTO 89 MKT,6000.0,,1,N,0
922,2026-04-30,220,SHAFI AUTO MEMON GOTH,18400.0,,1,N,0
923,2026-04-30,128,ZAIB AUTO WATER PUMP,30000.0,,1,N,0
924,2026-04-30,197,ALI MEHMODABAD WHEEL RIM,12000.0,,1,N,0
925,2026-04-30,77,MALIK AUTO LINES AREA,8000.0,,1,N,0
926,2026-04-30,98,ASLAM AUTOS MARIPUR,20000.0,,1,N,0
927,2026-04-30,82,JUNAID AUTO AGRA TAJ,18000.0,,1,N,0
928,2026-04-30,67,JAMEEL AUTOS LEE MARKET,25000.0,,1,N,0
929,2026-04-30,174,FAROOQ AUTO SHAH FAISAL,15000.0,,1,N,0
930,2026-04-30,96,GHAZI AUTOS GOLARCHI,50000.0,,1,N,0
931,2026-04-30,133,YOUSUF AUTO SATO MAIL,15000.0,,1,N,0
932,2026-04-30,51,NEW KAKAR AUTOS PIDC,15000.0,,1,N,0
933,2026-05-02,154,HAFEEZ AUTO KHAN BELA,100000.0,,1,N,0
934,2026-05-02,248,FAISAL AUTO AZEEM PURA,5000.0,,1,N,0
935,2026-05-02,170,ABDUL HADI AUTO DRIG ROAD,10500.0,,1,N,0
936,2026-05-02,245,IMRAN AUTO MALIR,8000.0,,1,N,0
937,2026-05-02,148,IRFAN AUTO SHAH FAISAL,10000.0,,1,N,0
938,2026-05-02,158,PAKISTAN AUTO QUAIDABAD,10000.0,,1,N,0
939,2026-05-02,232,UNIQUE TRADERS KALA BOARD,13150.0,,1,N,0
941,2026-05-02,132,ADNAN AUTO FAST,50000.0,,1,N,0
942,2026-05-02,166,M.A AUTO VINDER,13000.0,,1,N,0
943,2026-05-04,104,HAMZA AUTO MOSMIYAT,50000.0,,1,N,0
944,2026-05-04,265,ARIF AUTO RAHIM YAR KHAN,20000.0,,1,N,0
945,2026-05-04,107,NIZAM AUTO MAYMAR,6000.0,,1,N,0
946,2026-05-04,164,STAR AUTO MAYMAR,7775.0,,1,N,0
947,2026-05-04,158,PAKISTAN AUTO QUAIDABAD,5000.0,,1,N,0
948,2026-05-04,185,R.R AUTO SURJANI,20000.0,,1,N,0
949,2026-05-04,91,ADNAN SURJANI 7B,5000.0,,1,N,0
950,2026-05-04,106,HASAN AUTO NAZIA SQUARE,4000.0,,1,N,0
951,2026-05-04,79,REHMAN AUTO AJMEER NAGRI,8000.0,,1,N,0
952,2026-05-04,160,HAJI IQBAL QURESHI U.P,13000.0,,1,N,0
953,2026-05-04,161,SHAYAN AUTO U.P,5000.0,,1,N,0
954,2026-05-04,36,HADIA K1 NORTH NAZIMABAD,15000.0,,1,N,0
955,2026-05-04,92,OSAMA ISLAM CHOWK,15000.0,,1,N,0
956,2026-05-04,162,M.S MURAD ORANGI,3000.0,,1,N,0
957,2026-05-04,105,A.H AUTO ORANGI L BLOCK,2570.0,,1,N,0
958,2026-05-04,129,B.S AUTO AZIZABAD,15000.0,,1,N,0
959,2026-05-04,57,RANA AUTOS LANDHI,44000.0,,1,N,0
960,2026-05-04,99,FAISAL AUTOS KORANGI,6000.0,,1,N,0
961,2026-05-04,101,A.R AUTOS BAGH-E-KORANGI,10000.0,,1,N,0
962,2026-05-04,174,FAROOQ AUTO SHAH FAISAL,7000.0,,1,N,0
963,2026-05-04,153,JUNAID AUTO SHAHFAISAL,35400.0,,1,N,0
964,2026-05-04,142,MADINA AUTO AZIZABAD,5000.0,,1,N,0
965,2026-05-04,177,FARHAN AUTO WATER PUMP,20000.0,,1,N,0
966,2026-05-04,178,B.S ALIYAN AUTO WATER PUMP,3000.0,,1,N,0
967,2026-05-04,246,NASIR AUTO PEOPELS CHORANGI,2500.0,,1,N,0
968,2026-05-04,270,SARWAR AUTO PEOPELS CHOWRANGI,1500.0,,1,N,0
969,2026-05-04,271,SALEEM AUTO PEOPELS CHOWRANGI,2000.0,,1,N,0
970,2026-05-04,213,YOUSUF AUTO GULLSHAN 13D,1000.0,,1,N,0
971,2026-05-04,210,SHAH JI AUTO PEOPELS CHOWK,2000.0,,1,N,0
972,2026-05-04,217,BISMILLAH AUTO WATER PUMP,2000.0,,1,N,0
973,2026-05-04,182,SHAMA AUTO ELECTRIC W/P,1000.0,,1,N,0
974,2026-05-04,176,ANSARI AUTO DASTAGIR,2000.0,,1,N,0
975,2026-05-04,175,JAPAN AUTO WATER PUMP,2000.0,,1,N,0
976,2026-05-04,146,ATTARI AUTO KORANGI,4900.0,,1,N,0
977,2026-05-04,173,B.S AUTO FARZAN BAK KORANGI,1500.0,,1,N,0
978,2026-05-05,169,TAYYAB AUTO MEHMODABAD,30000.0,,1,N,0
979,2026-05-05,233,SHAMIM AUTO KALA BOARD,3000.0,,1,N,0
980,2026-05-05,260,ASAD AUTO MALIR,3000.0,,1,N,0
981,2026-05-05,256,PARTS WALA AUTO LANDHI 6,8000.0,,1,N,0
982,2026-05-05,130,ALVI AUTO BALDIA 4 NUMBER,10000.0,,1,N,0
983,2026-05-05,139,IQBAL AUTO BALDIA,5000.0,,1,N,0
984,2026-05-05,112,RAJPUT AUTO SABRI CHOWK ORANGI,10000.0,,1,N,0
985,2026-05-05,20,ALI AUTOS ISLAM CHOWK,10000.0,,1,N,0
986,2026-05-05,71,HAMZA KHAN AUTOS ORANGI TOWN,19600.0,,1,N,0
987,2026-05-05,69,WAQAS AUTOS ISLAM CHOWK,48000.0,,1,N,0
988,2026-05-05,259,IMRAN AUTO PEHALWAN GOTH,5000.0,,1,N,0
989,2026-05-05,266,MADNI AUTO PEHALWAN GOTH,5000.0,,1,N,0
990,2026-05-05,270,SARWAR AUTO PEOPELS CHOWRANGI,2000.0,,1,N,0
991,2026-05-05,178,B.S ALIYAN AUTO WATER PUMP,1000.0,,1,N,0
992,2026-05-05,213,YOUSUF AUTO GULLSHAN 13D,2000.0,,1,N,0
993,2026-05-05,217,BISMILLAH AUTO WATER PUMP,1000.0,,1,N,0
994,2026-05-05,182,SHAMA AUTO ELECTRIC W/P,1000.0,,1,N,0
995,2026-05-05,216,M/S AUTO 13D W/RIM,8400.0,,1,N,0
996,2026-05-05,73,HUSSAIN AUTO SHAH FAISAL,300000.0,,1,N,0
997,2026-05-06,159,WAQAS AUTO BUFFER ZONE,5000.0,,1,N,0
998,2026-05-06,183,M.A AUTO LIYARI 36,17500.0,,1,N,0
999,2026-05-06,184,NEW-RIYAZ AUTO LIYARI 36,5000.0,,1,N,0
1000,2026-05-06,211,ZAFAR AUTO SABZI MANDI,6000.0,,1,N,0
1001,2026-05-06,158,PAKISTAN AUTO QUAIDABAD,5000.0,,1,N,0
1002,2026-05-06,245,IMRAN AUTO MALIR,6000.0,,1,N,0
1003,2026-05-06,237,J&B AUTO SHAH LATIF,15000.0,,1,N,0
1004,2026-05-06,234,QUETTA AUTO SHERPAO,15500.0,,1,N,0
1005,2026-05-06,138,ASIM BROTHERS MARKET,10000.0,,1,N,0
1006,2026-05-07,141,ALI AUTO MEHMODABAD,10000.0,,1,N,0
1007,2026-05-07,223,ABID AUTO LUCKY STAR,3000.0,,1,N,0
1008,2026-05-07,77,MALIK AUTO LINES AREA,10000.0,,1,N,0
1009,2026-05-07,129,B.S AUTO AZIZABAD,10000.0,,1,N,0
1010,2026-05-07,98,ASLAM AUTOS MARIPUR,10000.0,,1,N,0
1011,2026-05-07,82,JUNAID AUTO AGRA TAJ,25000.0,,1,N,0
1012,2026-05-07,67,JAMEEL AUTOS LEE MARKET,25000.0,,1,N,0
1013,2026-05-07,251,KARACHI AUTO QUAIDABAD,10000.0,,1,N,0
1014,2026-05-07,185,R.R AUTO SURJANI,20000.0,,1,N,0
1015,2026-05-07,90,HAMMAD SURJANI,2700.0,,1,N,0
1016,2026-05-07,199,SUFI BILAL COLONY KORANGI,5000.0,,1,N,0
1017,2026-05-07,144,TAJ AUTO MEHRAN TOWN 2,5000.0,,1,N,0
1018,2026-05-07,173,B.S AUTO FARZAN BAK KORANGI,4000.0,,1,N,0
1019,2026-05-07,181,MAKKA AUTO KORANGI 3 NUMBER,5000.0,,1,N,0
1020,2026-05-07,207,B.S KORANGI 4 POOL,3000.0,,1,N,0
1021,2026-05-07,137,KHAN SHAHRUKH AUTO KORANGI,10000.0,,1,N,0
1022,2026-05-07,208,DANISH AUTO KORANGI 51C,7705.0,,1,N,0
1023,2026-05-07,177,FARHAN AUTO WATER PUMP,10000.0,,1,N,0
1024,2026-05-07,217,BISMILLAH AUTO WATER PUMP,1000.0,,1,N,0
1025,2026-05-07,178,B.S ALIYAN AUTO WATER PUMP,2000.0,,1,N,0
1026,2026-05-07,175,JAPAN AUTO WATER PUMP,2000.0,,1,N,0
1027,2026-05-07,182,SHAMA AUTO ELECTRIC W/P,2000.0,,1,N,0
1028,2026-05-07,246,NASIR AUTO PEOPELS CHORANGI,3000.0,,1,N,0
1029,2026-05-07,271,SALEEM AUTO PEOPELS CHOWRANGI,1000.0,,1,N,0
1030,2026-05-07,176,ANSARI AUTO DASTAGIR,2000.0,,1,N,0
1031,2026-05-07,213,YOUSUF AUTO GULLSHAN 13D,2000.0,,1,N,0
1032,2026-05-07,51,NEW KAKAR AUTOS PIDC,15000.0,,1,N,0
1033,2026-05-08,68,ARIF AUTOS LANDHI,20000.0,,1,N,0
1034,2026-05-08,205,WAQAS TYRE ORANGI W/RIM,16200.0,,1,N,0
1035,2026-05-08,174,FAROOQ AUTO SHAH FAISAL,5000.0,,1,N,0
1036,2026-05-08,196,MAMA A-1 13D WHEEL RIM,16000.0,,1,N,0
1037,2026-05-08,192,SUBHAN AUTO GULSHAN 13D,5000.0,,1,N,0
1038,2026-05-08,215,M/S AUTO GULLSHAN 13D,7000.0,,1,N,0
1039,2026-05-08,189,UBAID AUTO GULLSHAN 13D,5000.0,,1,N,0
1040,2026-05-08,213,YOUSUF AUTO GULLSHAN 13D,1000.0,,1,N,0
1041,2026-05-08,217,BISMILLAH AUTO WATER PUMP,1000.0,,1,N,0
1042,2026-05-08,178,B.S ALIYAN AUTO WATER PUMP,2000.0,,1,N,0
1043,2026-05-08,182,SHAMA AUTO ELECTRIC W/P,1000.0,,1,N,0
1044,2026-05-08,123,LUCKY AUTO WATER PUMP,2000.0,,1,N,0
1045,2026-05-08,246,NASIR AUTO PEOPELS CHORANGI,1000.0,,1,N,0
1046,2026-05-08,271,SALEEM AUTO PEOPELS CHOWRANGI,1000.0,,1,N,0
1047,2026-05-08,227,HASNAIN AUTO KORANGI 51 A,4000.0,,1,N,0
1048,2026-05-08,248,FAISAL AUTO AZEEM PURA,10000.0,,1,N,0
1049,2026-05-08,170,ABDUL HADI AUTO DRIG ROAD,5000.0,,1,N,0
1050,2026-05-08,148,IRFAN AUTO SHAH FAISAL,10000.0,,1,N,0
1051,2026-05-08,167,QADRI AUTO SHAH FAISAL,5000.0,,1,N,0
1052,2026-05-08,79,REHMAN AUTO AJMEER NAGRI,5000.0,,1,N,0
1053,2026-05-08,116,ASIF SUPPLIER ZIP 1,18500.0,,1,N,0
1054,2026-05-08,138,ASIM BROTHERS MARKET,5000.0,,1,N,0
1055,2026-05-09,132,ADNAN AUTO FAST,40000.0,,1,N,0
1056,2026-05-02,238,IMRAN AUTO SHER PAO,4000.0,,1,N,0
1057,2026-05-02,228,KHALIL AUTO RABIA CITY,5000.0,,1,N,0
1058,2026-05-02,75,YASIR AUTOS SACHAL GOTH,5000.0,,1,N,0
1059,2026-05-02,27,B.S BAKHTAWAR GOTH,10000.0,,1,N,0
1060,2026-05-02,253,IZZAT AGA AUTO RABIA CITY,5000.0,,1,N,0
1061,2026-04-27,27,B.S BAKHTAWAR GOTH,5000.0,,1,N,0
1062,2026-05-09,27,B.S BAKHTAWAR GOTH,8000.0,,1,N,0
1063,2026-05-09,149,SHEIKH AUTO PEHALWAN GOTH,10000.0,,1,N,0
1064,2026-05-09,228,KHALIL AUTO RABIA CITY,5000.0,,1,N,0
1065,2026-05-09,253,IZZAT AGA AUTO RABIA CITY,5000.0,,1,N,0
1066,2026-05-11,107,NIZAM AUTO MAYMAR,5000.0,,1,N,0
1067,2026-05-11,282,SALEEM AUTO MAYMAR,5000.0,,1,N,0
1068,2026-05-11,269,M/S AUTO SACHAL,3000.0,,1,N,0
1069,2026-05-11,281,SUBHAN ALLAH AUTO SACHAL,5000.0,,1,N,0
1070,2026-05-11,158,PAKISTAN AUTO QUAIDABAD,10000.0,,1,N,0
1071,2026-05-11,92,OSAMA ISLAM CHOWK,5000.0,,1,N,0
1072,2026-05-11,266,MADNI AUTO PEHALWAN GOTH,7000.0,,1,N,0
1073,2026-05-11,267,HAFIZ AUTO PEHALWAN GOTH,5000.0,,1,N,0
1074,2026-05-11,190,ASIF AUTO SABZI MANDI,5000.0,,1,N,0
1075,2026-05-11,192,SUBHAN AUTO GULSHAN 13D,2000.0,,1,N,0
1076,2026-05-11,213,YOUSUF AUTO GULLSHAN 13D,1000.0,,1,N,0
1077,2026-05-11,217,BISMILLAH AUTO WATER PUMP,1000.0,,1,N,0
1078,2026-05-11,182,SHAMA AUTO ELECTRIC W/P,2000.0,,1,N,0
1079,2026-05-11,210,SHAH JI AUTO PEOPELS CHOWK,1000.0,,1,N,0
1080,2026-05-11,270,SARWAR AUTO PEOPELS CHOWRANGI,1500.0,,1,N,0
1081,2026-05-11,246,NASIR AUTO PEOPELS CHORANGI,4000.0,,1,N,0
1082,2026-05-11,191,SHAFI AUTO GULSHAN IQBAL,7000.0,,1,N,0
1083,2026-05-11,176,ANSARI AUTO DASTAGIR,1000.0,,1,N,0
1084,2026-05-11,175,JAPAN AUTO WATER PUMP,1000.0,,1,N,0
1085,2026-05-11,142,MADINA AUTO AZIZABAD,5000.0,,1,N,0
1086,2026-05-11,271,SALEEM AUTO PEOPELS CHOWRANGI,2000.0,,1,N,0
1087,2026-05-11,104,HAMZA AUTO MOSMIYAT,43000.0,,1,N,0
1088,2026-05-12,220,SHAFI AUTO MEMON GOTH,10000.0,,1,N,0
1089,2026-05-12,219,I.S AUTO PEHALWAN GOTH,10000.0,,1,N,0
1090,2026-05-12,279,HABIB AUTO MAYMAR,5000.0,,7,N,0
1091,2026-05-12,273,RIZWAN AUTO MALIR,5000.0,,1,N,0
1092,2026-05-12,233,SHAMIM AUTO KALA BOARD,4000.0,,1,N,0
1093,2026-05-12,260,ASAD AUTO MALIR,2000.0,,1,N,0
1094,2026-05-12,256,PARTS WALA AUTO LANDHI 6,8000.0,,1,N,0
1095,2026-05-12,68,ARIF AUTOS LANDHI,10000.0,,1,N,0
1096,2026-05-12,101,A.R AUTOS BAGH-E-KORANGI,10000.0,,1,N,0
1097,2026-05-12,139,IQBAL AUTO BALDIA,8000.0,,1,N,0
1098,2026-05-12,71,HAMZA KHAN AUTOS ORANGI TOWN,10000.0,,1,N,0
1099,2026-05-12,20,ALI AUTOS ISLAM CHOWK,10000.0,,1,N,0
1100,2026-05-12,69,WAQAS AUTOS ISLAM CHOWK,10000.0,,1,N,0
1101,2026-05-12,36,HADIA K1 NORTH NAZIMABAD,10000.0,,1,N,0
1102,2026-05-12,240,AKBER AUTO LIYARI 36,11000.0,,1,N,0
1103,2026-05-12,154,HAFEEZ AUTO KHAN BELA,50000.0,,1,N,0
1104,2026-05-12,157,ASGHER AUTO UP,50000.0,,1,N,0
1105,2026-05-12,293,SIDDIQUE AUTO LANDHI,7900.0,jenretor reparing exp,1,N,0
1106,2026-05-12,102,SALEEM MAMU,44000.0,,1,N,0
1107,2026-05-13,25,AZAN AUTO BADIN,100000.0,,1,N,0
1108,2026-05-13,169,TAYYAB AUTO MEHMODABAD,10000.0,,1,N,0
1109,2026-05-13,116,ASIF SUPPLIER ZIP 1,15000.0,,1,N,0
1110,2026-05-13,231,STAR AUTO MALIR,25000.0,,1,N,0
1111,2026-05-13,168,B.S AUTO QUAIDABAD,24800.0,,1,N,0
1112,2026-05-13,244,SAHIBZADA AUTO 89 MKT,4000.0,,1,N,0
1113,2026-05-13,268,HANAN AUTO NAZIMABAD,3000.0,,1,N,0
1114,2026-05-13,254,WARSI AUTO NAZIMABAD,3000.0,,1,N,0
1115,2026-05-13,217,BISMILLAH AUTO WATER PUMP,1000.0,,1,N,0
1116,2026-05-13,178,B.S ALIYAN AUTO WATER PUMP,3000.0,,1,N,0
1117,2026-05-13,270,SARWAR AUTO PEOPELS CHOWRANGI,1500.0,,1,N,0
1118,2026-05-13,271,SALEEM AUTO PEOPELS CHOWRANGI,1000.0,,1,N,0
1119,2026-05-13,213,YOUSUF AUTO GULLSHAN 13D,2000.0,,1,N,0
1120,2026-05-13,192,SUBHAN AUTO GULSHAN 13D,3000.0,,1,N,0
1121,2026-05-13,246,NASIR AUTO PEOPELS CHORANGI,1500.0,,1,N,0
1122,2026-05-13,176,ANSARI AUTO DASTAGIR,1000.0,,1,N,0
1123,2026-05-14,115,HONDA KARACHI PAKISTAN CHOWK,20000.0,,1,N,0
1124,2026-05-14,199,SUFI BILAL COLONY KORANGI,5000.0,,1,N,0
1125,2026-05-14,144,TAJ AUTO MEHRAN TOWN 2,5000.0,,1,N,0
1126,2026-05-14,173,B.S AUTO FARZAN BAK KORANGI,3000.0,,1,N,0
1127,2026-05-14,181,MAKKA AUTO KORANGI 3 NUMBER,4000.0,,1,N,0
1128,2026-05-14,227,HASNAIN AUTO KORANGI 51 A,4000.0,,1,N,0
1129,2026-05-14,137,KHAN SHAHRUKH AUTO KORANGI,5000.0,,1,N,0
1130,2026-05-14,215,M/S AUTO GULLSHAN 13D,5000.0,,1,N,0
1131,2026-05-14,192,SUBHAN AUTO GULSHAN 13D,3000.0,,1,N,0
1132,2026-05-14,213,YOUSUF AUTO GULLSHAN 13D,1000.0,,1,N,0
1133,2026-05-14,180,ARSALAN AUTO 13D GULLSHAN,5000.0,,1,N,0
1134,2026-05-14,217,BISMILLAH AUTO WATER PUMP,1000.0,,1,N,0
1135,2026-05-14,178,B.S ALIYAN AUTO WATER PUMP,1000.0,,1,N,0
1136,2026-05-14,182,SHAMA AUTO ELECTRIC W/P,1000.0,,1,N,0
1137,2026-05-14,175,JAPAN AUTO WATER PUMP,1000.0,,1,N,0
1138,2026-05-14,57,RANA AUTOS LANDHI,15000.0,,1,N,0
1139,2026-05-14,77,MALIK AUTO LINES AREA,5000.0,,1,N,0
1140,2026-05-14,128,ZAIB AUTO WATER PUMP,30000.0,,1,N,0
1141,2026-05-14,98,ASLAM AUTOS MARIPUR,35000.0,,1,N,0
1142,2026-05-14,67,JAMEEL AUTOS LEE MARKET,22000.0,,1,N,0
1143,2026-05-14,242,KING AUTO BEHAR COLONY,5000.0,,1,N,0
1144,2026-05-14,141,ALI AUTO MEHMODABAD,10000.0,,1,N,0
1145,2026-05-14,265,ARIF AUTO RAHIM YAR KHAN,10000.0,,1,N,0
1146,2026-05-14,81,TAYYABA AUTO SURJANI,5000.0,,1,N,0
1147,2026-05-14,187,NASEER AUTO VINDER,27950.0,,1,N,0
1148,2026-05-15,51,NEW KAKAR AUTOS PIDC,10000.0,,1,N,0
1149,2026-05-15,154,HAFEEZ AUTO KHAN BELA,24600.0,,1,N,0
1150,2026-05-15,238,IMRAN AUTO SHER PAO,4000.0,,1,N,0
1151,2026-05-15,170,ABDUL HADI AUTO DRIG ROAD,10000.0,,1,N,0
1152,2026-05-15,276,REHAN AUTO SHAH FAISAL,10000.0,,1,N,0
1153,2026-05-15,148,IRFAN AUTO SHAH FAISAL,10000.0,,1,N,0
1154,2026-05-15,167,QADRI AUTO SHAH FAISAL,5000.0,,1,N,0
1155,2026-05-15,138,ASIM BROTHERS MARKET,10000.0,,1,N,0
1156,2026-05-15,56,RAHIM BHAI CLASSIC MOTORCYCLE,50000.0,,1,N,0
1157,2026-05-18,59,RIDER AUTO PARTS,70000.0,,1,N,0
1158,2026-05-18,245,IMRAN AUTO MALIR,6000.0,,1,N,0
1159,2026-05-18,247,RIZWAN AUTO AZEEM PURA,13150.0,,1,N,0
1160,2026-05-18,149,SHEIKH AUTO PEHALWAN GOTH,10000.0,,1,N,0
1161,2026-05-18,281,SUBHAN ALLAH AUTO SACHAL,5000.0,,1,N,0
1162,2026-05-18,287,HAFEEZ AUTO GHAZI GOTH,5000.0,,1,N,0
1163,2026-05-18,279,HABIB AUTO MAYMAR,7000.0,,7,N,0
1164,2026-05-18,282,SALEEM AUTO MAYMAR,5000.0,,1,N,0
1165,2026-05-18,164,STAR AUTO MAYMAR,7250.0,,1,N,0
1166,2026-05-18,229,IMRAN AUTO FAQEERA GOTH,30300.0,,1,N,0
1167,2026-05-18,297,AWAMI AUTO FAQEERA GOTH,29400.0,,1,N,0
1168,2026-05-18,269,M/S AUTO SACHAL,3000.0,,1,N,0
1169,2026-05-18,36,HADIA K1 NORTH NAZIMABAD,15000.0,,1,N,0
1170,2026-05-18,211,ZAFAR AUTO SABZI MANDI,7500.0,,1,N,0
1171,2026-05-18,266,MADNI AUTO PEHALWAN GOTH,7000.0,,1,N,0
1172,2026-05-18,267,HAFIZ AUTO PEHALWAN GOTH,4000.0,,1,N,0
1173,2026-05-18,259,IMRAN AUTO PEHALWAN GOTH,5500.0,,1,N,0
1174,2026-05-18,246,NASIR AUTO PEOPELS CHORANGI,1500.0,,1,N,0
1175,2026-05-18,210,SHAH JI AUTO PEOPELS CHOWK,2000.0,,1,N,0
1176,2026-05-18,271,SALEEM AUTO PEOPELS CHOWRANGI,1000.0,,1,N,0
1177,2026-05-18,270,SARWAR AUTO PEOPELS CHOWRANGI,2000.0,,1,N,0
1178,2026-05-18,217,BISMILLAH AUTO WATER PUMP,1000.0,,1,N,0
1179,2026-05-18,178,B.S ALIYAN AUTO WATER PUMP,1500.0,,1,N,0
1180,2026-05-18,176,ANSARI AUTO DASTAGIR,2000.0,,1,N,0
1181,2026-05-18,213,YOUSUF AUTO GULLSHAN 13D,1000.0,,1,N,0
1182,2026-05-18,189,UBAID AUTO GULLSHAN 13D,5000.0,,1,N,0
1183,2026-05-18,129,B.S AUTO AZIZABAD,15000.0,,1,N,0
1184,2026-05-18,128,ZAIB AUTO WATER PUMP,20000.0,,1,N,0
1185,2026-05-18,26,AZAN AUTOS JIMMY LANDHI,18600.0,,1,N,0
1186,2026-05-18,68,ARIF AUTOS LANDHI,20000.0,,1,N,0
1187,2026-05-18,57,RANA AUTOS LANDHI,28000.0,,1,N,0
1188,2026-05-18,101,A.R AUTOS BAGH-E-KORANGI,10000.0,,1,N,0
1189,2026-05-18,132,ADNAN AUTO FAST,40000.0,,1,N,0
1190,2026-05-19,139,IQBAL AUTO BALDIA,5000.0,,1,N,0
1191,2026-05-19,130,ALVI AUTO BALDIA 4 NUMBER,3000.0,,1,N,0
1192,2026-05-19,112,RAJPUT AUTO SABRI CHOWK ORANGI,10000.0,,1,N,0
1193,2026-05-19,20,ALI AUTOS ISLAM CHOWK,10000.0,,1,N,0
1194,2026-05-19,71,HAMZA KHAN AUTOS ORANGI TOWN,10000.0,,1,N,0
1195,2026-05-19,69,WAQAS AUTOS ISLAM CHOWK,40000.0,,1,N,0
1196,2026-05-19,89,WAQAS TYRE TUBE ISLAM CHOWK,20000.0,,1,N,0
1197,2026-05-19,116,ASIF SUPPLIER ZIP 1,11500.0,,1,N,0
1198,2026-05-19,220,SHAFI AUTO MEMON GOTH,10000.0,,1,N,0
1199,2026-05-19,286,QUETTA AUTO BAKRA PIRI MALIR,4000.0,,1,N,0
1200,2026-05-19,273,RIZWAN AUTO MALIR,5000.0,,1,N,0
1201,2026-05-19,233,SHAMIM AUTO KALA BOARD,3000.0,,1,N,0
1202,2026-05-19,260,ASAD AUTO MALIR,2000.0,,1,N,0
1203,2026-05-19,158,PAKISTAN AUTO QUAIDABAD,10000.0,,1,N,0
1204,2026-05-19,251,KARACHI AUTO QUAIDABAD,10000.0,,1,N,0
1205,2026-05-19,256,PARTS WALA AUTO LANDHI 6,8000.0,,1,N,0
1206,2026-05-19,102,SALEEM MAMU,5000.0,,1,N,0
1207,2026-05-20,73,HUSSAIN AUTO SHAH FAISAL,200000.0,,1,N,0
1208,2026-05-20,236,QUETTA AUTO SHAHLATIF,40000.0,,1,N,0
1209,2026-05-20,237,J&B AUTO SHAH LATIF,10000.0,,1,N,0
1210,2026-05-20,220,SHAFI AUTO MEMON GOTH,15000.0,,1,N,0
1211,2026-05-20,253,IZZAT AGA AUTO RABIA CITY,5000.0,,1,N,0
1212,2026-05-20,79,REHMAN AUTO AJMEER NAGRI,1000.0,,1,N,0
1213,2026-05-20,184,NEW-RIYAZ AUTO LIYARI 36,4000.0,,1,N,0
1214,2026-05-20,116,ASIF SUPPLIER ZIP 1,13000.0,,1,N,0
1215,2026-05-21,185,R.R AUTO SURJANI,10000.0,,1,N,0
1216,2026-05-21,91,ADNAN SURJANI 7B,8000.0,,1,N,0
1217,2026-05-21,144,TAJ AUTO MEHRAN TOWN 2,5000.0,,1,N,0
1218,2026-05-21,114,TAJ AUTO MEHRAN TOWN 1,4500.0,,1,N,0
1219,2026-05-21,173,B.S AUTO FARZAN BAK KORANGI,5000.0,,1,N,0
1220,2026-05-21,181,MAKKA AUTO KORANGI 3 NUMBER,4000.0,,1,N,0
1221,2026-05-21,137,KHAN SHAHRUKH AUTO KORANGI,10000.0,,1,N,0
1222,2026-05-21,191,SHAFI AUTO GULSHAN IQBAL,7000.0,,1,N,0
1223,2026-05-21,207,B.S KORANGI 4 POOL,3000.0,,1,N,0
1224,2026-05-21,246,NASIR AUTO PEOPELS CHORANGI,2000.0,,1,N,0
1225,2026-05-21,217,BISMILLAH AUTO WATER PUMP,1000.0,,1,N,0
1226,2026-05-21,175,JAPAN AUTO WATER PUMP,1000.0,,1,N,0
1227,2026-05-21,178,B.S ALIYAN AUTO WATER PUMP,1000.0,,1,N,0
1228,2026-05-21,270,SARWAR AUTO PEOPELS CHOWRANGI,1500.0,,1,N,0
1229,2026-05-21,213,YOUSUF AUTO GULLSHAN 13D,2000.0,,1,N,0
1230,2026-05-21,254,WARSI AUTO NAZIMABAD,3000.0,,1,N,0
1231,2026-05-21,294,KAZIM AUTO BAG E KORANGI W/RIM,11900.0,,1,N,0
1232,2026-05-21,141,ALI AUTO MEHMODABAD,15000.0,,1,N,0
1233,2026-05-22,51,NEW KAKAR AUTOS PIDC,10000.0,,1,N,0
1234,2026-05-22,265,ARIF AUTO RAHIM YAR KHAN,20000.0,,1,N,0
1235,2026-05-22,115,HONDA KARACHI PAKISTAN CHOWK,20000.0,,1,N,0
1236,2026-05-22,231,STAR AUTO MALIR,20000.0,,1,N,0
1237,2026-05-22,248,FAISAL AUTO AZEEM PURA,2400.0,,1,N,0
1238,2026-05-22,170,ABDUL HADI AUTO DRIG ROAD,5000.0,,1,N,0
1239,2026-05-22,276,REHAN AUTO SHAH FAISAL,5000.0,,1,N,0
1240,2026-05-22,148,IRFAN AUTO SHAH FAISAL,10000.0,,1,N,0
1241,2026-05-22,167,QADRI AUTO SHAH FAISAL,5000.0,,1,N,0
1242,2026-05-22,215,M/S AUTO GULLSHAN 13D,8000.0,,1,N,0
1243,2026-05-22,180,ARSALAN AUTO 13D GULLSHAN,5000.0,,1,N,0
1244,2026-05-22,246,NASIR AUTO PEOPELS CHORANGI,1000.0,,1,N,0
1245,2026-05-22,271,SALEEM AUTO PEOPELS CHOWRANGI,1500.0,,1,N,0
1246,2026-05-22,178,B.S ALIYAN AUTO WATER PUMP,1000.0,,1,N,0
1247,2026-05-22,217,BISMILLAH AUTO WATER PUMP,1000.0,,1,N,0
1248,2026-05-22,213,YOUSUF AUTO GULLSHAN 13D,1000.0,,1,N,0
1249,2026-05-22,77,MALIK AUTO LINES AREA,5000.0,,1,N,0
1250,2026-05-22,82,JUNAID AUTO AGRA TAJ,15000.0,,1,N,0
1251,2026-05-22,196,MAMA A-1 13D WHEEL RIM,16000.0,,1,N,0
1252,2026-05-22,101,A.R AUTOS BAGH-E-KORANGI,5000.0,,1,N,0
1253,2026-05-22,60,RIZWAN SUPPLIER KORANGI,25000.0,,1,N,0
1254,2026-05-22,68,ARIF AUTOS LANDHI,20000.0,,1,N,0
1255,2026-05-22,57,RANA AUTOS LANDHI,30000.0,,1,N,0
1256,2026-05-22,128,ZAIB AUTO WATER PUMP,30000.0,,1,N,0
1257,2026-05-22,109,BABU AUTO SINDHI HOTEL,10000.0,,1,N,0
1258,2026-05-22,160,HAJI IQBAL QURESHI U.P,15000.0,,1,N,0
1259,2026-05-25,238,IMRAN AUTO SHER PAO,4000.0,,1,N,0
1260,2026-05-25,245,IMRAN AUTO MALIR,5300.0,,1,N,0
1261,2026-05-25,281,SUBHAN ALLAH AUTO SACHAL,5000.0,,1,N,0
1262,2026-05-25,149,SHEIKH AUTO PEHALWAN GOTH,10000.0,,1,N,0
1263,2026-05-25,27,B.S BAKHTAWAR GOTH,4000.0,,1,N,0
1264,2026-05-25,228,KHALIL AUTO RABIA CITY,5000.0,,1,N,0
1265,2026-05-25,253,IZZAT AGA AUTO RABIA CITY,4600.0,,1,N,0
1266,2026-05-25,287,HAFEEZ AUTO GHAZI GOTH,5000.0,,1,N,0
1267,2026-05-25,279,HABIB AUTO MAYMAR,7000.0,,7,N,0
1268,2026-05-25,282,SALEEM AUTO MAYMAR,5000.0,,1,N,0
1269,2026-05-25,164,STAR AUTO MAYMAR,10000.0,,1,N,0
1270,2026-05-25,107,NIZAM AUTO MAYMAR,10000.0,,1,N,0
1271,2026-05-25,158,PAKISTAN AUTO QUAIDABAD,9000.0,,1,N,0
1272,2026-05-25,150,M UMER BADIN,100000.0,,1,N,0
1273,2026-05-25,25,AZAN AUTO BADIN,50000.0,,1,N,0
1274,2026-05-25,171,MAMA JAMALI AUTO BADIN,50000.0,,1,N,0
1275,2026-05-25,264,NOOR AUTO JHUDDO,46970.0,,1,N,0
1276,2026-05-25,133,YOUSUF AUTO SATO MAIL,20000.0,,1,N,0
1277,2026-05-25,104,HAMZA AUTO MOSMIYAT,47000.0,,1,N,0
1278,2026-05-25,252,OKASHA MEHAR,64800.0,,1,N,0
1279,2026-05-25,36,HADIA K1 NORTH NAZIMABAD,10000.0,,1,N,0
1280,2026-05-25,92,OSAMA ISLAM CHOWK,6000.0,,1,N,0
1281,2026-05-25,266,MADNI AUTO PEHALWAN GOTH,3500.0,,1,N,0
1282,2026-05-25,267,HAFIZ AUTO PEHALWAN GOTH,3000.0,,1,N,0
1283,2026-05-25,285,K.K AUTO RABIA CITY,8000.0,,1,N,0
1284,2026-05-25,182,SHAMA AUTO ELECTRIC W/P,1000.0,,1,N,0
1285,2026-05-25,178,B.S ALIYAN AUTO WATER PUMP,1000.0,,1,N,0
1286,2026-05-25,176,ANSARI AUTO DASTAGIR,2000.0,,1,N,0
1287,2026-05-25,175,JAPAN AUTO WATER PUMP,2250.0,,1,N,0
1288,2026-05-25,213,YOUSUF AUTO GULLSHAN 13D,2000.0,,1,N,0
1289,2026-05-25,246,NASIR AUTO PEOPELS CHORANGI,1000.0,,1,N,0
1290,2026-05-25,210,SHAH JI AUTO PEOPELS CHOWK,2000.0,,1,N,0
1291,2026-05-25,271,SALEEM AUTO PEOPELS CHOWRANGI,1000.0,,1,N,0
1292,2026-05-25,190,ASIF AUTO SABZI MANDI,4000.0,,1,N,0
1293,2026-05-25,192,SUBHAN AUTO GULSHAN 13D,3000.0,,1,N,0
1294,2026-05-25,268,HANAN AUTO NAZIMABAD,920.0,,1,N,0
1295,2026-05-25,132,ADNAN AUTO FAST,40000.0,,1,N,0
1296,2026-05-26,129,B.S AUTO AZIZABAD,10000.0,,1,N,0
1297,2026-05-26,89,WAQAS TYRE TUBE ISLAM CHOWK,10000.0,,1,N,0
1298,2026-05-26,20,ALI AUTOS ISLAM CHOWK,6000.0,,1,N,0
1299,2026-05-26,71,HAMZA KHAN AUTOS ORANGI TOWN,20000.0,,1,N,0
1300,2026-05-26,101,A.R AUTOS BAGH-E-KORANGI,10000.0,,1,N,0
1301,2026-05-26,128,ZAIB AUTO WATER PUMP,20000.0,,1,N,0
1302,2026-05-26,233,SHAMIM AUTO KALA BOARD,3225.0,,1,N,0
1303,2026-05-26,286,QUETTA AUTO BAKRA PIRI MALIR,5000.0,,1,N,0
1304,2026-05-26,220,SHAFI AUTO MEMON GOTH,15000.0,,1,N,0
1305,2026-05-26,219,I.S AUTO PEHALWAN GOTH,6500.0,,1,N,0
1306,2026-05-26,298,IQBAL AUTO QAIDABAD,7000.0,,1,N,0
1307,2026-05-26,292,AL-REHMAN AUTO MALIR,4000.0,,1,N,0
1308,2026-05-26,273,RIZWAN AUTO MALIR,5000.0,,1,N,0
1309,2026-04-24,206,AKBER SUZUKI,50000.0,,1,N,0
1310,2026-05-26,251,KARACHI AUTO QUAIDABAD,15000.0,,1,N,0
1311,2026-05-26,237,J&B AUTO SHAH LATIF,15000.0,,1,N,0
1312,2026-05-26,239,AL-HAJ AUTO MANSERA COLONY,10000.0,,1,N,0
1313,2026-05-26,238,IMRAN AUTO SHER PAO,4000.0,,1,N,0
1314,2026-05-26,206,AKBER SUZUKI,38600.0,,1,N,0
1315,2026-06-01,157,ASGHER AUTO UP,80000.0,,1,N,0
1316,2026-06-01,221,WAJAHAT SUPPLIER MARKET,46000.0,,1,N,0
1317,2026-06-01,285,K.K AUTO RABIA CITY,10000.0,,1,N,0
1318,2026-06-01,259,IMRAN AUTO PEHALWAN GOTH,4000.0,,1,N,0
1319,2026-06-01,267,HAFIZ AUTO PEHALWAN GOTH,4060.0,,1,N,0
1320,2026-06-01,266,MADNI AUTO PEHALWAN GOTH,5000.0,,1,N,0
1321,2026-06-01,142,MADINA AUTO AZIZABAD,5000.0,,1,N,0
1322,2026-06-01,192,SUBHAN AUTO GULSHAN 13D,3000.0,,1,N,0
1323,2026-06-01,178,B.S ALIYAN AUTO WATER PUMP,2000.0,,1,N,0
1324,2026-06-01,270,SARWAR AUTO PEOPELS CHOWRANGI,2000.0,,1,N,0
1325,2026-06-01,246,NASIR AUTO PEOPELS CHORANGI,2000.0,,1,N,0
1326,2026-06-01,271,SALEEM AUTO PEOPELS CHOWRANGI,2000.0,,1,N,0
1327,2026-06-01,69,WAQAS AUTOS ISLAM CHOWK,14600.0,,1,N,0
1328,2026-06-01,57,RANA AUTOS LANDHI,15000.0,,1,N,0
1329,2026-06-01,68,ARIF AUTOS LANDHI,10000.0,,1,N,0
1330,2026-06-01,101,A.R AUTOS BAGH-E-KORANGI,10000.0,,1,N,0
1331,2026-06-01,153,JUNAID AUTO SHAHFAISAL,20000.0,,1,N,0
1332,2026-06-02,139,IQBAL AUTO BALDIA,4500.0,,1,N,0
1333,2026-06-02,112,RAJPUT AUTO SABRI CHOWK ORANGI,10000.0,,1,N,0
1334,2026-06-02,162,M.S MURAD ORANGI,2000.0,,1,N,0
1335,2026-06-02,89,WAQAS TYRE TUBE ISLAM CHOWK,10200.0,,1,N,0
1336,2026-06-02,20,ALI AUTOS ISLAM CHOWK,20000.0,,1,N,0
1337,2026-06-02,71,HAMZA KHAN AUTOS ORANGI TOWN,20000.0,,1,N,0
1338,2026-06-02,116,ASIF SUPPLIER ZIP 1,10000.0,,1,N,0
1339,2026-06-02,132,ADNAN AUTO FAST,40000.0,,1,N,0
1340,2026-06-03,254,WARSI AUTO NAZIMABAD,4000.0,,1,N,0
1341,2026-06-03,178,B.S ALIYAN AUTO WATER PUMP,3000.0,,1,N,0
1342,2026-06-03,213,YOUSUF AUTO GULLSHAN 13D,2000.0,,1,N,0
1343,2026-06-03,246,NASIR AUTO PEOPELS CHORANGI,2000.0,,1,N,0
1344,2026-06-03,217,BISMILLAH AUTO WATER PUMP,1000.0,,1,N,0
1345,2026-06-03,271,SALEEM AUTO PEOPELS CHOWRANGI,2930.0,,1,N,0
1346,2026-06-03,192,SUBHAN AUTO GULSHAN 13D,3000.0,,1,N,0
1347,2026-06-03,176,ANSARI AUTO DASTAGIR,2000.0,,1,N,0
1348,2026-06-03,159,WAQAS AUTO BUFFER ZONE,3000.0,,1,N,0
1349,2026-06-03,182,SHAMA AUTO ELECTRIC W/P,2000.0,,1,N,0
1350,2026-06-04,199,SUFI BILAL COLONY KORANGI,5000.0,,1,N,0
1351,2026-06-04,144,TAJ AUTO MEHRAN TOWN 2,400.0,,1,N,0
1352,2026-06-04,114,TAJ AUTO MEHRAN TOWN 1,4200.0,,1,N,0
1353,2026-06-04,173,B.S AUTO FARZAN BAK KORANGI,5000.0,,1,N,0
1354,2026-06-04,181,MAKKA AUTO KORANGI 3 NUMBER,3100.0,,1,N,0
1355,2026-06-04,137,KHAN SHAHRUKH AUTO KORANGI,10000.0,,1,N,0
1356,2026-06-04,191,SHAFI AUTO GULSHAN IQBAL,5000.0,,1,N,0
1357,2026-06-04,270,SARWAR AUTO PEOPELS CHOWRANGI,2500.0,,1,N,0
1358,2026-06-04,246,NASIR AUTO PEOPELS CHORANGI,1000.0,,1,N,0
1359,2026-06-04,210,SHAH JI AUTO PEOPELS CHOWK,1000.0,,1,N,0
1360,2026-06-04,217,BISMILLAH AUTO WATER PUMP,1000.0,,1,N,0
1361,2026-06-04,178,B.S ALIYAN AUTO WATER PUMP,1000.0,,1,N,0
1362,2026-06-04,227,HASNAIN AUTO KORANGI 51 A,5000.0,,1,N,0
1363,2026-06-04,104,HAMZA AUTO MOSMIYAT,45000.0,,1,N,0
1364,2026-06-04,141,ALI AUTO MEHMODABAD,10000.0,,1,N,0
1365,2026-06-04,129,B.S AUTO AZIZABAD,10000.0,,1,N,0
1366,2026-06-04,82,JUNAID AUTO AGRA TAJ,19000.0,,1,N,0
1367,2026-06-04,67,JAMEEL AUTOS LEE MARKET,22520.0,,1,N,0
1368,2026-06-04,77,MALIK AUTO LINES AREA,15000.0,,1,N,0
1369,2026-06-04,242,KING AUTO BEHAR COLONY,5000.0,,1,N,0
1370,2026-06-05,216,M/S AUTO 13D W/RIM,10000.0,,1,N,0
1371,2026-06-05,189,UBAID AUTO GULLSHAN 13D,5000.0,,1,N,0
1372,2026-06-05,217,BISMILLAH AUTO WATER PUMP,1000.0,,1,N,0
1373,2026-06-05,213,YOUSUF AUTO GULLSHAN 13D,1000.0,,1,N,0
1374,2026-06-05,246,NASIR AUTO PEOPELS CHORANGI,1000.0,,1,N,0
1375,2026-06-05,178,B.S ALIYAN AUTO WATER PUMP,1600.0,,1,N,0
1376,2026-06-05,182,SHAMA AUTO ELECTRIC W/P,1000.0,,1,N,0
1377,2026-06-05,57,RANA AUTOS LANDHI,23000.0,,1,N,0
1378,2026-06-05,303,UNIQUE AUTO LANDHI W/RIM,20000.0,,1,N,0
1379,2026-06-05,109,BABU AUTO SINDHI HOTEL,10000.0,,1,N,0
1380,2026-06-05,265,ARIF AUTO RAHIM YAR KHAN,22320.0,,1,N,0
1381,2026-06-06,51,NEW KAKAR AUTOS PIDC,10000.0,,1,N,0
1382,2026-06-08,246,NASIR AUTO PEOPELS CHORANGI,4000.0,,1,N,0
1383,2026-06-08,270,SARWAR AUTO PEOPELS CHOWRANGI,3500.0,,1,N,0
1384,2026-06-08,210,SHAH JI AUTO PEOPELS CHOWK,2000.0,,1,N,0
1385,2026-06-08,217,BISMILLAH AUTO WATER PUMP,1000.0,,1,N,0
1386,2026-06-08,178,B.S ALIYAN AUTO WATER PUMP,2000.0,,1,N,0
1387,2026-06-08,182,SHAMA AUTO ELECTRIC W/P,2000.0,,1,N,0
1388,2026-06-08,176,ANSARI AUTO DASTAGIR,2000.0,,1,N,0
1389,2026-06-08,266,MADNI AUTO PEHALWAN GOTH,5000.0,,1,N,0
1390,2026-06-08,267,HAFIZ AUTO PEHALWAN GOTH,5000.0,,1,N,0
1391,2026-06-08,159,WAQAS AUTO BUFFER ZONE,3000.0,,1,N,0
1392,2026-06-08,213,YOUSUF AUTO GULLSHAN 13D,3000.0,,1,N,0
1393,2026-06-08,265,ARIF AUTO RAHIM YAR KHAN,15000.0,,1,N,0
1394,2026-06-08,25,AZAN AUTO BADIN,120000.0,,1,N,0
1395,2026-06-08,222,M.A AUTO UP,50000.0,,1,N,0
1396,2026-06-08,111,HAMZA AUTO SURJANI,3000.0,,1,N,0
1397,2026-06-08,79,REHMAN AUTO AJMEER NAGRI,7000.0,,1,N,0
1398,2026-06-08,36,HADIA K1 NORTH NAZIMABAD,15000.0,,1,N,0
1399,2026-06-08,68,ARIF AUTOS LANDHI,15000.0,,1,N,0
1400,2026-06-08,57,RANA AUTOS LANDHI,25000.0,,1,N,0
1401,2026-06-08,101,A.R AUTOS BAGH-E-KORANGI,17000.0,,1,N,0
1402,2026-06-08,52,NOOR AUTOS QUAIDABAD,12000.0,,1,N,0
1403,2026-06-08,287,HAFEEZ AUTO GHAZI GOTH,5000.0,,1,N,0
1404,2026-06-08,280,MINHAJ AUTO MAYMAR,15200.0,,1,N,0
1405,2026-06-08,279,HABIB AUTO MAYMAR,10000.0,,7,N,0
1406,2026-06-08,164,STAR AUTO MAYMAR,7000.0,,1,N,0
1407,2026-06-08,107,NIZAM AUTO MAYMAR,5100.0,,1,N,0
1408,2026-06-08,281,SUBHAN ALLAH AUTO SACHAL,4000.0,,1,N,0
1409,2026-06-08,149,SHEIKH AUTO PEHALWAN GOTH,10000.0,,1,N,0
1410,2026-06-08,289,GHAZI AUTO PEHALWAN GOTH,5000.0,,1,N,0
1411,2026-06-08,291,FAISAL AUTO PEHAWAN GOTH,4000.0,,1,N,0
1412,2026-06-08,253,IZZAT AGA AUTO RABIA CITY,5000.0,,1,N,0
1413,2026-06-08,220,SHAFI AUTO MEMON GOTH,22530.0,,1,N,0
1414,2026-06-09,158,PAKISTAN AUTO QUAIDABAD,8000.0,,1,N,0
1415,2026-06-09,298,IQBAL AUTO QAIDABAD,6000.0,,1,N,0
1416,2026-06-09,286,QUETTA AUTO BAKRA PIRI MALIR,9950.0,,1,N,0
1417,2026-06-09,308,SHAN AUTO MALIR,2000.0,,1,N,0
1418,2026-06-09,231,STAR AUTO MALIR,20000.0,,1,N,0
1419,2026-06-09,273,RIZWAN AUTO MALIR,5000.0,,1,N,0
1420,2026-06-09,233,SHAMIM AUTO KALA BOARD,5000.0,,1,N,0
1421,2026-06-09,232,UNIQUE TRADERS KALA BOARD,12900.0,,1,N,0
1422,2026-06-09,292,AL-REHMAN AUTO MALIR,3000.0,,1,N,0
1423,2026-06-09,274,A.M AUTO MALIR,5250.0,,1,N,0
1424,2026-06-09,285,K.K AUTO RABIA CITY,10000.0,,1,N,0
1425,2026-06-09,142,MADINA AUTO AZIZABAD,5000.0,,1,N,0
1426,2026-06-09,192,SUBHAN AUTO GULSHAN 13D,5000.0,,1,N,0
1427,2026-06-09,132,ADNAN AUTO FAST,40000.0,,1,N,0
1428,2026-06-09,213,YOUSUF AUTO GULLSHAN 13D,1000.0,,1,N,0
1429,2026-06-09,178,B.S ALIYAN AUTO WATER PUMP,1000.0,,1,N,0
1430,2026-06-09,246,NASIR AUTO PEOPELS CHORANGI,1000.0,,1,N,0
1431,2026-06-09,254,WARSI AUTO NAZIMABAD,4000.0,,1,N,0
1432,2026-05-17,190,ASIF AUTO SABZI MANDI,4000.0,,1,N,0
1433,2026-05-17,192,SUBHAN AUTO GULSHAN 13D,2000.0,,1,N,0
1434,2026-05-17,213,YOUSUF AUTO GULLSHAN 13D,1000.0,,1,N,0
1435,2026-05-17,210,SHAH JI AUTO PEOPELS CHOWK,2000.0,,1,N,0
1436,2026-05-17,271,SALEEM AUTO PEOPELS CHOWRANGI,2000.0,,1,N,0
1437,2026-05-17,175,JAPAN AUTO WATER PUMP,1000.0,,1,N,0
1438,2026-05-17,178,B.S ALIYAN AUTO WATER PUMP,2000.0,,1,N,0
1439,2026-05-17,217,BISMILLAH AUTO WATER PUMP,1000.0,,1,N,0
1440,2026-05-17,246,NASIR AUTO PEOPELS CHORANGI,1000.0,,1,N,0
1441,2026-06-09,130,ALVI AUTO BALDIA 4 NUMBER,15000.0,,1,N,0
1442,2026-06-09,112,RAJPUT AUTO SABRI CHOWK ORANGI,15000.0,,1,N,0
1443,2026-06-09,20,ALI AUTOS ISLAM CHOWK,20000.0,,1,N,0
1444,2026-06-09,71,HAMZA KHAN AUTOS ORANGI TOWN,20000.0,,1,N,0
1445,2026-06-09,69,WAQAS AUTOS ISLAM CHOWK,30000.0,,1,N,0
1446,2026-06-09,89,WAQAS TYRE TUBE ISLAM CHOWK,10000.0,,1,N,0
1447,2026-06-09,115,HONDA KARACHI PAKISTAN CHOWK,20000.0,,1,N,0
1448,2026-06-10,256,PARTS WALA AUTO LANDHI 6,5000.0,,1,N,0
1449,2026-06-10,282,SALEEM AUTO MAYMAR,500.0,,1,N,0
1450,2026-06-10,300,RAZA AUTO MALIR,11000.0,,1,N,0
1451,2026-06-10,260,ASAD AUTO MALIR,2000.0,,1,N,0
1452,2026-06-10,237,J&B AUTO SHAH LATIF,15000.0,,1,N,0
1453,2026-06-11,104,HAMZA AUTO MOSMIYAT,43000.0,,1,N,0
1454,2026-06-11,98,ASLAM AUTOS MARIPUR,30000.0,,1,N,0
1455,2026-06-11,82,JUNAID AUTO AGRA TAJ,15000.0,,1,N,0
1456,2026-06-11,242,KING AUTO BEHAR COLONY,5000.0,,1,N,0
1457,2026-06-11,67,JAMEEL AUTOS LEE MARKET,20000.0,,1,N,0
1458,2026-06-11,77,MALIK AUTO LINES AREA,10000.0,,1,N,0
1459,2026-06-11,295,SIDDIQUE AUTO BILAL COLONY,5000.0,,1,N,0
1460,2026-06-11,199,SUFI BILAL COLONY KORANGI,5000.0,,1,N,0
1461,2026-06-11,114,TAJ AUTO MEHRAN TOWN 1,5000.0,,1,N,0
1462,2026-06-11,144,TAJ AUTO MEHRAN TOWN 2,4000.0,,1,N,0
1463,2026-06-11,173,B.S AUTO FARZAN BAK KORANGI,5000.0,,1,N,0
1464,2026-06-11,181,MAKKA AUTO KORANGI 3 NUMBER,5000.0,,1,N,0
1465,2026-06-11,227,HASNAIN AUTO KORANGI 51 A,5000.0,,1,N,0
1466,2026-06-11,137,KHAN SHAHRUKH AUTO KORANGI,5000.0,,1,N,0
1467,2026-06-11,215,M/S AUTO GULLSHAN 13D,5000.0,,1,N,0
1468,2026-06-11,213,YOUSUF AUTO GULLSHAN 13D,2000.0,,1,N,0
1469,2026-06-11,207,B.S KORANGI 4 POOL,3000.0,,1,N,0
1470,2026-06-11,161,SHAYAN AUTO U.P,5000.0,,1,N,0
1471,2026-06-11,246,NASIR AUTO PEOPELS CHORANGI,1000.0,,1,N,0
1472,2026-06-11,210,SHAH JI AUTO PEOPELS CHOWK,1000.0,,1,N,0
1473,2026-06-11,270,SARWAR AUTO PEOPELS CHOWRANGI,1000.0,,1,N,0
1474,2026-06-11,182,SHAMA AUTO ELECTRIC W/P,1000.0,,1,N,0
1475,2026-06-11,217,BISMILLAH AUTO WATER PUMP,1000.0,,1,N,0
1476,2026-06-11,209,R-K AUTO MARKET,10000.0,,1,N,0
1477,2026-06-11,296,ARIF AUTO TALHAR,100000.0,,1,N,0
1478,2026-06-11,42,KHATAOMAL PANGRIO,175600.0,,1,N,0
1479,2026-06-11,73,HUSSAIN AUTO SHAH FAISAL,300000.0,,1,N,0
1480,2026-06-12,68,ARIF AUTOS LANDHI,10000.0,,1,N,0
1481,2026-06-12,57,RANA AUTOS LANDHI,20000.0,,1,N,0
1482,2026-06-12,303,UNIQUE AUTO LANDHI W/RIM,20000.0,,1,N,0
1483,2026-06-12,197,ALI MEHMODABAD WHEEL RIM,39200.0,,1,N,0
1484,2026-06-12,170,ABDUL HADI AUTO DRIG ROAD,5000.0,,1,N,0
1485,2026-06-12,167,QADRI AUTO SHAH FAISAL,5000.0,,1,N,0
1486,2026-06-12,148,IRFAN AUTO SHAH FAISAL,10000.0,,1,N,0
1487,2026-06-12,138,ASIM BROTHERS MARKET,7400.0,,1,N,0
1488,2026-06-13,278,SHOAIB AUTO SACHAL,20000.0,,1,N,0
1489,2026-06-13,281,SUBHAN ALLAH AUTO SACHAL,4000.0,,1,N,0
1490,2026-06-13,269,M/S AUTO SACHAL,3000.0,,1,N,0
1491,2026-06-13,149,SHEIKH AUTO PEHALWAN GOTH,10000.0,,1,N,0
1492,2026-06-13,228,KHALIL AUTO RABIA CITY,5000.0,,1,N,0
1493,2026-06-13,253,IZZAT AGA AUTO RABIA CITY,5000.0,,1,N,0
1494,2026-06-13,251,KARACHI AUTO QUAIDABAD,10000.0,,1,N,0
1495,2026-06-15,280,MINHAJ AUTO MAYMAR,15000.0,,1,N,0
1496,2026-06-15,279,HABIB AUTO MAYMAR,8000.0,,7,N,0
1497,2026-06-15,282,SALEEM AUTO MAYMAR,5000.0,,1,N,0
1498,2026-06-15,164,STAR AUTO MAYMAR,9000.0,,1,N,0
1499,2026-06-15,229,IMRAN AUTO FAQEERA GOTH,20000.0,,1,N,0
1500,2026-06-15,238,IMRAN AUTO SHER PAO,5000.0,,1,N,0
1501,2026-06-15,298,IQBAL AUTO QAIDABAD,4000.0,,1,N,0
1502,2026-06-13,190,ASIF AUTO SABZI MANDI,3000.0,,1,N,0
1503,2026-06-13,211,ZAFAR AUTO SABZI MANDI,5000.0,,1,N,0
1504,2026-06-13,142,MADINA AUTO AZIZABAD,5000.0,,1,N,0
1505,2026-06-13,246,NASIR AUTO PEOPELS CHORANGI,3000.0,,1,N,0
1506,2026-06-13,210,SHAH JI AUTO PEOPELS CHOWK,1000.0,,1,N,0
1507,2026-06-13,178,B.S ALIYAN AUTO WATER PUMP,4000.0,,1,N,0
1508,2026-06-13,213,YOUSUF AUTO GULLSHAN 13D,2000.0,,1,N,0
1509,2026-06-13,217,BISMILLAH AUTO WATER PUMP,1000.0,,1,N,0
1510,2026-06-13,270,SARWAR AUTO PEOPELS CHOWRANGI,1000.0,,1,N,0
1511,2026-06-13,176,ANSARI AUTO DASTAGIR,2000.0,,1,N,0
1512,2026-06-13,182,SHAMA AUTO ELECTRIC W/P,1000.0,,1,N,0
1513,2026-06-13,192,SUBHAN AUTO GULSHAN 13D,2000.0,,1,N,0
1514,2026-06-15,285,K.K AUTO RABIA CITY,10000.0,,1,N,0
1515,2026-06-15,259,IMRAN AUTO PEHALWAN GOTH,5000.0,,1,N,0
1516,2026-06-15,267,HAFIZ AUTO PEHALWAN GOTH,2500.0,,1,N,0
1517,2026-06-15,159,WAQAS AUTO BUFFER ZONE,3000.0,,1,N,0
1518,2026-06-15,246,NASIR AUTO PEOPELS CHORANGI,1000.0,,1,N,0
1519,2026-06-15,270,SARWAR AUTO PEOPELS CHOWRANGI,1500.0,,1,N,0
1520,2026-06-15,217,BISMILLAH AUTO WATER PUMP,1000.0,,1,N,0
1521,2026-06-15,178,B.S ALIYAN AUTO WATER PUMP,2000.0,,1,N,0
1522,2026-06-15,176,ANSARI AUTO DASTAGIR,1000.0,,1,N,0
1523,2026-06-15,213,YOUSUF AUTO GULLSHAN 13D,1000.0,,1,N,0
1524,2026-06-13,79,REHMAN AUTO AJMEER NAGRI,5000.0,,1,N,0
1525,2026-06-13,185,R.R AUTO SURJANI,10000.0,,1,N,0
1526,2026-06-13,111,HAMZA AUTO SURJANI,3000.0,,1,N,0
1527,2026-06-13,36,HADIA K1 NORTH NAZIMABAD,10000.0,,1,N,0
1528,2026-06-13,68,ARIF AUTOS LANDHI,10000.0,,1,N,0
1529,2026-06-13,57,RANA AUTOS LANDHI,20000.0,,1,N,0
1530,2026-06-13,101,A.R AUTOS BAGH-E-KORANGI,13500.0,,1,N,0
1531,2026-06-13,153,JUNAID AUTO SHAHFAISAL,17400.0,,1,N,0
1532,2026-06-15,265,ARIF AUTO RAHIM YAR KHAN,10000.0,,1,N,0
1533,2026-06-15,157,ASGHER AUTO UP,44450.0,,1,N,0
1534,2026-06-15,116,ASIF SUPPLIER ZIP 1,10000.0,,1,N,0
1535,2026-06-16,112,RAJPUT AUTO SABRI CHOWK ORANGI,10000.0,,1,N,0
1536,2026-06-16,194,HAMZA KHAN WHEEL RIM,20000.0,,1,N,0
1537,2026-06-16,71,HAMZA KHAN AUTOS ORANGI TOWN,10000.0,,1,N,0
1538,2026-06-16,92,OSAMA ISLAM CHOWK,5000.0,,1,N,0
1539,2026-06-16,89,WAQAS TYRE TUBE ISLAM CHOWK,10000.0,,1,N,0
1540,2026-06-16,32,DAWOOD SULTAN AUTOS ORANGI TOW,2900.0,,1,N,0
1541,2026-06-16,263,AL-MADINA AUTO WATER PUMP,15000.0,,1,N,0
1542,2026-06-16,299,HASHTAG TRADERS LANDHI 6,9600.0,,1,N,0
1543,2026-06-16,260,ASAD AUTO MALIR,2000.0,,1,N,0
1544,2026-06-16,308,SHAN AUTO MALIR,2000.0,,1,N,0
1546,2026-06-16,273,RIZWAN AUTO MALIR,5000.0,,1,N,0
1547,2026-06-16,233,SHAMIM AUTO KALA BOARD,3000.0,,1,N,0
1548,2026-06-16,158,PAKISTAN AUTO QUAIDABAD,8000.0,,1,N,0
1549,2026-06-16,245,IMRAN AUTO MALIR,5000.0,,1,N,0
1550,2026-06-16,256,PARTS WALA AUTO LANDHI 6,8000.0,,1,N,0
1551,2026-06-16,132,ADNAN AUTO FAST,40000.0,,1,N,0
1552,2026-06-17,96,GHAZI AUTOS GOLARCHI,50000.0,,1,N,0
1553,2026-06-17,246,NASIR AUTO PEOPELS CHORANGI,1000.0,,1,N,0
1554,2026-06-17,210,SHAH JI AUTO PEOPELS CHOWK,1000.0,,1,N,0
1555,2026-06-17,217,BISMILLAH AUTO WATER PUMP,2000.0,,1,N,0
1556,2026-06-17,182,SHAMA AUTO ELECTRIC W/P,2000.0,,1,N,0
1557,2026-06-17,213,YOUSUF AUTO GULLSHAN 13D,2000.0,,1,N,0
1558,2026-06-17,192,SUBHAN AUTO GULSHAN 13D,5500.0,,1,N,0
1559,2026-06-17,109,BABU AUTO SINDHI HOTEL,5000.0,,1,N,0
1560,2026-06-17,178,B.S ALIYAN AUTO WATER PUMP,2000.0,,1,N,0
1561,2026-06-17,176,ANSARI AUTO DASTAGIR,1000.0,,1,N,0
1562,2026-06-17,159,WAQAS AUTO BUFFER ZONE,2000.0,,1,N,0
1563,2026-06-17,236,QUETTA AUTO SHAHLATIF,20000.0,,1,N,0
1564,2026-06-17,237,J&B AUTO SHAH LATIF,15000.0,,1,N,0
1565,2026-06-17,244,SAHIBZADA AUTO 89 MKT,10000.0,,1,N,0
1566,2026-06-18,102,SALEEM MAMU,12280.0,,1,N,0
1567,2026-06-18,199,SUFI BILAL COLONY KORANGI,4000.0,,8,N,0
1568,2026-06-18,144,TAJ AUTO MEHRAN TOWN 2,400.0,,8,N,0
1569,2026-06-18,173,B.S AUTO FARZAN BAK KORANGI,4000.0,,1,N,0
1570,2026-06-18,207,B.S KORANGI 4 POOL,5000.0,,1,N,0
1571,2026-06-18,227,HASNAIN AUTO KORANGI 51 A,4000.0,,1,N,0
1572,2026-06-18,137,KHAN SHAHRUKH AUTO KORANGI,5000.0,,1,N,0
1573,2026-06-18,191,SHAFI AUTO GULSHAN IQBAL,7000.0,,1,N,0
1574,2026-06-18,284,SAMI AUTO GULLSHAN 13D,5000.0,,1,N,0
1575,2026-06-18,213,YOUSUF AUTO GULLSHAN 13D,1000.0,,1,N,0
1576,2026-06-18,246,NASIR AUTO PEOPELS CHORANGI,1000.0,,1,N,0
1577,2026-06-18,270,SARWAR AUTO PEOPELS CHOWRANGI,1500.0,,1,N,0
1578,2026-06-18,216,M/S AUTO 13D W/RIM,6800.0,,1,N,0
1579,2026-06-18,215,M/S AUTO GULLSHAN 13D,8200.0,,1,N,0
1580,2026-06-18,181,MAKKA AUTO KORANGI 3 NUMBER,3000.0,,1,N,0
1581,2026-06-18,98,ASLAM AUTOS MARIPUR,20000.0,,1,N,0
1582,2026-06-18,67,JAMEEL AUTOS LEE MARKET,20000.0,,1,N,0
1583,2026-06-18,223,ABID AUTO LUCKY STAR,5500.0,,1,N,0
1584,2026-06-18,77,MALIK AUTO LINES AREA,10000.0,,1,N,0
1585,2026-06-18,116,ASIF SUPPLIER ZIP 1,10000.0,,1,N,0
1586,2026-06-19,238,IMRAN AUTO SHER PAO,4000.0,,1,N,0
1587,2026-06-19,170,ABDUL HADI AUTO DRIG ROAD,10000.0,,1,N,0
1588,2026-06-19,148,IRFAN AUTO SHAH FAISAL,10000.0,,1,N,0
1589,2026-06-19,167,QADRI AUTO SHAH FAISAL,5000.0,,1,N,0
1590,2026-06-20,221,WAJAHAT SUPPLIER MARKET,46000.0,,1,N,0
1591,2026-06-20,138,ASIM BROTHERS MARKET,5000.0,,1,N,0
1592,2026-06-22,209,R-K AUTO MARKET,7000.0,,1,N,0
1593,2026-06-22,25,AZAN AUTO BADIN,100000.0,,1,N,0
1594,2026-06-22,186,MAMA ASHFAQ BADIN,45000.0,,1,N,0
1595,2026-06-22,53,NOORANI AUTOS BADIN,15950.0,,1,N,0
1596,2026-06-22,42,KHATAOMAL PANGRIO,100000.0,,1,N,0
1597,2026-06-22,103,GHOUSIA AUTO JHUDDO,10000.0,,1,N,0
1598,2026-06-22,264,NOOR AUTO JHUDDO,50000.0,,1,N,0
1599,2026-06-22,150,M UMER BADIN,100000.0,,1,N,0
1600,2026-06-22,171,MAMA JAMALI AUTO BADIN,40000.0,,1,N,0
1601,2026-06-20,189,UBAID AUTO GULLSHAN 13D,5000.0,,1,N,0
1602,2026-06-20,190,ASIF AUTO SABZI MANDI,3000.0,,1,N,0
1603,2026-06-20,211,ZAFAR AUTO SABZI MANDI,4650.0,,1,N,0
1604,2026-06-20,180,ARSALAN AUTO 13D GULLSHAN,5000.0,,1,N,0
1605,2026-06-20,213,YOUSUF AUTO GULLSHAN 13D,1000.0,,1,N,0
1606,2026-06-20,192,SUBHAN AUTO GULSHAN 13D,2000.0,,1,N,0
1607,2026-06-20,307,SUBHAN AUTO 13D W/RIM,1000.0,,1,N,0
1608,2026-06-20,246,NASIR AUTO PEOPELS CHORANGI,1000.0,,1,N,0
1609,2026-06-20,210,SHAH JI AUTO PEOPELS CHOWK,1000.0,,1,N,0
1610,2026-06-20,270,SARWAR AUTO PEOPELS CHOWRANGI,1000.0,,1,N,0
1611,2026-06-20,217,BISMILLAH AUTO WATER PUMP,1000.0,,1,N,0
1612,2026-06-20,182,SHAMA AUTO ELECTRIC W/P,1000.0,,1,N,0
1613,2026-06-20,178,B.S ALIYAN AUTO WATER PUMP,2000.0,,1,N,0
1614,2026-06-20,79,REHMAN AUTO AJMEER NAGRI,5000.0,,1,N,0
1615,2026-06-20,321,NASEER AUTO LIYARI 36,20000.0,,1,N,0
1616,2026-06-20,311,INSAF AUTO LIYARI 36,50000.0,,1,N,0
1617,2026-06-20,81,TAYYABA AUTO SURJANI,5000.0,,1,N,0
1618,2026-06-20,222,M.A AUTO UP,30000.0,,1,N,0
1619,2026-06-20,69,WAQAS AUTOS ISLAM CHOWK,20000.0,,1,N,0
1620,2026-06-20,68,ARIF AUTOS LANDHI,17000.0,,1,N,0
1621,2026-06-20,287,HAFEEZ AUTO GHAZI GOTH,11350.0,,1,N,0
1622,2026-06-20,75,YASIR AUTOS SACHAL GOTH,15000.0,,1,N,0
1623,2026-06-20,289,GHAZI AUTO PEHALWAN GOTH,5000.0,,1,N,0
1624,2026-06-20,228,KHALIL AUTO RABIA CITY,5000.0,,1,N,0
1625,2026-06-20,253,IZZAT AGA AUTO RABIA CITY,7000.0,,1,N,0
1626,2026-06-22,285,K.K AUTO RABIA CITY,8000.0,,1,N,0
1627,2026-06-22,259,IMRAN AUTO PEHALWAN GOTH,5000.0,,1,N,0
1628,2026-06-22,246,NASIR AUTO PEOPELS CHORANGI,1000.0,,1,N,0
1629,2026-06-22,178,B.S ALIYAN AUTO WATER PUMP,2000.0,,1,N,0
1630,2026-06-22,217,BISMILLAH AUTO WATER PUMP,1000.0,,1,N,0
1631,2026-06-22,182,SHAMA AUTO ELECTRIC W/P,1000.0,,1,N,0
1632,2026-06-22,176,ANSARI AUTO DASTAGIR,1000.0,,1,N,0
1633,2026-06-22,213,YOUSUF AUTO GULLSHAN 13D,1000.0,,1,N,0
1634,2026-06-22,280,MINHAJ AUTO MAYMAR,10000.0,,1,N,0
1635,2026-06-22,164,STAR AUTO MAYMAR,10000.0,,1,N,0
1636,2026-06-22,282,SALEEM AUTO MAYMAR,12000.0,,1,N,0
1637,2026-06-22,298,IQBAL AUTO QAIDABAD,6000.0,,1,N,0
1638,2026-06-22,158,PAKISTAN AUTO QUAIDABAD,8000.0,,1,N,0
1639,2026-06-23,26,AZAN AUTOS JIMMY LANDHI,15000.0,,1,N,0
1640,2026-06-23,101,A.R AUTOS BAGH-E-KORANGI,10000.0,,1,N,0
1641,2026-06-23,174,FAROOQ AUTO SHAH FAISAL,3000.0,,1,N,0
1642,2026-06-23,92,OSAMA ISLAM CHOWK,7000.0,,1,N,0
1643,2026-06-23,71,HAMZA KHAN AUTOS ORANGI TOWN,15000.0,,1,N,0
1644,2026-06-23,20,ALI AUTOS ISLAM CHOWK,20000.0,,1,N,0
1645,2026-06-23,69,WAQAS AUTOS ISLAM CHOWK,20000.0,,1,N,0
1646,2026-06-23,36,HADIA K1 NORTH NAZIMABAD,10000.0,,1,N,0
1647,2026-06-23,89,WAQAS TYRE TUBE ISLAM CHOWK,7000.0,,1,N,0
1648,2026-06-23,205,WAQAS TYRE ORANGI W/RIM,3000.0,,1,N,0
1649,2026-06-23,231,STAR AUTO MALIR,10000.0,,1,N,0
1650,2026-06-23,229,IMRAN AUTO FAQEERA GOTH,10000.0,,1,N,0
1651,2026-06-23,273,RIZWAN AUTO MALIR,5000.0,,1,N,0
1652,2026-06-23,149,SHEIKH AUTO PEHALWAN GOTH,20000.0,,1,N,0
1653,2026-06-23,286,QUETTA AUTO BAKRA PIRI MALIR,9000.0,,1,N,0
1654,2026-06-23,233,SHAMIM AUTO KALA BOARD,7019.0,,1,N,0
1655,2026-06-23,260,ASAD AUTO MALIR,2000.0,,1,N,0
1656,2026-06-23,132,ADNAN AUTO FAST,40000.0,,1,N,0
1657,2026-06-27,51,NEW KAKAR AUTOS PIDC,5000.0,,1,N,0
1658,2026-06-27,187,NASEER AUTO VINDER,32434.0,,1,N,0
1659,2026-06-27,104,HAMZA AUTO MOSMIYAT,40000.0,,1,N,0
1660,2026-06-27,170,ABDUL HADI AUTO DRIG ROAD,4000.0,,1,N,0
1661,2026-06-27,167,QADRI AUTO SHAH FAISAL,5000.0,,1,N,0
1662,2026-06-27,276,REHAN AUTO SHAH FAISAL,4119.0,,1,N,0
1663,2026-06-27,148,IRFAN AUTO SHAH FAISAL,3437.0,,1,N,0
1664,2026-06-27,243,KAZIM AUTO BAG E KORANGI,25000.0,,1,N,0
1665,2026-06-27,141,ALI AUTO MEHMODABAD,10000.0,,1,N,0
1666,2026-06-27,223,ABID AUTO LUCKY STAR,3000.0,,1,N,0
1667,2026-06-27,310,TIGER AUTO LUCKY STAR,3000.0,,1,N,0
1668,2026-06-27,111,HAMZA AUTO SURJANI,3000.0,,1,N,0
1669,2026-06-27,68,ARIF AUTOS LANDHI,10000.0,,1,N,0
1670,2026-06-27,57,RANA AUTOS LANDHI,15000.0,,1,N,0
1671,2026-06-27,60,RIZWAN SUPPLIER KORANGI,30000.0,,1,N,0
1672,2026-06-27,303,UNIQUE AUTO LANDHI W/RIM,32000.0,,1,N,0
1673,2026-06-27,70,UNIQUE AUTOS LANDHI,8000.0,,1,N,0
1674,2026-06-23,254,WARSI AUTO NAZIMABAD,3000.0,,1,N,0
1675,2026-06-23,270,SARWAR AUTO PEOPELS CHOWRANGI,2000.0,,1,N,0
1676,2026-06-23,213,YOUSUF AUTO GULLSHAN 13D,2000.0,,1,N,0
1677,2026-06-23,217,BISMILLAH AUTO WATER PUMP,2000.0,,1,N,0
1678,2026-06-23,246,NASIR AUTO PEOPELS CHORANGI,1000.0,,1,N,0
1679,2026-06-23,178,B.S ALIYAN AUTO WATER PUMP,2000.0,,1,N,0
1680,2026-06-23,182,SHAMA AUTO ELECTRIC W/P,1000.0,,1,N,0
1681,2026-06-23,109,BABU AUTO SINDHI HOTEL,10000.0,,1,N,0
1682,2026-06-23,161,SHAYAN AUTO U.P,10000.0,,1,N,0
1683,2026-06-27,144,TAJ AUTO MEHRAN TOWN 2,5000.0,,8,N,0
1684,2026-06-27,114,TAJ AUTO MEHRAN TOWN 1,5000.0,,1,N,0
1685,2026-06-27,199,SUFI BILAL COLONY KORANGI,5000.0,,8,N,0
1686,2026-06-27,295,SIDDIQUE AUTO BILAL COLONY,10000.0,,1,N,0
1687,2026-06-27,181,MAKKA AUTO KORANGI 3 NUMBER,3000.0,,1,N,0
1688,2026-06-27,215,M/S AUTO GULLSHAN 13D,10000.0,,1,N,0
1689,2026-06-27,213,YOUSUF AUTO GULLSHAN 13D,1000.0,,1,N,0
1690,2026-06-27,178,B.S ALIYAN AUTO WATER PUMP,1000.0,,1,N,0
1691,2026-06-27,284,SAMI AUTO GULLSHAN 13D,14710.0,,1,N,0
1692,2026-06-29,116,ASIF SUPPLIER ZIP 1,10000.0,,1,N,0
1693,2026-06-29,132,ADNAN AUTO FAST,42700.0,,1,N,0
1694,2026-06-29,169,TAYYAB AUTO MEHMODABAD,16000.0,,1,N,0
1695,2026-06-29,79,REHMAN AUTO AJMEER NAGRI,5000.0,,1,N,0
1696,2026-06-29,321,NASEER AUTO LIYARI 36,30000.0,,1,N,0
1697,2026-06-29,313,INSAF LIYARI 36 W/RIM,30000.0,,1,N,0
1698,2026-06-29,311,INSAF AUTO LIYARI 36,10000.0,,1,N,0
1699,2026-06-29,81,TAYYABA AUTO SURJANI,3000.0,,1,N,0
1700,2026-06-29,128,ZAIB AUTO WATER PUMP,50000.0,,1,N,0
1701,2026-06-29,57,RANA AUTOS LANDHI,20000.0,,1,N,0
1702,2026-06-29,68,ARIF AUTOS LANDHI,10000.0,,1,N,0
1703,2026-06-29,26,AZAN AUTOS JIMMY LANDHI,15000.0,,1,N,0
1704,2026-06-29,101,A.R AUTOS BAGH-E-KORANGI,10000.0,,1,N,0
1705,2026-06-29,269,M/S AUTO SACHAL,3000.0,,1,N,0
1706,2026-06-29,149,SHEIKH AUTO PEHALWAN GOTH,10000.0,,1,N,0
1707,2026-06-29,253,IZZAT AGA AUTO RABIA CITY,10000.0,,1,N,0
1708,2026-06-29,228,KHALIL AUTO RABIA CITY,5000.0,,1,N,0
1709,2026-06-29,280,MINHAJ AUTO MAYMAR,5000.0,,1,N,0
1710,2026-06-29,279,HABIB AUTO MAYMAR,9740.0,,7,N,0
1711,2026-06-29,107,NIZAM AUTO MAYMAR,5000.0,,1,N,0
1712,2026-06-29,297,AWAMI AUTO FAQEERA GOTH,7399.0,,1,N,0
1713,2026-06-29,238,IMRAN AUTO SHER PAO,4000.0,,1,N,0
1714,2026-06-29,178,B.S ALIYAN AUTO WATER PUMP,4000.0,,1,N,0
1715,2026-06-29,190,ASIF AUTO SABZI MANDI,3000.0,,1,N,0
1716,2026-06-29,211,ZAFAR AUTO SABZI MANDI,3000.0,,1,N,0
1717,2026-06-29,246,NASIR AUTO PEOPELS CHORANGI,2000.0,,1,N,0
1718,2026-06-29,213,YOUSUF AUTO GULLSHAN 13D,2000.0,,1,N,0
1719,2026-06-29,270,SARWAR AUTO PEOPELS CHOWRANGI,2000.0,,1,N,0
1720,2026-06-29,267,HAFIZ AUTO PEHALWAN GOTH,4500.0,,1,N,0
1721,2026-06-29,285,K.K AUTO RABIA CITY,7000.0,,1,N,0
1722,2026-06-29,217,BISMILLAH AUTO WATER PUMP,1000.0,,1,N,0
1723,2026-06-29,176,ANSARI AUTO DASTAGIR,1000.0,,1,N,0
1724,2026-06-29,210,SHAH JI AUTO PEOPELS CHOWK,1500.0,,1,N,0
1725,2026-06-29,307,SUBHAN AUTO 13D W/RIM,3000.0,,1,N,0
1726,2026-06-30,59,RIDER AUTO PARTS,50000.0,,1,N,0
1727,2026-06-30,286,QUETTA AUTO BAKRA PIRI MALIR,6000.0,,1,N,0
1728,2026-06-30,308,SHAN AUTO MALIR,2000.0,,1,N,0
1729,2026-06-30,273,RIZWAN AUTO MALIR,5000.0,,1,N,0
1730,2026-06-30,232,UNIQUE TRADERS KALA BOARD,18800.0,,1,N,0
1731,2026-06-30,158,PAKISTAN AUTO QUAIDABAD,5000.0,,1,N,0
1732,2026-06-30,220,SHAFI AUTO MEMON GOTH,11000.0,,1,N,0
1733,2026-06-30,112,RAJPUT AUTO SABRI CHOWK ORANGI,10000.0,,1,N,0
1734,2026-06-30,71,HAMZA KHAN AUTOS ORANGI TOWN,20000.0,,1,N,0
1735,2026-06-30,20,ALI AUTOS ISLAM CHOWK,20000.0,,1,N,0
1736,2026-06-30,92,OSAMA ISLAM CHOWK,7000.0,,1,N,0
1737,2026-06-30,69,WAQAS AUTOS ISLAM CHOWK,30000.0,,1,N,0
1738,2026-06-30,105,A.H AUTO ORANGI L BLOCK,1750.0,from waqas buffer zone,1,N,0
1739,2026-07-01,230,M.A AUTO KHOPRA PAR 4 NUMBER,1580.0,,1,N,0
1740,2026-07-01,236,QUETTA AUTO SHAHLATIF,20000.0,,1,N,0
1741,2026-07-01,237,J&B AUTO SHAH LATIF,15000.0,,1,N,0
1742,2026-07-01,244,SAHIBZADA AUTO 89 MKT,14800.0,,1,N,0
1743,2026-07-01,158,PAKISTAN AUTO QUAIDABAD,5000.0,,1,N,0
1744,2026-07-01,251,KARACHI AUTO QUAIDABAD,10000.0,,1,N,0
1745,2026-07-01,180,ARSALAN AUTO 13D GULLSHAN,4000.0,,1,N,0
1746,2026-07-01,307,SUBHAN AUTO 13D W/RIM,4000.0,,1,N,0
1747,2026-07-01,270,SARWAR AUTO PEOPELS CHOWRANGI,2500.0,,1,N,0
1748,2026-07-01,217,BISMILLAH AUTO WATER PUMP,2000.0,,1,N,0
1749,2026-07-01,176,ANSARI AUTO DASTAGIR,1000.0,,1,N,0
1750,2026-07-01,213,YOUSUF AUTO GULLSHAN 13D,2000.0,,1,N,0
1751,2026-07-01,189,UBAID AUTO GULLSHAN 13D,6500.0,,1,N,0
1752,2026-07-01,246,NASIR AUTO PEOPELS CHORANGI,1000.0,,1,N,0
1753,2026-07-01,178,B.S ALIYAN AUTO WATER PUMP,2000.0,,1,N,0
1754,2026-07-01,327,AJMERI AUTO SINDHI HOTEL,2000.0,,1,N,0
1755,2026-07-02,331,M.UMAR AUTO NASIR JUMP KORANGI,10000.0,,1,N,0
1756,2026-07-02,215,M/S AUTO GULLSHAN 13D,10000.0,,1,N,0
1757,2026-07-02,192,SUBHAN AUTO GULSHAN 13D,5000.0,,1,N,0
1758,2026-07-02,227,HASNAIN AUTO KORANGI 51 A,4000.0,,1,N,0
1759,2026-07-02,144,TAJ AUTO MEHRAN TOWN 2,5000.0,,8,N,0
1760,2026-07-02,114,TAJ AUTO MEHRAN TOWN 1,4000.0,,1,N,0
1761,2026-07-02,173,B.S AUTO FARZAN BAK KORANGI,4000.0,,1,N,0
1762,2026-07-02,181,MAKKA AUTO KORANGI 3 NUMBER,3000.0,,1,N,0
1763,2026-07-02,191,SHAFI AUTO GULSHAN IQBAL,3500.0,,1,N,0
1764,2026-07-02,178,B.S ALIYAN AUTO WATER PUMP,2000.0,,1,N,0
1765,2026-07-02,246,NASIR AUTO PEOPELS CHORANGI,1000.0,,1,N,0
1766,2026-07-02,176,ANSARI AUTO DASTAGIR,1000.0,,1,N,0
1767,2026-07-02,213,YOUSUF AUTO GULLSHAN 13D,1000.0,,1,N,0
1768,2026-07-02,207,B.S KORANGI 4 POOL,5000.0,,1,N,0
1769,2026-07-02,77,MALIK AUTO LINES AREA,10000.0,,1,N,0
1770,2026-07-02,310,TIGER AUTO LUCKY STAR,5000.0,,1,N,0
1771,2026-07-02,223,ABID AUTO LUCKY STAR,3000.0,,1,N,0
1772,2026-07-02,82,JUNAID AUTO AGRA TAJ,15000.0,,1,N,0
1773,2026-07-02,67,JAMEEL AUTOS LEE MARKET,20000.0,,1,N,0
1774,2026-07-02,129,B.S AUTO AZIZABAD,10000.0,,1,N,0
1775,2026-07-02,296,ARIF AUTO TALHAR,100000.0,,1,N,0
1776,2026-07-02,96,GHAZI AUTOS GOLARCHI,50000.0,,1,N,0
1777,2026-07-04,238,IMRAN AUTO SHER PAO,4000.0,,1,N,0
1778,2026-07-04,245,IMRAN AUTO MALIR,5000.0,,1,N,0
1779,2026-07-04,248,FAISAL AUTO AZEEM PURA,5000.0,,1,N,0
1780,2026-07-04,170,ABDUL HADI AUTO DRIG ROAD,5000.0,,1,N,0
1781,2026-07-04,276,REHAN AUTO SHAH FAISAL,5000.0,,1,N,0
1782,2026-07-04,167,QADRI AUTO SHAH FAISAL,5000.0,,1,N,0
1783,2026-07-04,148,IRFAN AUTO SHAH FAISAL,10000.0,,1,N,0
1784,2026-07-04,68,ARIF AUTOS LANDHI,10000.0,,1,N,0
1785,2026-07-04,153,JUNAID AUTO SHAHFAISAL,39600.0,,1,N,0
1786,2026-07-04,141,ALI AUTO MEHMODABAD,4000.0,,1,N,0
1787,2026-07-04,116,ASIF SUPPLIER ZIP 1,10000.0,,1,N,0
1788,2026-07-04,275,MUNAWAR GUMBHAT,35000.0,,1,N,0
1789,2026-07-04,132,ADNAN AUTO FAST,8150.0,,1,N,0
1790,2026-07-06,138,ASIM BROTHERS MARKET,7000.0,,1,N,0
1791,2026-07-04,192,SUBHAN AUTO GULSHAN 13D,5000.0,,1,N,0
1792,2026-07-04,211,ZAFAR AUTO SABZI MANDI,4000.0,,1,N,0
1793,2026-07-04,190,ASIF AUTO SABZI MANDI,3000.0,,1,N,0
1794,2026-07-04,246,NASIR AUTO PEOPELS CHORANGI,4500.0,,1,N,0
1795,2026-07-04,178,B.S ALIYAN AUTO WATER PUMP,2000.0,,1,N,0
1796,2026-07-04,217,BISMILLAH AUTO WATER PUMP,2000.0,,1,N,0
1797,2026-07-04,213,YOUSUF AUTO GULLSHAN 13D,1000.0,,1,N,0
1798,2026-07-04,270,SARWAR AUTO PEOPELS CHOWRANGI,1500.0,,1,N,0
1799,2026-07-04,75,YASIR AUTOS SACHAL GOTH,8600.0,,1,N,0
1800,2026-07-04,278,SHOAIB AUTO SACHAL,15000.0,,1,N,0
1801,2026-07-04,281,SUBHAN ALLAH AUTO SACHAL,5000.0,,1,N,0
1802,2026-07-04,149,SHEIKH AUTO PEHALWAN GOTH,10000.0,,1,N,0
1803,2026-07-04,289,GHAZI AUTO PEHALWAN GOTH,5000.0,,1,N,0
1804,2026-07-04,228,KHALIL AUTO RABIA CITY,5000.0,,1,N,0
1805,2026-07-06,321,NASEER AUTO LIYARI 36,29700.0,,1,N,0
1806,2026-07-06,311,INSAF AUTO LIYARI 36,17000.0,,1,N,0
1807,2026-07-06,313,INSAF LIYARI 36 W/RIM,3000.0,,1,N,0
1808,2026-07-06,111,HAMZA AUTO SURJANI,3000.0,,1,N,0
1809,2026-07-06,141,ALI AUTO MEHMODABAD,6000.0,,1,N,0
1810,2026-07-06,222,M.A AUTO UP,50000.0,,1,N,0
1811,2026-07-06,36,HADIA K1 NORTH NAZIMABAD,10000.0,,1,N,0
1812,2026-07-06,68,ARIF AUTOS LANDHI,10000.0,,1,N,0
1813,2026-07-06,26,AZAN AUTOS JIMMY LANDHI,15000.0,,1,N,0
1814,2026-07-06,101,A.R AUTOS BAGH-E-KORANGI,10000.0,,1,N,0
1815,2026-07-06,285,K.K AUTO RABIA CITY,10000.0,,1,N,0
1816,2026-07-06,259,IMRAN AUTO PEHALWAN GOTH,6000.0,,1,N,0
1817,2026-07-06,266,MADNI AUTO PEHALWAN GOTH,5000.0,,1,N,0
1818,2026-07-06,246,NASIR AUTO PEOPELS CHORANGI,1000.0,,1,N,0
1819,2026-07-06,270,SARWAR AUTO PEOPELS CHOWRANGI,1000.0,,1,N,0
1820,2026-07-06,217,BISMILLAH AUTO WATER PUMP,1000.0,,1,N,0
1821,2026-07-06,213,YOUSUF AUTO GULLSHAN 13D,1000.0,,1,N,0
1822,2026-07-06,176,ANSARI AUTO DASTAGIR,1000.0,,1,N,0
1823,2026-07-06,287,HAFEEZ AUTO GHAZI GOTH,5000.0,,1,N,0
1824,2026-07-06,280,MINHAJ AUTO MAYMAR,10000.0,,1,N,0
1825,2026-07-06,164,STAR AUTO MAYMAR,10000.0,,1,N,0
1826,2026-07-06,297,AWAMI AUTO FAQEERA GOTH,14947.0,,1,N,0
1827,2026-07-06,229,IMRAN AUTO FAQEERA GOTH,10000.0,,1,N,0
1828,2026-07-06,338,REHMAN AUTO JANJAL GOTH,5000.0,,1,N,0
1829,2026-07-06,253,IZZAT AGA AUTO RABIA CITY,7000.0,,1,N,0
1830,2026-07-06,104,HAMZA AUTO MOSMIYAT,35000.0,,1,N,0
1831,2026-07-06,25,AZAN AUTO BADIN,100000.0,,1,N,0
1832,2026-07-07,221,WAJAHAT SUPPLIER MARKET,1250.0,,1,N,0
1833,2026-07-07,112,RAJPUT AUTO SABRI CHOWK ORANGI,10000.0,,1,N,0
1834,2026-07-07,92,OSAMA ISLAM CHOWK,9000.0,,1,N,0
1835,2026-07-07,20,ALI AUTOS ISLAM CHOWK,20000.0,,1,N,0
1836,2026-07-07,71,HAMZA KHAN AUTOS ORANGI TOWN,15000.0,,1,N,0
1837,2026-07-07,69,WAQAS AUTOS ISLAM CHOWK,25000.0,,1,N,0
1838,2026-07-07,286,QUETTA AUTO BAKRA PIRI MALIR,7100.0,,1,N,0
1839,2026-07-07,308,SHAN AUTO MALIR,2000.0,,1,N,0
1840,2026-07-07,273,RIZWAN AUTO MALIR,4000.0,,1,N,0
1841,2026-07-07,233,SHAMIM AUTO KALA BOARD,5000.0,,1,N,0
1842,2026-07-07,292,AL-REHMAN AUTO MALIR,4000.0,,1,N,0
1843,2026-07-07,260,ASAD AUTO MALIR,2000.0,,1,N,0
1844,2026-07-07,158,PAKISTAN AUTO QUAIDABAD,5000.0,,1,N,0
1845,2026-07-07,298,IQBAL AUTO QAIDABAD,5000.0,,1,N,0
1846,2026-07-07,220,SHAFI AUTO MEMON GOTH,14000.0,,1,N,0
1847,2026-07-07,150,M UMER BADIN,85000.0,,1,N,0
1848,2026-07-07,51,NEW KAKAR AUTOS PIDC,10000.0,,1,N,0
1849,2026-07-07,25,AZAN AUTO BADIN,50000.0,,1,N,0
1850,2026-07-07,102,SALEEM MAMU,7000.0,,1,N,0
1851,2026-07-07,132,ADNAN AUTO FAST,25650.0,,1,N,0
1852,2026-07-07,132,ADNAN AUTO FAST,14350.0,,1,N,0
1853,2026-07-08,209,R-K AUTO MARKET,6500.0,,1,N,0
1854,2026-07-08,187,NASEER AUTO VINDER,4376.0,,1,N,0
1855,2026-07-08,231,STAR AUTO MALIR,15530.0,,1,N,0
1856,2026-07-08,237,J&B AUTO SHAH LATIF,15000.0,,1,N,0
1857,2026-07-08,330,MADINA AUTO QUAIDABAD,10000.0,,1,N,0
1858,2026-07-08,109,BABU AUTO SINDHI HOTEL,10000.0,,1,N,0
1859,2026-07-08,161,SHAYAN AUTO U.P,15000.0,,1,N,0
1860,2026-07-08,327,AJMERI AUTO SINDHI HOTEL,2000.0,,1,N,0
1861,2026-07-08,213,YOUSUF AUTO GULLSHAN 13D,2000.0,,1,N,0
1862,2026-07-08,217,BISMILLAH AUTO WATER PUMP,1000.0,,1,N,0
1863,2026-07-08,178,B.S ALIYAN AUTO WATER PUMP,4000.0,,1,N,0
1864,2026-07-08,246,NASIR AUTO PEOPELS CHORANGI,2000.0,,1,N,0
1865,2026-07-08,270,SARWAR AUTO PEOPELS CHOWRANGI,2500.0,,1,N,0
1866,2026-07-09,199,SUFI BILAL COLONY KORANGI,5000.0,,8,N,0
1867,2026-07-09,144,TAJ AUTO MEHRAN TOWN 2,6000.0,,8,N,0
1868,2026-07-09,114,TAJ AUTO MEHRAN TOWN 1,3000.0,,1,N,0
1869,2026-07-09,173,B.S AUTO FARZAN BAK KORANGI,5000.0,,1,N,0
1870,2026-07-09,181,MAKKA AUTO KORANGI 3 NUMBER,3000.0,,1,N,0
1871,2026-07-09,207,B.S KORANGI 4 POOL,5000.0,,1,N,0
1872,2026-07-09,215,M/S AUTO GULLSHAN 13D,5000.0,,1,N,0
1873,2026-07-09,189,UBAID AUTO GULLSHAN 13D,5000.0,,1,N,0
1874,2026-07-09,192,SUBHAN AUTO GULSHAN 13D,5000.0,,1,N,0
1875,2026-07-09,176,ANSARI AUTO DASTAGIR,1000.0,,1,N,0
1876,2026-07-09,246,NASIR AUTO PEOPELS CHORANGI,1000.0,,1,N,0
1877,2026-07-09,178,B.S ALIYAN AUTO WATER PUMP,2000.0,,1,N,0
1878,2026-07-09,270,SARWAR AUTO PEOPELS CHOWRANGI,1000.0,,1,N,0
1879,2026-07-09,213,YOUSUF AUTO GULLSHAN 13D,2000.0,,1,N,0
1880,2026-07-09,180,ARSALAN AUTO 13D GULLSHAN,3000.0,,1,N,0
1881,2026-07-09,129,B.S AUTO AZIZABAD,10000.0,,1,N,0
1882,2026-07-09,98,ASLAM AUTOS MARIPUR,20000.0,,1,N,0
1883,2026-07-09,82,JUNAID AUTO AGRA TAJ,10800.0,,1,N,0
1884,2026-07-09,67,JAMEEL AUTOS LEE MARKET,20000.0,,1,N,0
1885,2026-07-09,223,ABID AUTO LUCKY STAR,3000.0,,1,N,0
1886,2026-07-09,141,ALI AUTO MEHMODABAD,8000.0,,1,N,0
1887,2026-07-09,115,HONDA KARACHI PAKISTAN CHOWK,20000.0,,1,N,0
1888,2026-07-09,116,ASIF SUPPLIER ZIP 1,10000.0,,1,N,0
1889,2026-07-09,272,KAMRAN AUTO SHEHDAD KOT,61660.0,,1,N,0
1890,2026-07-10,215,M/S AUTO GULLSHAN 13D,10000.0,,1,N,0
1891,2026-07-10,213,YOUSUF AUTO GULLSHAN 13D,3000.0,,1,N,0
1892,2026-07-10,246,NASIR AUTO PEOPELS CHORANGI,2000.0,,1,N,0
1893,2026-07-10,270,SARWAR AUTO PEOPELS CHOWRANGI,1000.0,,1,N,0
1894,2026-07-10,217,BISMILLAH AUTO WATER PUMP,1000.0,,1,N,0
1895,2026-07-10,68,ARIF AUTOS LANDHI,20000.0,,1,N,0
1896,2026-07-10,57,RANA AUTOS LANDHI,40000.0,,1,N,0
1897,2026-07-10,243,KAZIM AUTO BAG E KORANGI,15000.0,,1,N,0
1898,2026-07-10,248,FAISAL AUTO AZEEM PURA,6000.0,,1,N,0
1899,2026-07-10,335,MAHROOF AUTO SHAH FAISAL,2000.0,,1,N,0
1900,2026-07-10,170,ABDUL HADI AUTO DRIG ROAD,4000.0,,1,N,0
1901,2026-07-10,276,REHAN AUTO SHAH FAISAL,8000.0,,1,N,0
1902,2026-07-10,167,QADRI AUTO SHAH FAISAL,5000.0,,1,N,0
1903,2026-06-24,236,QUETTA AUTO SHAHLATIF,20000.0,,1,N,0
1904,2026-06-24,239,AL-HAJ AUTO MANSERA COLONY,5000.0,,1,N,0
1905,2026-06-24,256,PARTS WALA AUTO LANDHI 6,7000.0,,1,N,0
1906,2026-06-24,251,KARACHI AUTO QUAIDABAD,8200.0,,1,N,0
1907,2026-06-24,237,J&B AUTO SHAH LATIF,10000.0,,1,N,0
1908,2026-07-10,293,SIDDIQUE AUTO LANDHI,8000.0,,1,N,0
1909,2026-07-11,204,MADINA AUTO AL-ASIF SQUARE,135000.0,,1,N,0
1910,2026-07-13,79,REHMAN AUTO AJMEER NAGRI,5000.0,,1,N,0
1911,2026-07-13,36,HADIA K1 NORTH NAZIMABAD,10000.0,,1,N,0
1912,2026-07-13,111,HAMZA AUTO SURJANI,2500.0,,1,N,0
1913,2026-07-13,68,ARIF AUTOS LANDHI,10000.0,,1,N,0
1914,2026-07-13,57,RANA AUTOS LANDHI,20000.0,,1,N,0
1915,2026-07-13,26,AZAN AUTOS JIMMY LANDHI,10000.0,,1,N,0
1916,2026-07-13,101,A.R AUTOS BAGH-E-KORANGI,15000.0,,1,N,0
1917,2026-07-13,337,NOORANI AUTO SAFORA,10000.0,,1,N,0
1918,2026-07-13,287,HAFEEZ AUTO GHAZI GOTH,4000.0,,1,N,0
1919,2026-07-13,75,YASIR AUTOS SACHAL GOTH,5000.0,,1,N,0
1920,2026-07-13,278,SHOAIB AUTO SACHAL,8350.0,,1,N,0
1921,2026-07-13,281,SUBHAN ALLAH AUTO SACHAL,5000.0,,1,N,0
1922,2026-07-13,269,M/S AUTO SACHAL,3000.0,,1,N,0
1923,2026-07-13,149,SHEIKH AUTO PEHALWAN GOTH,10000.0,,1,N,0
1924,2026-07-13,27,B.S BAKHTAWAR GOTH,10600.0,,1,N,0
1925,2026-07-13,289,GHAZI AUTO PEHALWAN GOTH,3000.0,,1,N,0
1926,2026-07-13,228,KHALIL AUTO RABIA CITY,3875.0,,1,N,0
1927,2026-07-13,253,IZZAT AGA AUTO RABIA CITY,7000.0,,1,N,0
1928,2026-07-13,336,DEEWAN AUTO SHAH FAISAL,5000.0,,1,N,0
1929,2026-07-13,340,HAJI AUTO JAMALI PULL,15000.0,,1,N,0
1930,2026-07-13,164,STAR AUTO MAYMAR,10000.0,,1,N,0
1931,2026-07-13,282,SALEEM AUTO MAYMAR,5000.0,,1,N,0
1932,2026-07-13,338,REHMAN AUTO JANJAL GOTH,5000.0,,1,N,0
1933,2026-07-13,322,MIRAJ AUTO M.KHAN GOTH,4000.0,,1,N,0
1934,2026-07-13,297,AWAMI AUTO FAQEERA GOTH,3000.0,,1,N,0
1935,2026-07-13,238,IMRAN AUTO SHER PAO,5000.0,,1,N,0
1936,2026-05-16,228,KHALIL AUTO RABIA CITY,5000.0,,1,N,0
1937,2026-07-14,158,PAKISTAN AUTO QUAIDABAD,5000.0,,1,N,0
1938,2026-07-14,298,IQBAL AUTO QAIDABAD,3500.0,,1,N,0
1939,2026-07-14,229,IMRAN AUTO FAQEERA GOTH,17400.0,,1,N,0
1940,2026-07-14,273,RIZWAN AUTO MALIR,5000.0,,1,N,0
1941,2026-07-14,292,AL-REHMAN AUTO MALIR,5355.0,,1,N,0
1942,2026-07-14,274,A.M AUTO MALIR,6540.0,,1,N,0
1943,2026-07-14,260,ASAD AUTO MALIR,2000.0,,1,N,0
1944,2026-07-14,256,PARTS WALA AUTO LANDHI 6,7000.0,,1,N,0
1945,2026-07-14,342,AWAMI AUTO W/RIM,17000.0,,1,N,0
1946,2026-07-14,92,OSAMA ISLAM CHOWK,10000.0,,1,N,0
1947,2026-07-14,71,HAMZA KHAN AUTOS ORANGI TOWN,18000.0,,1,N,0
1948,2026-07-14,69,WAQAS AUTOS ISLAM CHOWK,30000.0,,1,N,0
1949,2026-07-14,25,AZAN AUTO BADIN,55000.0,,1,N,0
1950,2026-07-14,42,KHATAOMAL PANGRIO,100000.0,,1,N,0
1951,2026-07-15,254,WARSI AUTO NAZIMABAD,3000.0,,1,N,0
1952,2026-07-15,192,SUBHAN AUTO GULSHAN 13D,5000.0,,1,N,0
1953,2026-07-15,246,NASIR AUTO PEOPELS CHORANGI,3000.0,,1,N,0
1954,2026-07-15,216,M/S AUTO 13D W/RIM,4000.0,,1,N,0
1955,2026-07-15,270,SARWAR AUTO PEOPELS CHOWRANGI,2500.0,,1,N,0
1956,2026-07-15,217,BISMILLAH AUTO WATER PUMP,2000.0,,1,N,0
1957,2026-07-15,176,ANSARI AUTO DASTAGIR,1000.0,,1,N,0
1958,2026-07-15,178,B.S ALIYAN AUTO WATER PUMP,1000.0,,1,N,0
1959,2026-07-15,109,BABU AUTO SINDHI HOTEL,10000.0,,1,N,0
1960,2026-07-15,231,STAR AUTO MALIR,25000.0,,1,N,0
1961,2026-07-15,237,J&B AUTO SHAH LATIF,10000.0,,1,N,0
1962,2026-07-15,239,AL-HAJ AUTO MANSERA COLONY,10000.0,,1,N,0
1963,2026-07-15,168,B.S AUTO QUAIDABAD,20000.0,,1,N,0
1964,2026-07-15,59,RIDER AUTO PARTS,50000.0,,1,N,0
1965,2026-07-15,319,BILAL JAN AUTO GAWADAR,44840.0,,1,N,0
1966,2026-07-15,275,MUNAWAR GUMBHAT,15000.0,,1,N,0
1967,2026-07-15,226,QISMAT AUTO TANDO GHULAM ALI,16000.0,,1,N,0
1968,2026-07-15,119,KARTAR AUTO CHOUARJAMALI,7500.0,,1,N,0
1969,2026-07-15,25,AZAN AUTO BADIN,76500.0,,1,N,0
1970,2026-07-16,82,JUNAID AUTO AGRA TAJ,20000.0,,1,N,0
1971,2026-07-16,67,JAMEEL AUTOS LEE MARKET,20000.0,,1,N,0
1972,2026-07-16,310,TIGER AUTO LUCKY STAR,3000.0,,1,N,0
1973,2026-07-16,223,ABID AUTO LUCKY STAR,2500.0,,1,N,0
1974,2026-07-16,77,MALIK AUTO LINES AREA,5000.0,,1,N,0
1975,2026-07-16,101,A.R AUTOS BAGH-E-KORANGI,5000.0,,1,N,0
1976,2026-07-16,199,SUFI BILAL COLONY KORANGI,5000.0,,8,N,0
1977,2026-07-16,295,SIDDIQUE AUTO BILAL COLONY,5000.0,,1,N,0
1978,2026-07-16,144,TAJ AUTO MEHRAN TOWN 2,7000.0,,8,N,0
1979,2026-07-16,173,B.S AUTO FARZAN BAK KORANGI,8000.0,,1,N,0
1980,2026-07-16,227,HASNAIN AUTO KORANGI 51 A,3000.0,,1,N,0
1981,2026-07-16,192,SUBHAN AUTO GULSHAN 13D,5000.0,,1,N,0
1982,2026-07-16,246,NASIR AUTO PEOPELS CHORANGI,1000.0,,1,N,0
1983,2026-07-16,315,SHAYAN AUTO UP W/RIM,15000.0,,1,N,0
1984,2026-07-16,213,YOUSUF AUTO GULLSHAN 13D,3000.0,,1,N,0
1985,2026-07-16,209,R-K AUTO MARKET,500.0,,1,N,0
1986,2026-07-16,305,ALI AUTO ISLAM CHOWK W/RIM,53114.0,RCV ZIP1 PAYBLE,1,N,0
1987,2026-07-17,248,FAISAL AUTO AZEEM PURA,6000.0,,1,N,0
1988,2026-07-17,335,MAHROOF AUTO SHAH FAISAL,2000.0,,1,N,0
1989,2026-07-17,170,ABDUL HADI AUTO DRIG ROAD,5000.0,,1,N,0
1990,2026-07-17,276,REHAN AUTO SHAH FAISAL,6000.0,,1,N,0
1991,2026-07-17,148,IRFAN AUTO SHAH FAISAL,10000.0,,1,N,0
1992,2026-07-17,167,QADRI AUTO SHAH FAISAL,5000.0,,1,N,0
1993,2026-07-17,238,IMRAN AUTO SHER PAO,5000.0,,1,N,0
1994,2026-07-17,60,RIZWAN SUPPLIER KORANGI,32000.0,,1,N,0
1995,2026-07-17,68,ARIF AUTOS LANDHI,15000.0,,1,N,0
1996,2026-07-17,174,FAROOQ AUTO SHAH FAISAL,8000.0,,1,N,0
1997,2026-07-17,70,UNIQUE AUTOS LANDHI,100000.0,,1,N,0
1998,2026-07-17,141,ALI AUTO MEHMODABAD,9000.0,,1,N,0
1999,2026-07-17,215,M/S AUTO GULLSHAN 13D,10000.0,,1,N,0
2000,2026-07-17,216,M/S AUTO 13D W/RIM,5000.0,,1,N,0
2001,2026-07-17,213,YOUSUF AUTO GULLSHAN 13D,3000.0,,1,N,0
2002,2026-07-17,178,B.S ALIYAN AUTO WATER PUMP,2000.0,,1,N,0
2003,2026-07-17,217,BISMILLAH AUTO WATER PUMP,1000.0,,1,N,0
2004,2026-07-17,176,ANSARI AUTO DASTAGIR,1000.0,,1,N,0
2005,2026-07-17,270,SARWAR AUTO PEOPELS CHOWRANGI,1000.0,,1,N,0
2006,2026-07-17,181,MAKKA AUTO KORANGI 3 NUMBER,3000.0,,1,N,0
2007,2026-07-17,132,ADNAN AUTO FAST,23000.0,,1,N,0
2008,2026-07-17,116,ASIF SUPPLIER ZIP 1,10000.0,,1,N,0
2009,2026-07-17,132,ADNAN AUTO FAST,17000.0,,1,N,0
2010,2026-07-17,132,ADNAN AUTO FAST,3500.0,,1,N,0
2011,2026-07-17,275,MUNAWAR GUMBHAT,15000.0,,1,N,0
2012,2026-07-07,70,UNIQUE AUTOS LANDHI,600.0,brake shoe rate difrens,1,N,0
2013,2026-07-17,138,ASIM BROTHERS MARKET,10800.0,,1,N,0
2014,2026-07-17,51,NEW KAKAR AUTOS PIDC,9000.0,,1,N,0
2015,2026-07-13,246,NASIR AUTO PEOPELS CHORANGI,3000.0,,1,N,0
2016,2026-07-13,178,B.S ALIYAN AUTO WATER PUMP,3000.0,,1,N,0
2017,2026-07-13,176,ANSARI AUTO DASTAGIR,1000.0,,1,N,0
2018,2026-07-13,213,YOUSUF AUTO GULLSHAN 13D,6000.0,,1,N,0
2019,2026-07-13,192,SUBHAN AUTO GULSHAN 13D,5000.0,,1,N,0
2020,2026-07-13,211,ZAFAR AUTO SABZI MANDI,3000.0,,1,N,0
2021,2026-07-13,285,K.K AUTO RABIA CITY,10000.0,,1,N,0
2022,2026-07-13,259,IMRAN AUTO PEHALWAN GOTH,10000.0,,1,N,0
2023,2026-07-13,331,M.UMAR AUTO NASIR JUMP KORANGI,10000.0,,1,N,0
2024,2026-07-13,217,BISMILLAH AUTO WATER PUMP,1000.0,,1,N,0
2025,2026-07-13,270,SARWAR AUTO PEOPELS CHOWRANGI,1000.0,,1,N,0
2026,2026-07-20,323,MAKRAN AUTO TURBAT,114000.0,,1,N,0
2027,2026-07-20,104,HAMZA AUTO MOSMIYAT,35000.0,,1,N,0
2028,2026-07-20,156,SUMAIR AUTO GOLIMAR,20000.0,,1,N,0
2029,2026-07-20,80,HUSSAIN AUTO AJMEER NAGRI,20000.0,,1,N,0
2030,2026-07-20,321,NASEER AUTO LIYARI 36,30000.0,,1,N,0
2031,2026-07-20,81,TAYYABA AUTO SURJANI,6000.0,,1,N,0
2032,2026-07-20,36,HADIA K1 NORTH NAZIMABAD,10000.0,,1,N,0
2033,2026-07-20,128,ZAIB AUTO WATER PUMP,10000.0,,1,N,0
2034,2026-07-20,68,ARIF AUTOS LANDHI,10000.0,,1,N,0
2035,2026-07-20,26,AZAN AUTOS JIMMY LANDHI,10000.0,,1,N,0
2036,2026-07-20,337,NOORANI AUTO SAFORA,10000.0,,1,N,0
2037,2026-07-20,287,HAFEEZ AUTO GHAZI GOTH,10000.0,,1,N,0
2038,2026-07-20,215,M/S AUTO GULLSHAN 13D,3000.0,,1,N,0
2039,2026-07-20,289,GHAZI AUTO PEHALWAN GOTH,7000.0,,1,N,0
2040,2026-07-20,253,IZZAT AGA AUTO RABIA CITY,5000.0,,1,N,0
2041,2026-07-20,255,BABA & SONS KORANGI 5/2,1050.0,,1,N,0
2042,2026-07-20,340,HAJI AUTO JAMALI PULL,10000.0,,1,N,0
2043,2026-07-20,280,MINHAJ AUTO MAYMAR,5000.0,,1,N,0
2044,2026-07-20,164,STAR AUTO MAYMAR,5000.0,,1,N,0
2045,2026-07-20,338,REHMAN AUTO JANJAL GOTH,5000.0,,1,N,0
2046,2026-07-20,322,MIRAJ AUTO M.KHAN GOTH,3000.0,,1,N,0
2047,2026-07-20,298,IQBAL AUTO QAIDABAD,4000.0,,1,N,0
2048,2026-07-20,251,KARACHI AUTO QUAIDABAD,5000.0,,1,N,0
2049,2026-07-20,220,SHAFI AUTO MEMON GOTH,14000.0,,1,N,0
2050,2026-07-20,192,SUBHAN AUTO GULSHAN 13D,5000.0,,1,N,0
2051,2026-07-20,213,YOUSUF AUTO GULLSHAN 13D,6000.0,,1,N,0
2052,2026-07-20,211,ZAFAR AUTO SABZI MANDI,5000.0,,1,N,0
2053,2026-07-20,190,ASIF AUTO SABZI MANDI,3000.0,,1,N,0
2054,2026-07-20,178,B.S ALIYAN AUTO WATER PUMP,2000.0,,1,N,0
2055,2026-07-20,246,NASIR AUTO PEOPELS CHORANGI,2500.0,,1,N,0
2056,2026-07-20,270,SARWAR AUTO PEOPELS CHOWRANGI,2000.0,,1,N,0
2057,2026-07-20,176,ANSARI AUTO DASTAGIR,1000.0,,1,N,0
2058,2026-07-20,217,BISMILLAH AUTO WATER PUMP,2000.0,,1,N,0
2059,2026-07-20,285,K.K AUTO RABIA CITY,8000.0,,1,N,0
2060,2026-07-20,259,IMRAN AUTO PEHALWAN GOTH,5000.0,,1,N,0
2061,2026-07-20,266,MADNI AUTO PEHALWAN GOTH,4650.0,,1,N,0
2062,2026-07-20,267,HAFIZ AUTO PEHALWAN GOTH,7000.0,,1,N,0
2063,2026-07-21,112,RAJPUT AUTO SABRI CHOWK ORANGI,10000.0,,1,N,0
2064,2026-07-21,92,OSAMA ISLAM CHOWK,10000.0,,1,N,0
2065,2026-07-21,71,HAMZA KHAN AUTOS ORANGI TOWN,20000.0,,1,N,0
2066,2026-07-21,305,ALI AUTO ISLAM CHOWK W/RIM,9000.0,,1,N,0
2067,2026-07-21,128,ZAIB AUTO WATER PUMP,25000.0,,1,N,0
2068,2026-07-21,273,RIZWAN AUTO MALIR,5000.0,,1,N,0
2069,2026-07-21,292,AL-REHMAN AUTO MALIR,6000.0,,1,N,0
2070,2026-07-21,260,ASAD AUTO MALIR,2350.0,,1,N,0
2071,2026-07-21,158,PAKISTAN AUTO QUAIDABAD,7000.0,,1,N,0
2072,2026-07-22,334,PAK AUTO SHAHFAISAL SECTOR 22B,20000.0,,1,N,0
2073,2026-07-22,236,QUETTA AUTO SHAHLATIF,8000.0,,1,N,0
2074,2026-07-22,237,J&B AUTO SHAH LATIF,10600.0,,1,N,0
2075,2026-07-22,239,AL-HAJ AUTO MANSERA COLONY,8300.0,,1,N,0
2076,2026-07-22,231,STAR AUTO MALIR,25000.0,,1,N,0
2077,2026-07-22,168,B.S AUTO QUAIDABAD,15000.0,,1,N,0
2078,2026-07-22,316,ASLAM AUTO MAJEED COLONY,5000.0,,1,N,0
2079,2026-07-22,192,SUBHAN AUTO GULSHAN 13D,10000.0,,1,N,0
2080,2026-07-22,109,BABU AUTO SINDHI HOTEL,10000.0,,1,N,0
2081,2026-07-22,213,YOUSUF AUTO GULLSHAN 13D,4000.0,,1,N,0
2082,2026-07-22,327,AJMERI AUTO SINDHI HOTEL,5000.0,,1,N,0
2083,2026-07-22,178,B.S ALIYAN AUTO WATER PUMP,2000.0,,1,N,0
2084,2026-07-22,246,NASIR AUTO PEOPELS CHORANGI,2000.0,,1,N,0
2085,2026-07-22,270,SARWAR AUTO PEOPELS CHOWRANGI,1000.0,,1,N,0
2086,2026-07-22,217,BISMILLAH AUTO WATER PUMP,1000.0,,1,N,0
2087,2026-07-22,180,ARSALAN AUTO 13D GULLSHAN,2450.0,,1,N,0
2088,2026-07-22,171,MAMA JAMALI AUTO BADIN,10000.0,,1,N,0
2089,2026-07-22,186,MAMA ASHFAQ BADIN,1090.0,,1,N,0
2090,2026-07-22,132,ADNAN AUTO FAST,40000.0,,1,N,0
2091,2026-07-23,98,ASLAM AUTOS MARIPUR,15000.0,,1,N,0
2092,2026-07-23,82,JUNAID AUTO AGRA TAJ,24000.0,,1,N,0
2093,2026-07-23,223,ABID AUTO LUCKY STAR,3000.0,,1,N,0
2094,2026-07-23,199,SUFI BILAL COLONY KORANGI,5000.0,,8,N,0
2095,2026-07-23,295,SIDDIQUE AUTO BILAL COLONY,10000.0,,1,N,0
2096,2026-07-23,144,TAJ AUTO MEHRAN TOWN 2,5000.0,,8,N,0
2097,2026-07-23,173,B.S AUTO FARZAN BAK KORANGI,5000.0,,1,N,0
2098,2026-07-23,181,MAKKA AUTO KORANGI 3 NUMBER,3000.0,,1,N,0
2099,2026-07-23,207,B.S KORANGI 4 POOL,3000.0,,1,N,0
2100,2026-07-23,227,HASNAIN AUTO KORANGI 51 A,3000.0,,1,N,0
2101,2026-07-23,213,YOUSUF AUTO GULLSHAN 13D,2000.0,,1,N,0
2102,2026-07-23,215,M/S AUTO GULLSHAN 13D,14000.0,,1,N,0
2103,2026-07-24,69,WAQAS AUTOS ISLAM CHOWK,25000.0,,1,N,0
2104,2026-07-24,17,AHMED RAZA AUTOS REHMANIA MOR,9000.0,,1,N,0
2105,2026-07-24,68,ARIF AUTOS LANDHI,10000.0,,1,N,0
2106,2026-07-24,57,RANA AUTOS LANDHI,18000.0,,1,N,0
2107,2026-07-24,70,UNIQUE AUTOS LANDHI,50000.0,,1,N,0
2108,2026-07-24,153,JUNAID AUTO SHAHFAISAL,20000.0,,1,N,0
2109,2026-07-24,243,KAZIM AUTO BAG E KORANGI,25000.0,,1,N,0
2110,2026-07-24,170,ABDUL HADI AUTO DRIG ROAD,3000.0,,1,N,0
2111,2026-07-24,276,REHAN AUTO SHAH FAISAL,4000.0,,1,N,0
2112,2026-07-24,167,QADRI AUTO SHAH FAISAL,5000.0,,1,N,0
2113,2026-07-24,148,IRFAN AUTO SHAH FAISAL,5000.0,,1,N,0
2114,2026-07-24,336,DEEWAN AUTO SHAH FAISAL,5000.0,,1,N,0
2115,2026-07-24,251,KARACHI AUTO QUAIDABAD,5904.0,,1,N,0
2116,2026-07-24,238,IMRAN AUTO SHER PAO,5000.0,,1,N,0
2117,2026-07-24,116,ASIF SUPPLIER ZIP 1,10000.0,,1,N,0
2118,2026-07-24,171,MAMA JAMALI AUTO BADIN,34000.0,,1,N,0
2119,2026-07-24,83,SINDH KOHLI SAMARO,10000.0,,1,N,0
2120,2026-07-24,264,NOOR AUTO JHUDDO,57730.0,,1,N,0
2121,2026-07-24,333,A-ONE AUTO NUKOT,30000.0,,1,N,0
2122,2026-07-24,133,YOUSUF AUTO SATO MAIL,20000.0,,1,N,0
2123,2026-07-24,150,M UMER BADIN,300000.0,,1,N,0
2124,2026-07-25,204,MADINA AUTO AL-ASIF SQUARE,100000.0,,1,N,0
2125,2026-07-25,115,HONDA KARACHI PAKISTAN CHOWK,20000.0,,1,N,0
2126,2026-07-27,321,NASEER AUTO LIYARI 36,25000.0,,1,N,0
2127,2026-07-27,36,HADIA K1 NORTH NAZIMABAD,14790.0,,1,N,0
2128,2026-07-27,80,HUSSAIN AUTO AJMEER NAGRI,10000.0,,1,N,0
2129,2026-07-27,156,SUMAIR AUTO GOLIMAR,16000.0,,1,N,0
2130,2026-07-27,337,NOORANI AUTO SAFORA,10000.0,,1,N,0
2131,2026-07-27,287,HAFEEZ AUTO GHAZI GOTH,10000.0,,1,N,0
2132,2026-07-27,281,SUBHAN ALLAH AUTO SACHAL,7000.0,,1,N,0
2133,2026-07-27,149,SHEIKH AUTO PEHALWAN GOTH,10000.0,,1,N,0
2134,2026-07-27,289,GHAZI AUTO PEHALWAN GOTH,3000.0,,1,N,0
2135,2026-07-27,253,IZZAT AGA AUTO RABIA CITY,6000.0,,1,N,0
2136,2026-07-27,340,HAJI AUTO JAMALI PULL,7000.0,,1,N,0
2137,2026-07-27,280,MINHAJ AUTO MAYMAR,5000.0,,1,N,0
2138,2026-07-27,282,SALEEM AUTO MAYMAR,5000.0,,1,N,0
2139,2026-07-27,349,SALEEM AUTO HASNABAD,3000.0,,1,N,0
2140,2026-07-27,338,REHMAN AUTO JANJAL GOTH,5000.0,,1,N,0
2141,2026-07-27,158,PAKISTAN AUTO QUAIDABAD,5000.0,,1,N,0
2142,2026-07-27,217,BISMILLAH AUTO WATER PUMP,5000.0,,1,N,0
2143,2026-07-27,270,SARWAR AUTO PEOPELS CHOWRANGI,3500.0,,1,N,0
2144,2026-07-27,178,B.S ALIYAN AUTO WATER PUMP,2000.0,,1,N,0
2145,2026-07-27,285,K.K AUTO RABIA CITY,10000.0,,1,N,0
2146,2026-07-27,259,IMRAN AUTO PEHALWAN GOTH,5000.0,,1,N,0
2147,2026-07-27,176,ANSARI AUTO DASTAGIR,1900.0,,1,N,0
2148,2026-07-27,348,MUKHTAR AUTO KAMRAN CHORANGI,20650.0,,1,N,0
2149,2026-07-28,71,HAMZA KHAN AUTOS ORANGI TOWN,30000.0,,1,N,0
2150,2026-07-28,305,ALI AUTO ISLAM CHOWK W/RIM,5000.0,,1,N,0
2151,2026-07-28,92,OSAMA ISLAM CHOWK,8000.0,,1,N,0
2152,2026-07-28,57,RANA AUTOS LANDHI,20000.0,,1,N,0
2153,2026-07-28,101,A.R AUTOS BAGH-E-KORANGI,10000.0,,1,N,0
2154,2026-07-28,120,BHATTI AUTO GULSHAN BLK 2,6000.0,,1,N,0
2155,2026-07-28,229,IMRAN AUTO FAQEERA GOTH,10000.0,,1,N,0
2156,2026-07-28,353,MUNAWWAR AUTO MALIR,3000.0,,1,N,0
2157,2026-07-28,273,RIZWAN AUTO MALIR,5000.0,,1,N,0
2158,2026-07-28,291,FAISAL AUTO PEHAWAN GOTH,5000.0,,1,N,0
2159,2026-07-28,51,NEW KAKAR AUTOS PIDC,69300.0,,1,N,0
2160,2026-07-29,231,STAR AUTO MALIR,25000.0,,1,N,0
2161,2026-07-29,330,MADINA AUTO QUAIDABAD,10000.0,,1,N,0
2162,2026-07-29,292,AL-REHMAN AUTO MALIR,5000.0,,1,N,0
2163,2026-07-30,350,HUZAIFA AUTO KORANGI 5/1,5000.0,,1,N,0
2164,2026-07-30,256,PARTS WALA AUTO LANDHI 6,5000.0,,1,N,0
2165,2026-07-30,168,B.S AUTO QUAIDABAD,15000.0,,1,N,0
2166,2026-07-30,82,JUNAID AUTO AGRA TAJ,25000.0,,1,N,0
2167,2026-07-30,67,JAMEEL AUTOS LEE MARKET,22000.0,,1,N,0
2168,2026-07-30,242,KING AUTO BEHAR COLONY,5000.0,,1,N,0
2169,2026-07-30,310,TIGER AUTO LUCKY STAR,3000.0,,1,N,0
2170,2026-07-30,77,MALIK AUTO LINES AREA,5000.0,,1,N,0
2171,2026-07-30,116,ASIF SUPPLIER ZIP 1,10000.0,,1,N,0
2172,2026-07-30,254,WARSI AUTO NAZIMABAD,2000.0,,1,N,0
2173,2026-07-30,270,SARWAR AUTO PEOPELS CHOWRANGI,1000.0,,1,N,0
2174,2026-07-30,123,LUCKY AUTO WATER PUMP,6000.0,,1,N,0
2175,2026-07-30,178,B.S ALIYAN AUTO WATER PUMP,1000.0,,1,N,0
2176,2026-07-30,217,BISMILLAH AUTO WATER PUMP,2000.0,,1,N,0
2177,2026-07-30,161,SHAYAN AUTO U.P,10000.0,,1,N,0
2178,2026-07-30,327,AJMERI AUTO SINDHI HOTEL,2000.0,,1,N,0
2179,2026-07-30,331,M.UMAR AUTO NASIR JUMP KORANGI,10000.0,,1,N,0
2180,2026-07-30,199,SUFI BILAL COLONY KORANGI,5000.0,,8,N,0
2181,2026-07-30,144,TAJ AUTO MEHRAN TOWN 2,5000.0,,8,N,0
2182,2026-07-30,114,TAJ AUTO MEHRAN TOWN 1,5000.0,,1,N,0
2183,2026-07-30,173,B.S AUTO FARZAN BAK KORANGI,5000.0,,1,N,0
2184,2026-07-30,181,MAKKA AUTO KORANGI 3 NUMBER,3000.0,,1,N,0
2185,2026-07-30,132,ADNAN AUTO FAST,40000.0,,1,N,0
2186,2026-07-31,235,QUETTA AUTO BHAINS COLONY,20750.0,,1,N,0
2187,2026-07-31,247,RIZWAN AUTO AZEEM PURA,5000.0,,1,N,0
2188,2026-07-31,170,ABDUL HADI AUTO DRIG ROAD,4000.0,,1,N,0
2189,2026-07-31,276,REHAN AUTO SHAH FAISAL,5000.0,,1,N,0
2190,2026-07-31,148,IRFAN AUTO SHAH FAISAL,10000.0,,1,N,0
2191,2026-07-31,167,QADRI AUTO SHAH FAISAL,5000.0,,1,N,0
2192,2026-07-31,336,DEEWAN AUTO SHAH FAISAL,4000.0,,1,N,0
2193,2026-07-31,220,SHAFI AUTO MEMON GOTH,40000.0,,1,N,0
2194,2026-07-31,337,NOORANI AUTO SAFORA,69000.0,,1,N,0
2195,2026-07-31,60,RIZWAN SUPPLIER KORANGI,70000.0,,1,N,0
2196,2026-07-31,68,ARIF AUTOS LANDHI,15000.0,,1,N,0
2197,2026-07-31,57,RANA AUTOS LANDHI,20000.0,,1,N,0
2198,2026-07-31,70,UNIQUE AUTOS LANDHI,30000.0,,1,N,0
2199,2026-07-31,153,JUNAID AUTO SHAHFAISAL,20000.0,,1,N,0
2200,2026-07-31,51,NEW KAKAR AUTOS PIDC,10000.0,,1,N,0
2201,2026-07-31,293,SIDDIQUE AUTO LANDHI,5000.0,,1,N,0
2202,2026-08-01,25,AZAN AUTO BADIN,28000.0,,1,N,0
